# Blender v3.2.2 OBJ File: 'shield.blend'
# www.blender.org
mtllib shield.mtl
o shield_Icosphere.001
v 0.019555 -0.994670 0.060184
v 0.723090 -0.490627 0.479373
v -0.051196 -0.994670 0.037196
v -0.051196 -0.994670 -0.037196
v 0.019555 -0.994670 -0.060184
v 0.762201 -0.427344 0.479373
v -0.220378 -0.427345 0.873031
v -0.898404 -0.427341 0.060184
v -0.334858 -0.427345 -0.835835
v 0.691450 -0.427345 -0.576755
v 0.742647 -0.388234 0.539558
v -0.283661 -0.388234 0.873031
v -0.917960 -0.388230 0.000000
v -0.283661 -0.388234 -0.873031
v 0.742647 -0.388234 -0.539558
v 0.303216 0.490628 0.812845
v -0.679364 0.490628 0.539558
v -0.723090 0.490627 -0.479373
v 0.232464 0.490628 -0.835834
v 0.866763 0.490624 -0.037196
v 0.051196 0.994670 -0.037196
v 0.178305 0.979176 -0.040242
v 0.315475 0.943316 -0.042151
v 0.455096 0.884050 -0.043213
v 0.587190 0.802411 -0.043213
v 0.702641 0.704036 -0.042151
v 0.796059 0.597384 -0.040242
v 0.107392 0.987436 -0.078025
v 0.093371 0.979176 -0.157142
v 0.241405 0.962463 -0.082531
v 0.229577 0.954149 -0.166797
v 0.153089 0.962464 -0.204085
v 0.137573 0.943317 -0.287006
v 0.382450 0.914822 -0.085536
v 0.373222 0.905909 -0.173045
v 0.294646 0.926024 -0.214072
v 0.279907 0.905910 -0.301480
v 0.199531 0.914824 -0.337297
v 0.181727 0.884052 -0.419465
v 0.521142 0.843231 -0.086611
v 0.514785 0.832945 -0.175287
v 0.439590 0.864832 -0.219584
v 0.425799 0.843861 -0.309361
v 0.344677 0.864832 -0.350218
v 0.325783 0.832947 -0.435421
v 0.243411 0.843233 -0.468869
v 0.222546 0.802414 -0.545094
v 0.647202 0.751197 -0.085536
v 0.643355 0.738959 -0.173046
v 0.576933 0.779950 -0.219584
v 0.564342 0.758237 -0.309361
v 0.488403 0.790261 -0.354845
v 0.468610 0.758238 -0.441123
v 0.387117 0.779951 -0.480839
v 0.363381 0.738961 -0.558392
v 0.281342 0.751200 -0.589091
v 0.257212 0.704039 -0.655223
v 0.752891 0.646349 -0.082531
v 0.750742 0.632053 -0.166798
v 0.696486 0.677674 -0.214073
v 0.685086 0.655497 -0.301482
v 0.619378 0.695059 -0.350220
v 0.599307 0.663901 -0.435423
v 0.524476 0.695060 -0.480840
v 0.498427 0.655499 -0.558393
v 0.418819 0.677676 -0.596245
v 0.390623 0.632056 -0.662454
v 0.311144 0.646353 -0.690536
v 0.284264 0.597389 -0.744660
v 0.835161 0.537653 -0.078025
v 0.834042 0.521418 -0.157142
v 0.792387 0.567358 -0.204086
v 0.782200 0.544919 -0.287008
v 0.729004 0.587593 -0.337299
v 0.709443 0.557908 -0.419467
v 0.645346 0.594826 -0.468871
v 0.618167 0.557909 -0.545096
v 0.546064 0.587595 -0.589093
v 0.514673 0.544921 -0.655225
v 0.438956 0.567361 -0.690537
v 0.407182 0.521422 -0.744660
v 0.332281 0.537657 -0.770173
v 0.303216 0.490628 -0.812845
v -0.019555 0.994670 -0.060184
v 0.016826 0.979176 -0.182012
v 0.057396 0.943318 -0.313057
v 0.099531 0.884052 -0.446172
v 0.140350 0.802414 -0.571801
v 0.177035 0.704039 -0.681274
v 0.207718 0.597389 -0.769530
v -0.041021 0.987437 -0.126246
v -0.120598 0.979176 -0.137360
v -0.003895 0.962464 -0.255091
v -0.087692 0.954149 -0.269883
v -0.146790 0.962464 -0.208661
v -0.230448 0.943317 -0.219529
v 0.036831 0.914824 -0.390161
v -0.049246 0.905910 -0.408426
v -0.112546 0.926024 -0.346375
v -0.200230 0.905910 -0.359368
v -0.259131 0.914824 -0.293995
v -0.342779 0.884052 -0.302454
v 0.078666 0.843233 -0.522397
v -0.007634 0.832947 -0.543753
v -0.072999 0.864833 -0.485927
v -0.162643 0.843862 -0.500554
v -0.226568 0.864833 -0.436029
v -0.313439 0.832947 -0.444389
v -0.370704 0.843233 -0.376386
v -0.449646 0.802414 -0.380097
v 0.118642 0.751201 -0.641954
v 0.034228 0.738961 -0.665338
v -0.030559 0.779952 -0.616548
v -0.119832 0.758239 -0.632317
v -0.186556 0.790262 -0.574149
v -0.274727 0.758239 -0.581987
v -0.337681 0.779952 -0.516756
v -0.418772 0.738961 -0.518147
v -0.473320 0.751200 -0.449611
v -0.543672 0.704039 -0.447098
v 0.154160 0.646353 -0.741543
v 0.073353 0.632056 -0.765540
v 0.011626 0.677677 -0.728547
v -0.075026 0.655499 -0.744716
v -0.141684 0.695061 -0.697285
v -0.228919 0.663902 -0.704526
v -0.295236 0.695060 -0.647392
v -0.377043 0.655499 -0.646584
v -0.437642 0.677677 -0.582569
v -0.509323 0.632056 -0.576214
v -0.560591 0.646353 -0.509302
v -0.620372 0.597388 -0.500463
v 0.183867 0.537657 -0.818394
v 0.108277 0.521422 -0.841779
v 0.050758 0.567362 -0.816669
v -0.031253 0.544922 -0.832604
v -0.095520 0.587596 -0.797553
v -0.179712 0.557910 -0.804340
v -0.246504 0.594827 -0.758647
v -0.327397 0.557910 -0.756354
v -0.391520 0.587596 -0.701375
v -0.464116 0.544922 -0.691956
v -0.521097 0.567361 -0.630858
v -0.582390 0.521422 -0.617364
v -0.629798 0.537656 -0.554014
v -0.679364 0.490628 -0.539558
v -0.063282 0.994670 0.000000
v -0.167905 0.979176 -0.072247
v -0.279999 0.943317 -0.151328
v -0.393578 0.884051 -0.232535
v -0.500445 0.802414 -0.310177
v -0.593223 0.704039 -0.378896
v -0.667679 0.597388 -0.435350
v -0.132744 0.987436 0.000000
v -0.167905 0.979176 0.072247
v -0.243811 0.962463 -0.075124
v -0.283773 0.954149 0.000000
v -0.243811 0.962463 0.075124
v -0.279999 0.943317 0.151328
v -0.359684 0.914823 -0.155596
v -0.403656 0.905910 -0.079376
v -0.364202 0.926024 0.000000
v -0.403656 0.905910 0.079376
v -0.359684 0.914823 0.155596
v -0.393579 0.884051 0.232535
v -0.472521 0.843233 -0.236246
v -0.519500 0.832946 -0.160770
v -0.484703 0.864832 -0.080736
v -0.526316 0.843861 0.000000
v -0.484703 0.864832 0.080736
v -0.519500 0.832946 0.160770
v -0.472521 0.843233 0.236246
v -0.500445 0.802414 0.310177
v -0.573873 0.751200 -0.311211
v -0.622198 0.738960 -0.238154
v -0.595816 0.779951 -0.161462
v -0.638400 0.758237 -0.081432
v -0.603699 0.790261 0.000000
v -0.638400 0.758237 0.081432
v -0.595816 0.779951 0.161463
v -0.622198 0.738960 0.238154
v -0.573873 0.751200 0.311211
v -0.593223 0.704039 0.378896
v -0.657612 0.646352 -0.375764
v -0.705405 0.632055 -0.306329
v -0.689298 0.677676 -0.236192
v -0.731453 0.655498 -0.158778
v -0.706941 0.695059 -0.080727
v -0.740785 0.663901 0.000000
v -0.706941 0.695059 0.080727
v -0.731453 0.655498 0.158778
v -0.689298 0.677676 0.236192
v -0.705405 0.632055 0.306329
v -0.657612 0.646352 0.375764
v -0.667679 0.597388 0.435350
v -0.721522 0.537656 -0.427766
v -0.767121 0.521421 -0.363102
v -0.761013 0.567360 -0.300640
v -0.801512 0.544920 -0.227567
v -0.788036 0.587594 -0.155615
v -0.820508 0.557908 -0.077642
v -0.797692 0.594826 -0.000000
v -0.820508 0.557908 0.077642
v -0.788036 0.587594 0.155615
v -0.801512 0.544920 0.227567
v -0.761013 0.567360 0.300640
v -0.767121 0.521421 0.363102
v -0.721522 0.537656 0.427766
v -0.723090 0.490627 0.479373
v -0.019555 0.994670 0.060184
v -0.120598 0.979176 0.137360
v -0.230448 0.943317 0.219529
v -0.342779 0.884052 0.302454
v -0.449646 0.802414 0.380097
v -0.543672 0.704039 0.447098
v -0.620372 0.597388 0.500463
v -0.041021 0.987437 0.126246
v 0.016826 0.979176 0.182012
v -0.146790 0.962464 0.208661
v -0.087692 0.954149 0.269883
v -0.003895 0.962464 0.255091
v 0.057396 0.943317 0.313057
v -0.259131 0.914824 0.293995
v -0.200230 0.905910 0.359368
v -0.112546 0.926024 0.346375
v -0.049246 0.905910 0.408426
v 0.036831 0.914824 0.390161
v 0.099531 0.884052 0.446172
v -0.370704 0.843233 0.376386
v -0.313439 0.832947 0.444389
v -0.226568 0.864833 0.436029
v -0.162643 0.843862 0.500554
v -0.072999 0.864833 0.485927
v -0.007634 0.832947 0.543753
v 0.078666 0.843233 0.522397
v 0.140350 0.802414 0.571801
v -0.473320 0.751200 0.449611
v -0.418772 0.738961 0.518147
v -0.337681 0.779952 0.516756
v -0.274727 0.758239 0.581987
v -0.186556 0.790262 0.574149
v -0.119832 0.758239 0.632316
v -0.030559 0.779952 0.616548
v 0.034228 0.738961 0.665338
v 0.118642 0.751201 0.641954
v 0.177035 0.704039 0.681274
v -0.560591 0.646353 0.509302
v -0.509323 0.632056 0.576213
v -0.437642 0.677677 0.582569
v -0.377043 0.655499 0.646584
v -0.295236 0.695061 0.647392
v -0.228919 0.663902 0.704526
v -0.141684 0.695061 0.697285
v -0.075026 0.655499 0.744716
v 0.011626 0.677677 0.728547
v 0.073353 0.632056 0.765540
v 0.154160 0.646353 0.741543
v 0.207718 0.597389 0.769530
v -0.629798 0.537656 0.554014
v -0.582390 0.521422 0.617364
v -0.521097 0.567361 0.630858
v -0.464116 0.544922 0.691956
v -0.391520 0.587596 0.701375
v -0.327397 0.557910 0.756353
v -0.246504 0.594827 0.758647
v -0.179712 0.557910 0.804340
v -0.095520 0.587596 0.797553
v -0.031253 0.544922 0.832604
v 0.050758 0.567362 0.816669
v 0.108277 0.521422 0.841779
v 0.183867 0.537657 0.818394
v 0.232464 0.490628 0.835833
v 0.051196 0.994670 0.037196
v 0.093371 0.979176 0.157142
v 0.137573 0.943317 0.287006
v 0.181727 0.884052 0.419465
v 0.222546 0.802414 0.545094
v 0.257212 0.704039 0.655223
v 0.284264 0.597388 0.744660
v 0.107392 0.987436 0.078025
v 0.178305 0.979176 0.040242
v 0.153089 0.962464 0.204085
v 0.229577 0.954149 0.166797
v 0.241405 0.962463 0.082531
v 0.315475 0.943316 0.042151
v 0.199531 0.914824 0.337297
v 0.279907 0.905910 0.301480
v 0.294646 0.926023 0.214072
v 0.373222 0.905909 0.173045
v 0.382450 0.914822 0.085536
v 0.455096 0.884050 0.043213
v 0.243411 0.843233 0.468869
v 0.325783 0.832947 0.435421
v 0.344677 0.864832 0.350218
v 0.425799 0.843861 0.309361
v 0.439590 0.864832 0.219584
v 0.514785 0.832945 0.175287
v 0.521143 0.843231 0.086611
v 0.587190 0.802411 0.043213
v 0.281342 0.751201 0.589091
v 0.363381 0.738961 0.558392
v 0.387117 0.779951 0.480839
v 0.468610 0.758238 0.441123
v 0.488403 0.790261 0.354845
v 0.564342 0.758237 0.309361
v 0.576932 0.779950 0.219584
v 0.643355 0.738959 0.173046
v 0.647202 0.751197 0.085536
v 0.702641 0.704036 0.042151
v 0.311144 0.646353 0.690536
v 0.390623 0.632056 0.662454
v 0.418819 0.677676 0.596245
v 0.498427 0.655499 0.558393
v 0.524476 0.695060 0.480840
v 0.599307 0.663901 0.435423
v 0.619378 0.695059 0.350220
v 0.685086 0.655497 0.301482
v 0.696486 0.677674 0.214073
v 0.750743 0.632053 0.166798
v 0.752891 0.646349 0.082531
v 0.796059 0.597384 0.040242
v 0.332281 0.537657 0.770173
v 0.407182 0.521422 0.744660
v 0.438956 0.567361 0.690537
v 0.514673 0.544921 0.655225
v 0.546064 0.587595 0.589093
v 0.618167 0.557909 0.545096
v 0.645346 0.594826 0.468871
v 0.709443 0.557908 0.419467
v 0.729004 0.587593 0.337299
v 0.782200 0.544919 0.287008
v 0.792387 0.567358 0.204086
v 0.834042 0.521418 0.157142
v 0.835161 0.537653 0.078025
v 0.866763 0.490624 0.037196
v 0.898404 0.427341 -0.060184
v 0.929734 0.330036 -0.137360
v 0.946788 0.215745 -0.219530
v 0.944015 0.088767 -0.302456
v 0.918788 -0.043329 -0.380098
v 0.872847 -0.171425 -0.447099
v 0.811756 -0.287724 -0.500464
v 0.901534 0.404907 -0.126247
v 0.868275 0.452954 -0.182013
v 0.926500 0.299135 -0.208662
v 0.892632 0.348277 -0.269884
v 0.862593 0.426947 -0.255092
v 0.818057 0.473206 -0.313058
v 0.934130 0.177347 -0.293996
v 0.899815 0.226045 -0.359370
v 0.878592 0.313469 -0.346376
v 0.832292 0.361092 -0.408428
v 0.801768 0.442070 -0.390162
v 0.746203 0.484390 -0.446174
v 0.919994 0.045535 -0.376387
v 0.885184 0.092155 -0.444392
v 0.874853 0.184117 -0.436031
v 0.827507 0.231916 -0.500557
v 0.806173 0.321477 -0.485930
v 0.748420 0.365683 -0.543756
v 0.719024 0.447473 -0.522399
v 0.654928 0.484390 -0.571803
v 0.883568 -0.087408 -0.449613
v 0.848226 -0.044091 -0.518150
v 0.848624 0.046772 -0.516759
v 0.801048 0.093371 -0.581991
v 0.790259 0.186557 -0.574153
v 0.731775 0.231917 -0.632321
v 0.711271 0.321477 -0.616551
v 0.645633 0.361094 -0.665342
v 0.618828 0.442071 -0.641957
v 0.550530 0.473209 -0.681276
v 0.828817 -0.212357 -0.509304
v 0.793101 -0.172894 -0.576216
v 0.801849 -0.088376 -0.582572
v 0.754911 -0.044091 -0.646588
v 0.753711 0.046772 -0.647396
v 0.696183 0.092156 -0.704531
v 0.685038 0.184118 -0.697290
v 0.619842 0.226047 -0.744721
v 0.600925 0.313471 -0.728551
v 0.532514 0.348279 -0.765543
v 0.509164 0.426950 -0.741545
v 0.441415 0.452957 -0.769532
v 0.762545 -0.322868 -0.554015
v 0.726822 -0.287725 -0.617366
v 0.740501 -0.212357 -0.630861
v 0.694947 -0.171426 -0.691960
v 0.700650 -0.087408 -0.701379
v 0.645421 -0.043329 -0.756358
v 0.642264 0.045535 -0.758652
v 0.579372 0.088767 -0.804345
v 0.568272 0.177348 -0.797558
v 0.501361 0.215747 -0.832609
v 0.484754 0.299137 -0.816672
v 0.417940 0.330039 -0.841782
v 0.398655 0.404911 -0.818396
v 0.334858 0.427345 -0.835834
v 0.220378 0.427345 -0.873031
v 0.156661 0.330039 -0.926676
v 0.083783 0.215747 -0.968287
v 0.004059 0.088767 -0.991275
v -0.077578 -0.043330 -0.991276
v -0.155495 -0.171426 -0.968288
v -0.225126 -0.287725 -0.926677
v 0.158516 0.404911 -0.896422
v 0.095201 0.452957 -0.882023
v 0.087849 0.299137 -0.945633
v 0.019158 0.348279 -0.932342
v 0.023943 0.426950 -0.899202
v -0.044949 0.473209 -0.874757
v 0.009050 0.177348 -0.979260
v -0.063728 0.226046 -0.966826
v -0.057929 0.313470 -0.942626
v -0.131252 0.361094 -0.917766
v -0.123312 0.442072 -0.883092
v -0.193753 0.484391 -0.847554
v -0.073677 0.045535 -0.991276
v -0.149109 0.092155 -0.979183
v -0.144351 0.184117 -0.966775
v -0.220349 0.231917 -0.941685
v -0.213031 0.321477 -0.916875
v -0.285873 0.365683 -0.879817
v -0.274646 0.447474 -0.845261
v -0.341438 0.484391 -0.799567
v -0.154574 -0.087408 -0.979260
v -0.230677 -0.044092 -0.966827
v -0.229232 0.046772 -0.966775
v -0.305973 0.093371 -0.941686
v -0.301853 0.186557 -0.929003
v -0.375245 0.231917 -0.891356
v -0.366585 0.321477 -0.866982
v -0.433270 0.361094 -0.819634
v -0.419313 0.442072 -0.786914
v -0.477812 0.473209 -0.734109
v -0.228261 -0.212357 -0.945634
v -0.302935 -0.172894 -0.932343
v -0.306277 -0.088377 -0.942627
v -0.381663 -0.044092 -0.917769
v -0.382803 0.046772 -0.916877
v -0.454918 0.092156 -0.879820
v -0.451476 0.184117 -0.866983
v -0.516732 0.226046 -0.819635
v -0.507200 0.313470 -0.796647
v -0.563521 0.348279 -0.743016
v -0.547914 0.426950 -0.713391
v -0.595466 0.452957 -0.657607
v -0.291262 -0.322869 -0.896423
v -0.362551 -0.287725 -0.882025
v -0.371159 -0.212357 -0.899204
v -0.443344 -0.171426 -0.874761
v -0.450540 -0.087409 -0.883095
v -0.519894 -0.043330 -0.847558
v -0.523052 0.045535 -0.845265
v -0.585943 0.088767 -0.799572
v -0.582918 0.177348 -0.786917
v -0.636930 0.215747 -0.734112
v -0.626905 0.299137 -0.713393
v -0.671432 0.330039 -0.657609
v -0.655151 0.404911 -0.632041
v -0.691450 0.427345 -0.576755
v -0.762201 0.427344 -0.479373
v -0.832912 0.330038 -0.435351
v -0.895007 0.215746 -0.378897
v -0.941506 0.088767 -0.310178
v -0.966733 -0.043329 -0.232536
v -0.968948 -0.171424 -0.151328
v -0.950891 -0.287722 -0.072247
v -0.803564 0.404910 -0.427767
v -0.809435 0.452956 -0.363102
v -0.872205 0.299136 -0.375765
v -0.880790 0.348278 -0.306329
v -0.847793 0.426948 -0.300640
v -0.845834 0.473207 -0.227568
v -0.928536 0.177347 -0.311212
v -0.939200 0.226045 -0.238155
v -0.914392 0.313469 -0.236193
v -0.913407 0.361092 -0.158778
v -0.877976 0.442070 -0.155615
v -0.865946 0.484390 -0.077642
v -0.965527 0.045535 -0.236247
v -0.977337 0.092155 -0.160771
v -0.964065 0.184116 -0.161463
v -0.963688 0.231916 -0.081433
v -0.937831 0.321476 -0.080727
v -0.925096 0.365682 0.000000
v -0.888762 0.447472 -0.000000
v -0.865945 0.484390 0.077642
v -0.979099 -0.087407 -0.155596
v -0.990791 -0.044091 -0.079376
v -0.990295 0.046772 -0.080736
v -0.990147 0.093372 0.000000
v -0.976812 0.186557 0.000000
v -0.963687 0.231916 0.081433
v -0.937830 0.321476 0.080727
v -0.913407 0.361093 0.158779
v -0.877976 0.442070 0.155615
v -0.845833 0.473208 0.227568
v -0.969889 -0.212355 -0.075124
v -0.980324 -0.172892 0.000000
v -0.991137 -0.088375 0.000000
v -0.990791 -0.044090 0.079377
v -0.990295 0.046773 0.080737
v -0.977336 0.092156 0.160772
v -0.964064 0.184117 0.161464
v -0.939200 0.226046 0.238156
v -0.914392 0.313470 0.236193
v -0.880790 0.348279 0.306330
v -0.847793 0.426949 0.300640
v -0.809435 0.452956 0.363102
v -0.942555 -0.322865 0.000000
v -0.950891 -0.287722 0.072248
v -0.969889 -0.212355 0.075125
v -0.968948 -0.171424 0.151328
v -0.979099 -0.087407 0.155597
v -0.966733 -0.043329 0.232536
v -0.965527 0.045536 0.236248
v -0.941506 0.088767 0.310179
v -0.928536 0.177348 0.311213
v -0.895007 0.215747 0.378897
v -0.872205 0.299136 0.375765
v -0.832912 0.330038 0.435351
v -0.803564 0.404910 0.427767
v -0.762202 0.427344 0.479373
v -0.691450 0.427345 0.576755
v -0.671433 0.330039 0.657609
v -0.636930 0.215747 0.734112
v -0.585943 0.088767 0.799571
v -0.519895 -0.043330 0.847558
v -0.443344 -0.171426 0.874761
v -0.362551 -0.287725 0.882025
v -0.655151 0.404911 0.632041
v -0.595466 0.452957 0.657607
v -0.626906 0.299137 0.713393
v -0.563521 0.348279 0.743015
v -0.547914 0.426950 0.713391
v -0.477812 0.473209 0.734109
v -0.582919 0.177348 0.786916
v -0.516733 0.226046 0.819635
v -0.507200 0.313470 0.796647
v -0.433270 0.361093 0.819633
v -0.419313 0.442071 0.786914
v -0.341438 0.484391 0.799567
v -0.523053 0.045535 0.845264
v -0.454919 0.092155 0.879819
v -0.451477 0.184117 0.866983
v -0.375246 0.231916 0.891356
v -0.366585 0.321477 0.866982
v -0.285874 0.365683 0.879817
v -0.274646 0.447474 0.845261
v -0.193753 0.484391 0.847554
v -0.450541 -0.087409 0.883095
v -0.381664 -0.044092 0.917769
v -0.382804 0.046772 0.916877
v -0.305973 0.093371 0.941686
v -0.301853 0.186557 0.929003
v -0.220350 0.231916 0.941685
v -0.213032 0.321477 0.916875
v -0.131253 0.361093 0.917766
v -0.123313 0.442071 0.883092
v -0.044949 0.473209 0.874757
v -0.371159 -0.212357 0.899204
v -0.302935 -0.172894 0.932343
v -0.306277 -0.088377 0.942627
v -0.230678 -0.044092 0.966827
v -0.229233 0.046772 0.966775
v -0.149110 0.092155 0.979183
v -0.144351 0.184117 0.966775
v -0.063729 0.226046 0.966826
v -0.057930 0.313470 0.942626
v 0.019158 0.348279 0.932342
v 0.023942 0.426950 0.899202
v 0.095201 0.452957 0.882023
v -0.291262 -0.322869 0.896423
v -0.225126 -0.287725 0.926677
v -0.228261 -0.212357 0.945634
v -0.155496 -0.171426 0.968288
v -0.154574 -0.087408 0.979260
v -0.077578 -0.043330 0.991276
v -0.073677 0.045535 0.991276
v 0.004059 0.088767 0.991275
v 0.009049 0.177348 0.979260
v 0.083782 0.215747 0.968287
v 0.087849 0.299137 0.945634
v 0.156661 0.330039 0.926676
v 0.158516 0.404911 0.896422
v 0.220378 0.427345 0.873031
v 0.334858 0.427345 0.835834
v 0.417940 0.330039 0.841782
v 0.501360 0.215747 0.832609
v 0.579372 0.088767 0.804345
v 0.645421 -0.043330 0.756358
v 0.694947 -0.171426 0.691960
v 0.726822 -0.287725 0.617367
v 0.398655 0.404911 0.818396
v 0.441415 0.452957 0.769532
v 0.484754 0.299137 0.816672
v 0.532514 0.348279 0.765543
v 0.509163 0.426950 0.741545
v 0.550530 0.473208 0.681276
v 0.568272 0.177348 0.797558
v 0.619842 0.226046 0.744721
v 0.600925 0.313470 0.728552
v 0.645633 0.361093 0.665343
v 0.618828 0.442071 0.641958
v 0.654928 0.484390 0.571804
v 0.642263 0.045535 0.758652
v 0.696182 0.092155 0.704531
v 0.685038 0.184116 0.697290
v 0.731775 0.231915 0.632321
v 0.711271 0.321476 0.616552
v 0.748420 0.365682 0.543757
v 0.719024 0.447472 0.522400
v 0.746203 0.484389 0.446174
v 0.700650 -0.087409 0.701380
v 0.754911 -0.044093 0.646588
v 0.753710 0.046771 0.647397
v 0.801047 0.093370 0.581992
v 0.790259 0.186555 0.574154
v 0.827506 0.231915 0.500558
v 0.806173 0.321475 0.485931
v 0.832292 0.361091 0.408429
v 0.801768 0.442069 0.390163
v 0.818057 0.473206 0.313058
v 0.740501 -0.212358 0.630861
v 0.793100 -0.172895 0.576217
v 0.801848 -0.088378 0.582573
v 0.848225 -0.044093 0.518151
v 0.848623 0.046770 0.516761
v 0.885183 0.092153 0.444393
v 0.874853 0.184115 0.436032
v 0.899815 0.226043 0.359371
v 0.878592 0.313467 0.346377
v 0.892632 0.348276 0.269885
v 0.862593 0.426946 0.255093
v 0.868275 0.452953 0.182013
v 0.762544 -0.322869 0.554016
v 0.811755 -0.287725 0.500465
v 0.828816 -0.212357 0.509305
v 0.872847 -0.171426 0.447100
v 0.883567 -0.087409 0.449614
v 0.918787 -0.043330 0.380099
v 0.919993 0.045534 0.376388
v 0.944015 0.088766 0.302456
v 0.934130 0.177346 0.293997
v 0.946788 0.215745 0.219531
v 0.926500 0.299134 0.208663
v 0.929734 0.330036 0.137361
v 0.901534 0.404907 0.126247
v 0.898404 0.427341 0.060184
v 0.283661 0.388234 -0.873031
v 0.362551 0.287725 -0.882025
v 0.443344 0.171426 -0.874761
v 0.519895 0.043330 -0.847558
v 0.585943 -0.088767 -0.799571
v 0.636930 -0.215747 -0.734111
v 0.671433 -0.330039 -0.657609
v 0.291262 0.322869 -0.896423
v 0.225126 0.287725 -0.926677
v 0.371159 0.212357 -0.899204
v 0.302935 0.172894 -0.932343
v 0.228261 0.212357 -0.945634
v 0.155496 0.171426 -0.968288
v 0.450541 0.087408 -0.883095
v 0.381664 0.044092 -0.917769
v 0.306277 0.088376 -0.942627
v 0.230678 0.044092 -0.966827
v 0.154574 0.087408 -0.979260
v 0.077578 0.043329 -0.991276
v 0.523053 -0.045535 -0.845264
v 0.454919 -0.092156 -0.879820
v 0.382804 -0.046772 -0.916877
v 0.305973 -0.093372 -0.941686
v 0.229233 -0.046772 -0.966775
v 0.149110 -0.092156 -0.979183
v 0.073677 -0.045535 -0.991276
v -0.004059 -0.088767 -0.991275
v 0.582919 -0.177348 -0.786916
v 0.516733 -0.226047 -0.819635
v 0.451477 -0.184118 -0.866983
v 0.375246 -0.231917 -0.891355
v 0.301853 -0.186558 -0.929003
v 0.220350 -0.231917 -0.941685
v 0.144351 -0.184118 -0.966775
v 0.063729 -0.226046 -0.966826
v -0.009049 -0.177348 -0.979260
v -0.083782 -0.215747 -0.968287
v 0.626906 -0.299137 -0.713393
v 0.563521 -0.348279 -0.743015
v 0.507200 -0.313471 -0.796647
v 0.433270 -0.361094 -0.819633
v 0.366585 -0.321478 -0.866982
v 0.285874 -0.365684 -0.879817
v 0.213031 -0.321478 -0.916875
v 0.131252 -0.361094 -0.917766
v 0.057930 -0.313471 -0.942626
v -0.019158 -0.348279 -0.932342
v -0.087849 -0.299137 -0.945633
v -0.156661 -0.330039 -0.926676
v 0.655151 -0.404911 -0.632041
v 0.595466 -0.452957 -0.657607
v 0.547914 -0.426950 -0.713391
v 0.477812 -0.473209 -0.734109
v 0.419313 -0.442072 -0.786913
v 0.341438 -0.484391 -0.799568
v 0.274646 -0.447474 -0.845261
v 0.193753 -0.484391 -0.847554
v 0.123313 -0.442072 -0.883092
v 0.044949 -0.473209 -0.874757
v -0.023943 -0.426950 -0.899202
v -0.095201 -0.452957 -0.882023
v -0.158516 -0.404911 -0.896422
v -0.220378 -0.427345 -0.873031
v -0.742647 0.388234 -0.539558
v -0.726822 0.287725 -0.617367
v -0.694947 0.171426 -0.691960
v -0.645420 0.043329 -0.756358
v -0.579372 -0.088767 -0.804345
v -0.501360 -0.215747 -0.832609
v -0.417940 -0.330039 -0.841782
v -0.762545 0.322868 -0.554015
v -0.811755 0.287724 -0.500465
v -0.740501 0.212357 -0.630861
v -0.793100 0.172894 -0.576217
v -0.828816 0.212356 -0.509304
v -0.872847 0.171425 -0.447100
v -0.700650 0.087408 -0.701380
v -0.754911 0.044091 -0.646588
v -0.801848 0.088376 -0.582573
v -0.848225 0.044091 -0.518151
v -0.883567 0.087408 -0.449614
v -0.918787 0.043329 -0.380099
v -0.642263 -0.045535 -0.758653
v -0.696182 -0.092156 -0.704532
v -0.753710 -0.046772 -0.647397
v -0.801047 -0.093372 -0.581993
v -0.848623 -0.046772 -0.516761
v -0.885183 -0.092156 -0.444393
v -0.919993 -0.045535 -0.376388
v -0.944015 -0.088767 -0.302456
v -0.568271 -0.177348 -0.797558
v -0.619841 -0.226046 -0.744722
v -0.685037 -0.184117 -0.697291
v -0.731774 -0.231917 -0.632322
v -0.790258 -0.186557 -0.574155
v -0.827505 -0.231916 -0.500559
v -0.874852 -0.184117 -0.436033
v -0.899815 -0.226045 -0.359371
v -0.934129 -0.177347 -0.293997
v -0.946788 -0.215745 -0.219531
v -0.484753 -0.299137 -0.816673
v -0.532513 -0.348279 -0.765544
v -0.600924 -0.313470 -0.728553
v -0.645632 -0.361093 -0.665344
v -0.711269 -0.321477 -0.616553
v -0.748418 -0.365683 -0.543758
v -0.806171 -0.321477 -0.485932
v -0.832290 -0.361092 -0.408430
v -0.878591 -0.313469 -0.346378
v -0.892632 -0.348277 -0.269885
v -0.926499 -0.299135 -0.208663
v -0.929734 -0.330036 -0.137361
v -0.398655 -0.404911 -0.818397
v -0.441415 -0.452957 -0.769532
v -0.509163 -0.426950 -0.741546
v -0.550530 -0.473209 -0.681276
v -0.618827 -0.442071 -0.641958
v -0.654927 -0.484390 -0.571804
v -0.719023 -0.447473 -0.522401
v -0.746202 -0.484390 -0.446175
v -0.801767 -0.442070 -0.390164
v -0.818057 -0.473206 -0.313059
v -0.862593 -0.426947 -0.255093
v -0.868275 -0.452954 -0.182013
v -0.901534 -0.404907 -0.126247
v -0.898404 -0.427341 -0.060184
v -0.742647 0.388234 0.539558
v -0.811755 0.287724 0.500464
v -0.872847 0.171425 0.447100
v -0.918788 0.043329 0.380099
v -0.944015 -0.088767 0.302456
v -0.946788 -0.215745 0.219531
v -0.929734 -0.330036 0.137361
v -0.762545 0.322868 0.554015
v -0.726822 0.287725 0.617366
v -0.828816 0.212357 0.509304
v -0.793101 0.172894 0.576217
v -0.740501 0.212357 0.630861
v -0.694947 0.171426 0.691960
v -0.883567 0.087408 0.449614
v -0.848225 0.044091 0.518151
v -0.801848 0.088376 0.582573
v -0.754911 0.044092 0.646588
v -0.700650 0.087408 0.701380
v -0.645421 0.043329 0.756358
v -0.919993 -0.045535 0.376388
v -0.885183 -0.092156 0.444393
v -0.848623 -0.046772 0.516760
v -0.801047 -0.093371 0.581993
v -0.753710 -0.046772 0.647397
v -0.696182 -0.092156 0.704531
v -0.642263 -0.045535 0.758652
v -0.579372 -0.088767 0.804345
v -0.934129 -0.177347 0.293997
v -0.899815 -0.226045 0.359371
v -0.874852 -0.184117 0.436033
v -0.827505 -0.231916 0.500559
v -0.790258 -0.186557 0.574155
v -0.731774 -0.231917 0.632322
v -0.685037 -0.184117 0.697291
v -0.619841 -0.226046 0.744722
v -0.568271 -0.177348 0.797558
v -0.501360 -0.215747 0.832609
v -0.926499 -0.299135 0.208663
v -0.892632 -0.348277 0.269885
v -0.878591 -0.313469 0.346378
v -0.832290 -0.361092 0.408430
v -0.806171 -0.321477 0.485932
v -0.748418 -0.365683 0.543758
v -0.711269 -0.321477 0.616553
v -0.645632 -0.361093 0.665344
v -0.600924 -0.313470 0.728553
v -0.532513 -0.348279 0.765544
v -0.484753 -0.299137 0.816673
v -0.417940 -0.330039 0.841782
v -0.901534 -0.404907 0.126247
v -0.868275 -0.452954 0.182013
v -0.862593 -0.426947 0.255093
v -0.818057 -0.473206 0.313059
v -0.801767 -0.442070 0.390164
v -0.746202 -0.484390 0.446175
v -0.719023 -0.447473 0.522401
v -0.654927 -0.484390 0.571804
v -0.618827 -0.442071 0.641958
v -0.550530 -0.473209 0.681276
v -0.509163 -0.426950 0.741546
v -0.441415 -0.452957 0.769532
v -0.398655 -0.404911 0.818397
v -0.334858 -0.427345 0.835835
v 0.283661 0.388234 0.873031
v 0.225126 0.287725 0.926677
v 0.155496 0.171426 0.968288
v 0.077578 0.043329 0.991276
v -0.004059 -0.088767 0.991275
v -0.083782 -0.215747 0.968287
v -0.156661 -0.330039 0.926676
v 0.291262 0.322869 0.896423
v 0.362551 0.287725 0.882025
v 0.228261 0.212357 0.945634
v 0.302935 0.172894 0.932343
v 0.371159 0.212357 0.899204
v 0.443344 0.171426 0.874761
v 0.154574 0.087408 0.979260
v 0.230678 0.044092 0.966827
v 0.306277 0.088376 0.942627
v 0.381664 0.044092 0.917769
v 0.450540 0.087408 0.883095
v 0.519895 0.043329 0.847558
v 0.073677 -0.045535 0.991276
v 0.149110 -0.092156 0.979183
v 0.229233 -0.046772 0.966775
v 0.305973 -0.093372 0.941686
v 0.382804 -0.046772 0.916877
v 0.454919 -0.092156 0.879820
v 0.523052 -0.045535 0.845264
v 0.585943 -0.088767 0.799571
v -0.009049 -0.177348 0.979260
v 0.063729 -0.226046 0.966826
v 0.144351 -0.184118 0.966775
v 0.220350 -0.231917 0.941685
v 0.301853 -0.186558 0.929003
v 0.375246 -0.231917 0.891355
v 0.451477 -0.184118 0.866983
v 0.516732 -0.226047 0.819635
v 0.582919 -0.177348 0.786916
v 0.636930 -0.215747 0.734112
v -0.087849 -0.299137 0.945633
v -0.019158 -0.348279 0.932342
v 0.057930 -0.313471 0.942625
v 0.131252 -0.361094 0.917766
v 0.213031 -0.321478 0.916875
v 0.285874 -0.365684 0.879817
v 0.366585 -0.321478 0.866982
v 0.433270 -0.361094 0.819633
v 0.507200 -0.313471 0.796647
v 0.563521 -0.348279 0.743015
v 0.626906 -0.299137 0.713393
v 0.671433 -0.330039 0.657609
v -0.158516 -0.404911 0.896422
v -0.095201 -0.452957 0.882023
v -0.023943 -0.426950 0.899202
v 0.044949 -0.473209 0.874757
v 0.123313 -0.442072 0.883091
v 0.193753 -0.484391 0.847554
v 0.274646 -0.447474 0.845261
v 0.341438 -0.484391 0.799567
v 0.419313 -0.442072 0.786914
v 0.477812 -0.473209 0.734109
v 0.547914 -0.426950 0.713391
v 0.595466 -0.452957 0.657607
v 0.655151 -0.404911 0.632041
v 0.691450 -0.427345 0.576755
v 0.917960 0.388230 0.000000
v 0.950891 0.287722 0.072248
v 0.968948 0.171424 0.151328
v 0.966733 0.043329 0.232536
v 0.941506 -0.088767 0.310178
v 0.895007 -0.215746 0.378897
v 0.832912 -0.330038 0.435351
v 0.942555 0.322866 0.000000
v 0.950891 0.287722 -0.072248
v 0.969889 0.212355 0.075124
v 0.980324 0.172892 0.000000
v 0.969889 0.212355 -0.075124
v 0.968948 0.171424 -0.151328
v 0.979098 0.087407 0.155596
v 0.990791 0.044091 0.079377
v 0.991137 0.088376 0.000000
v 0.990791 0.044091 -0.079377
v 0.979098 0.087408 -0.155596
v 0.966733 0.043329 -0.232536
v 0.965527 -0.045535 0.236247
v 0.977337 -0.092155 0.160771
v 0.990295 -0.046772 0.080736
v 0.990147 -0.093371 0.000000
v 0.990295 -0.046772 -0.080736
v 0.977337 -0.092155 -0.160771
v 0.965527 -0.045535 -0.236247
v 0.941506 -0.088767 -0.310178
v 0.928536 -0.177347 0.311212
v 0.939200 -0.226045 0.238155
v 0.964065 -0.184116 0.161463
v 0.963687 -0.231916 0.081433
v 0.976812 -0.186556 0.000000
v 0.963688 -0.231916 -0.081433
v 0.964065 -0.184116 -0.161463
v 0.939200 -0.226045 -0.238155
v 0.928536 -0.177347 -0.311212
v 0.895007 -0.215746 -0.378897
v 0.872205 -0.299136 0.375765
v 0.880790 -0.348278 0.306329
v 0.914392 -0.313469 0.236193
v 0.913407 -0.361092 0.158778
v 0.937830 -0.321476 0.080727
v 0.925096 -0.365682 0.000000
v 0.937831 -0.321476 -0.080727
v 0.913407 -0.361092 -0.158778
v 0.914392 -0.313469 -0.236193
v 0.880790 -0.348278 -0.306329
v 0.872205 -0.299136 -0.375765
v 0.832912 -0.330038 -0.435351
v 0.803564 -0.404910 0.427767
v 0.809435 -0.452956 0.363102
v 0.847793 -0.426949 0.300640
v 0.845834 -0.473207 0.227568
v 0.877976 -0.442070 0.155615
v 0.865946 -0.484390 0.077642
v 0.888762 -0.447472 0.000000
v 0.865945 -0.484390 -0.077642
v 0.877976 -0.442070 -0.155615
v 0.845834 -0.473208 -0.227568
v 0.847793 -0.426949 -0.300640
v 0.809435 -0.452956 -0.363102
v 0.803564 -0.404910 -0.427767
v 0.762201 -0.427344 -0.479373
v 0.679364 -0.490628 -0.539558
v 0.620372 -0.597388 -0.500463
v 0.543672 -0.704039 -0.447098
v 0.449646 -0.802414 -0.380097
v 0.342779 -0.884051 -0.302455
v 0.230447 -0.943317 -0.219530
v 0.120598 -0.979176 -0.137360
v 0.629798 -0.537656 -0.554014
v 0.582390 -0.521422 -0.617364
v 0.560591 -0.646353 -0.509302
v 0.509323 -0.632056 -0.576214
v 0.521097 -0.567361 -0.630858
v 0.464116 -0.544922 -0.691956
v 0.473320 -0.751200 -0.449611
v 0.418772 -0.738961 -0.518148
v 0.437642 -0.677676 -0.582569
v 0.377043 -0.655499 -0.646584
v 0.391520 -0.587595 -0.701376
v 0.327397 -0.557910 -0.756354
v 0.370704 -0.843233 -0.376386
v 0.313439 -0.832947 -0.444390
v 0.337681 -0.779951 -0.516757
v 0.274726 -0.758238 -0.581988
v 0.295236 -0.695060 -0.647393
v 0.228918 -0.663901 -0.704527
v 0.246504 -0.594827 -0.758648
v 0.179712 -0.557910 -0.804340
v 0.259131 -0.914823 -0.293996
v 0.200230 -0.905910 -0.359369
v 0.226568 -0.864832 -0.436030
v 0.162642 -0.843861 -0.500556
v 0.186556 -0.790262 -0.574151
v 0.119831 -0.758238 -0.632318
v 0.141683 -0.695060 -0.697286
v 0.075026 -0.655499 -0.744717
v 0.095520 -0.587595 -0.797554
v 0.031253 -0.544922 -0.832605
v 0.146790 -0.962463 -0.208662
v 0.087691 -0.954149 -0.269884
v 0.112546 -0.926023 -0.346376
v 0.049246 -0.905909 -0.408428
v 0.072998 -0.864832 -0.485929
v 0.007633 -0.832946 -0.543755
v 0.030558 -0.779950 -0.616550
v -0.034228 -0.738960 -0.665340
v -0.011627 -0.677676 -0.728549
v -0.073353 -0.632055 -0.765541
v -0.050758 -0.567361 -0.816669
v -0.108277 -0.521422 -0.841780
v 0.041021 -0.987436 -0.126247
v -0.016826 -0.979176 -0.182013
v 0.003895 -0.962463 -0.255092
v -0.057397 -0.943317 -0.313058
v -0.036832 -0.914823 -0.390162
v -0.099532 -0.884051 -0.446173
v -0.078667 -0.843232 -0.522399
v -0.140350 -0.802414 -0.571802
v -0.118643 -0.751200 -0.641956
v -0.177035 -0.704039 -0.681274
v -0.154160 -0.646352 -0.741543
v -0.207718 -0.597388 -0.769531
v -0.183867 -0.537656 -0.818395
v -0.232464 -0.490628 -0.835834
v -0.303216 -0.490628 -0.812845
v -0.284264 -0.597389 -0.744659
v -0.257212 -0.704039 -0.655223
v -0.222546 -0.802414 -0.545094
v -0.181727 -0.884052 -0.419465
v -0.137573 -0.943317 -0.287006
v -0.093371 -0.979176 -0.157142
v -0.332282 -0.537657 -0.770172
v -0.407182 -0.521422 -0.744660
v -0.311144 -0.646353 -0.690536
v -0.390625 -0.632056 -0.662453
v -0.438957 -0.567361 -0.690537
v -0.514673 -0.544921 -0.655224
v -0.281343 -0.751200 -0.589091
v -0.363382 -0.738961 -0.558391
v -0.418820 -0.677676 -0.596244
v -0.498429 -0.655499 -0.558392
v -0.546065 -0.587595 -0.589092
v -0.618168 -0.557909 -0.545096
v -0.243412 -0.843233 -0.468869
v -0.325784 -0.832947 -0.435421
v -0.387118 -0.779951 -0.480838
v -0.468612 -0.758238 -0.441122
v -0.524477 -0.695059 -0.480839
v -0.599309 -0.663900 -0.435421
v -0.645347 -0.594826 -0.468870
v -0.709443 -0.557908 -0.419467
v -0.199531 -0.914823 -0.337297
v -0.279907 -0.905910 -0.301480
v -0.344677 -0.864832 -0.350218
v -0.425800 -0.843861 -0.309360
v -0.488404 -0.790261 -0.354845
v -0.564343 -0.758237 -0.309360
v -0.619379 -0.695058 -0.350218
v -0.685088 -0.655497 -0.301480
v -0.729005 -0.587593 -0.337298
v -0.782200 -0.544919 -0.287007
v -0.153089 -0.962464 -0.204085
v -0.229578 -0.954148 -0.166797
v -0.294646 -0.926023 -0.214072
v -0.373222 -0.905909 -0.173045
v -0.439590 -0.864831 -0.219583
v -0.514786 -0.832945 -0.175286
v -0.576934 -0.779949 -0.219584
v -0.643356 -0.738958 -0.173045
v -0.696487 -0.677673 -0.214072
v -0.750743 -0.632052 -0.166797
v -0.792387 -0.567358 -0.204086
v -0.834042 -0.521418 -0.157142
v -0.107392 -0.987436 -0.078025
v -0.178305 -0.979176 -0.040242
v -0.241405 -0.962463 -0.082531
v -0.315475 -0.943316 -0.042151
v -0.382450 -0.914822 -0.085536
v -0.455096 -0.884050 -0.043213
v -0.521143 -0.843231 -0.086611
v -0.587190 -0.802411 -0.043213
v -0.647202 -0.751197 -0.085536
v -0.702641 -0.704035 -0.042151
v -0.752891 -0.646349 -0.082531
v -0.796059 -0.597384 -0.040242
v -0.835161 -0.537653 -0.078025
v -0.866763 -0.490624 -0.037196
v -0.866763 -0.490624 0.037196
v -0.796059 -0.597384 0.040242
v -0.702641 -0.704035 0.042151
v -0.587190 -0.802411 0.043213
v -0.455096 -0.884050 0.043213
v -0.315475 -0.943316 0.042151
v -0.178305 -0.979176 0.040242
v -0.835161 -0.537653 0.078025
v -0.834042 -0.521418 0.157142
v -0.752891 -0.646349 0.082531
v -0.750743 -0.632052 0.166798
v -0.792387 -0.567358 0.204086
v -0.782200 -0.544919 0.287007
v -0.647202 -0.751197 0.085536
v -0.643356 -0.738958 0.173046
v -0.696487 -0.677673 0.214073
v -0.685087 -0.655496 0.301481
v -0.729005 -0.587593 0.337298
v -0.709443 -0.557908 0.419467
v -0.521143 -0.843231 0.086611
v -0.514785 -0.832945 0.175287
v -0.576933 -0.779949 0.219585
v -0.564343 -0.758236 0.309361
v -0.619379 -0.695058 0.350219
v -0.599309 -0.663900 0.435422
v -0.645347 -0.594825 0.468870
v -0.618168 -0.557909 0.545096
v -0.382450 -0.914822 0.085536
v -0.373222 -0.905909 0.173046
v -0.439590 -0.864831 0.219585
v -0.425800 -0.843860 0.309362
v -0.488404 -0.790260 0.354846
v -0.468612 -0.758237 0.441124
v -0.524477 -0.695059 0.480840
v -0.498429 -0.655498 0.558393
v -0.546065 -0.587595 0.589092
v -0.514673 -0.544921 0.655225
v -0.241405 -0.962463 0.082531
v -0.229578 -0.954148 0.166798
v -0.294646 -0.926023 0.214073
v -0.279908 -0.905909 0.301481
v -0.344678 -0.864831 0.350220
v -0.325784 -0.832946 0.435423
v -0.387118 -0.779950 0.480840
v -0.363382 -0.738960 0.558393
v -0.418820 -0.677675 0.596245
v -0.390625 -0.632055 0.662454
v -0.438957 -0.567361 0.690537
v -0.407182 -0.521421 0.744661
v -0.107392 -0.987436 0.078025
v -0.093371 -0.979176 0.157142
v -0.153089 -0.962463 0.204086
v -0.137574 -0.943317 0.287007
v -0.199532 -0.914823 0.337298
v -0.181727 -0.884051 0.419466
v -0.243412 -0.843232 0.468870
v -0.222546 -0.802414 0.545095
v -0.281343 -0.751200 0.589092
v -0.257212 -0.704039 0.655223
v -0.311144 -0.646352 0.690537
v -0.284264 -0.597388 0.744660
v -0.332282 -0.537656 0.770173
v -0.303216 -0.490628 0.812845
v 0.723090 -0.490627 -0.479373
v 0.767121 -0.521421 -0.363102
v 0.801512 -0.544920 -0.227567
v 0.820508 -0.557908 -0.077642
v 0.820508 -0.557908 0.077642
v 0.801512 -0.544920 0.227568
v 0.767121 -0.521421 0.363102
v 0.721522 -0.537656 -0.427766
v 0.667679 -0.597388 -0.435350
v 0.761013 -0.567360 -0.300640
v 0.705405 -0.632055 -0.306329
v 0.657612 -0.646352 -0.375764
v 0.593223 -0.704039 -0.378896
v 0.788036 -0.587594 -0.155615
v 0.731453 -0.655498 -0.158778
v 0.689298 -0.677675 -0.236192
v 0.622199 -0.738960 -0.238154
v 0.573873 -0.751200 -0.311211
v 0.500445 -0.802414 -0.310177
v 0.797692 -0.594825 0.000000
v 0.740786 -0.663900 0.000000
v 0.706942 -0.695059 -0.080726
v 0.638401 -0.758237 -0.081432
v 0.595817 -0.779950 -0.161462
v 0.519500 -0.832946 -0.160770
v 0.472521 -0.843233 -0.236246
v 0.393579 -0.884051 -0.232535
v 0.788036 -0.587594 0.155615
v 0.731453 -0.655497 0.158778
v 0.706942 -0.695058 0.080727
v 0.638401 -0.758237 0.081433
v 0.603700 -0.790261 0.000001
v 0.526317 -0.843860 0.000001
v 0.484704 -0.864832 -0.080735
v 0.403656 -0.905909 -0.079376
v 0.359684 -0.914823 -0.155595
v 0.279999 -0.943317 -0.151327
v 0.761014 -0.567360 0.300640
v 0.705405 -0.632054 0.306329
v 0.689299 -0.677675 0.236193
v 0.622200 -0.738959 0.238155
v 0.595817 -0.779950 0.161463
v 0.519501 -0.832945 0.160771
v 0.484705 -0.864831 0.080737
v 0.403657 -0.905909 0.079377
v 0.364203 -0.926023 0.000001
v 0.283774 -0.954148 0.000001
v 0.243811 -0.962463 -0.075124
v 0.167905 -0.979176 -0.072247
v 0.721522 -0.537656 0.427766
v 0.667679 -0.597388 0.435350
v 0.657612 -0.646352 0.375765
v 0.593224 -0.704038 0.378896
v 0.573874 -0.751199 0.311212
v 0.500446 -0.802413 0.310178
v 0.472522 -0.843232 0.236247
v 0.393579 -0.884051 0.232535
v 0.359685 -0.914823 0.155596
v 0.280000 -0.943317 0.151328
v 0.243811 -0.962463 0.075125
v 0.167905 -0.979176 0.072247
v 0.132744 -0.987436 0.000000
v 0.063282 -0.994670 0.000000
v -0.232464 -0.490628 0.835834
v -0.207718 -0.597389 0.769530
v -0.177035 -0.704039 0.681274
v -0.140350 -0.802414 0.571801
v -0.099531 -0.884052 0.446172
v -0.057396 -0.943317 0.313057
v -0.016825 -0.979176 0.182013
v -0.183867 -0.537657 0.818394
v -0.108276 -0.521422 0.841779
v -0.154159 -0.646353 0.741543
v -0.073353 -0.632056 0.765540
v -0.050758 -0.567361 0.816669
v 0.031253 -0.544922 0.832604
v -0.118642 -0.751200 0.641955
v -0.034227 -0.738961 0.665339
v -0.011626 -0.677676 0.728548
v 0.075027 -0.655499 0.744717
v 0.095521 -0.587596 0.797553
v 0.179712 -0.557910 0.804340
v -0.078666 -0.843233 0.522397
v 0.007634 -0.832947 0.543754
v 0.030560 -0.779951 0.616549
v 0.119833 -0.758238 0.632317
v 0.141684 -0.695060 0.697285
v 0.228919 -0.663902 0.704526
v 0.246504 -0.594827 0.758647
v 0.327397 -0.557910 0.756353
v -0.036831 -0.914823 0.390161
v 0.049247 -0.905910 0.408427
v 0.073000 -0.864832 0.485928
v 0.162644 -0.843861 0.500555
v 0.186557 -0.790262 0.574150
v 0.274728 -0.758238 0.581988
v 0.295237 -0.695060 0.647392
v 0.377044 -0.655498 0.646584
v 0.391521 -0.587595 0.701375
v 0.464116 -0.544921 0.691956
v 0.003895 -0.962464 0.255092
v 0.087693 -0.954149 0.269883
v 0.112547 -0.926024 0.346376
v 0.200232 -0.905909 0.359369
v 0.226570 -0.864832 0.436030
v 0.313441 -0.832946 0.444390
v 0.337682 -0.779950 0.516757
v 0.418774 -0.738960 0.518148
v 0.437643 -0.677675 0.582570
v 0.509324 -0.632055 0.576214
v 0.521097 -0.567361 0.630858
v 0.582390 -0.521421 0.617364
v 0.041021 -0.987436 0.126247
v 0.120598 -0.979176 0.137360
v 0.146791 -0.962463 0.208662
v 0.230448 -0.943317 0.219530
v 0.259132 -0.914823 0.293996
v 0.342780 -0.884051 0.302455
v 0.370705 -0.843232 0.376386
v 0.449647 -0.802414 0.380097
v 0.473321 -0.751199 0.449612
v 0.543672 -0.704039 0.447098
v 0.560592 -0.646352 0.509303
v 0.620372 -0.597388 0.500463
v 0.629798 -0.537656 0.554014
v 0.679363 -0.490627 0.539558
v 0.019555 -0.994670 0.060184
v 0.019555 -0.994670 0.060184
v -0.051196 -0.994670 0.037196
v -0.051196 -0.994670 0.037196
v -0.051196 -0.994670 -0.037196
v -0.051196 -0.994670 -0.037196
v 0.019555 -0.994670 -0.060184
v 0.019555 -0.994670 -0.060184
v 0.723090 -0.490627 0.479373
v 0.723090 -0.490627 0.479373
v 0.762201 -0.427344 0.479373
v 0.762201 -0.427344 0.479373
v 0.742647 -0.388234 0.539558
v 0.742647 -0.388234 0.539558
v -0.220378 -0.427345 0.873031
v -0.220378 -0.427345 0.873031
v -0.283661 -0.388234 0.873031
v -0.283661 -0.388234 0.873031
v -0.898404 -0.427341 0.060184
v -0.898404 -0.427341 0.060184
v -0.917960 -0.388230 0.000000
v -0.917960 -0.388230 0.000000
v -0.334858 -0.427345 -0.835835
v -0.334858 -0.427345 -0.835835
v -0.283661 -0.388234 -0.873031
v -0.283661 -0.388234 -0.873031
v 0.691450 -0.427345 -0.576755
v 0.691450 -0.427345 -0.576755
v 0.742647 -0.388234 -0.539558
v 0.742647 -0.388234 -0.539558
v 0.178305 0.979176 -0.040242
v 0.178305 0.979176 -0.040242
v 0.107392 0.987436 -0.078025
v 0.107392 0.987436 -0.078025
v 0.051196 0.994670 -0.037196
v 0.051196 0.994670 -0.037196
v 0.093371 0.979176 -0.157142
v 0.093371 0.979176 -0.157142
v 0.315475 0.943316 -0.042151
v 0.315475 0.943316 -0.042151
v 0.241405 0.962463 -0.082531
v 0.241405 0.962463 -0.082531
v 0.229577 0.954149 -0.166797
v 0.229577 0.954149 -0.166797
v 0.153089 0.962464 -0.204085
v 0.153089 0.962464 -0.204085
v 0.137573 0.943317 -0.287006
v 0.137573 0.943317 -0.287006
v 0.455096 0.884050 -0.043213
v 0.455096 0.884050 -0.043213
v 0.382450 0.914822 -0.085536
v 0.382450 0.914822 -0.085536
v 0.373222 0.905909 -0.173045
v 0.373222 0.905909 -0.173045
v 0.294646 0.926024 -0.214072
v 0.294646 0.926024 -0.214072
v 0.279907 0.905910 -0.301480
v 0.279907 0.905910 -0.301480
v 0.199531 0.914824 -0.337297
v 0.199531 0.914824 -0.337297
v 0.181727 0.884052 -0.419465
v 0.181727 0.884052 -0.419465
v 0.587190 0.802411 -0.043213
v 0.587190 0.802411 -0.043213
v 0.521142 0.843231 -0.086611
v 0.521142 0.843231 -0.086611
v 0.514785 0.832945 -0.175287
v 0.514785 0.832945 -0.175287
v 0.439590 0.864832 -0.219584
v 0.439590 0.864832 -0.219584
v 0.425799 0.843861 -0.309361
v 0.425799 0.843861 -0.309361
v 0.344677 0.864832 -0.350218
v 0.344677 0.864832 -0.350218
v 0.325783 0.832947 -0.435421
v 0.325783 0.832947 -0.435421
v 0.243411 0.843233 -0.468869
v 0.243411 0.843233 -0.468869
v 0.222546 0.802414 -0.545094
v 0.222546 0.802414 -0.545094
v 0.702641 0.704036 -0.042151
v 0.702641 0.704036 -0.042151
v 0.647202 0.751197 -0.085536
v 0.647202 0.751197 -0.085536
v 0.643355 0.738959 -0.173046
v 0.643355 0.738959 -0.173046
v 0.576933 0.779950 -0.219584
v 0.576933 0.779950 -0.219584
v 0.564342 0.758237 -0.309361
v 0.564342 0.758237 -0.309361
v 0.488403 0.790261 -0.354845
v 0.488403 0.790261 -0.354845
v 0.468610 0.758238 -0.441123
v 0.468610 0.758238 -0.441123
v 0.387117 0.779951 -0.480839
v 0.387117 0.779951 -0.480839
v 0.363381 0.738961 -0.558392
v 0.363381 0.738961 -0.558392
v 0.281342 0.751200 -0.589091
v 0.281342 0.751200 -0.589091
v 0.257212 0.704039 -0.655223
v 0.257212 0.704039 -0.655223
v 0.796059 0.597384 -0.040242
v 0.796059 0.597384 -0.040242
v 0.752891 0.646349 -0.082531
v 0.752891 0.646349 -0.082531
v 0.750742 0.632053 -0.166798
v 0.750742 0.632053 -0.166798
v 0.696486 0.677674 -0.214073
v 0.696486 0.677674 -0.214073
v 0.685086 0.655497 -0.301482
v 0.685086 0.655497 -0.301482
v 0.619378 0.695059 -0.350220
v 0.619378 0.695059 -0.350220
v 0.599307 0.663901 -0.435423
v 0.599307 0.663901 -0.435423
v 0.524476 0.695060 -0.480840
v 0.524476 0.695060 -0.480840
v 0.498427 0.655499 -0.558393
v 0.498427 0.655499 -0.558393
v 0.418819 0.677676 -0.596245
v 0.418819 0.677676 -0.596245
v 0.390623 0.632056 -0.662454
v 0.390623 0.632056 -0.662454
v 0.311144 0.646353 -0.690536
v 0.311144 0.646353 -0.690536
v 0.284264 0.597389 -0.744660
v 0.284264 0.597389 -0.744660
v 0.866763 0.490624 -0.037196
v 0.866763 0.490624 -0.037196
v 0.835161 0.537653 -0.078025
v 0.835161 0.537653 -0.078025
v 0.834042 0.521418 -0.157142
v 0.834042 0.521418 -0.157142
v 0.792387 0.567358 -0.204086
v 0.792387 0.567358 -0.204086
v 0.782200 0.544919 -0.287008
v 0.782200 0.544919 -0.287008
v 0.729004 0.587593 -0.337299
v 0.729004 0.587593 -0.337299
v 0.709443 0.557908 -0.419467
v 0.709443 0.557908 -0.419467
v 0.645346 0.594826 -0.468871
v 0.645346 0.594826 -0.468871
v 0.618167 0.557909 -0.545096
v 0.618167 0.557909 -0.545096
v 0.546064 0.587595 -0.589093
v 0.546064 0.587595 -0.589093
v 0.514673 0.544921 -0.655225
v 0.514673 0.544921 -0.655225
v 0.438956 0.567361 -0.690537
v 0.438956 0.567361 -0.690537
v 0.407182 0.521422 -0.744660
v 0.407182 0.521422 -0.744660
v 0.332281 0.537657 -0.770173
v 0.332281 0.537657 -0.770173
v 0.232464 0.490628 -0.835834
v 0.232464 0.490628 -0.835834
v 0.303216 0.490628 -0.812845
v 0.303216 0.490628 -0.812845
v -0.019555 0.994670 -0.060184
v -0.019555 0.994670 -0.060184
v 0.016826 0.979176 -0.182012
v 0.016826 0.979176 -0.182012
v 0.057396 0.943318 -0.313057
v 0.057396 0.943318 -0.313057
v 0.099531 0.884052 -0.446172
v 0.099531 0.884052 -0.446172
v 0.140350 0.802414 -0.571801
v 0.140350 0.802414 -0.571801
v 0.177035 0.704039 -0.681274
v 0.177035 0.704039 -0.681274
v 0.207718 0.597389 -0.769530
v 0.207718 0.597389 -0.769530
v -0.041021 0.987437 -0.126246
v -0.041021 0.987437 -0.126246
v -0.120598 0.979176 -0.137360
v -0.120598 0.979176 -0.137360
v -0.003895 0.962464 -0.255091
v -0.003895 0.962464 -0.255091
v -0.087692 0.954149 -0.269883
v -0.087692 0.954149 -0.269883
v -0.146790 0.962464 -0.208661
v -0.146790 0.962464 -0.208661
v -0.230448 0.943317 -0.219529
v -0.230448 0.943317 -0.219529
v 0.036831 0.914824 -0.390161
v 0.036831 0.914824 -0.390161
v -0.049246 0.905910 -0.408426
v -0.049246 0.905910 -0.408426
v -0.112546 0.926024 -0.346375
v -0.112546 0.926024 -0.346375
v -0.200230 0.905910 -0.359368
v -0.200230 0.905910 -0.359368
v -0.259131 0.914824 -0.293995
v -0.259131 0.914824 -0.293995
v -0.342779 0.884052 -0.302454
v -0.342779 0.884052 -0.302454
v 0.078666 0.843233 -0.522397
v 0.078666 0.843233 -0.522397
v -0.007634 0.832947 -0.543753
v -0.007634 0.832947 -0.543753
v -0.072999 0.864833 -0.485927
v -0.072999 0.864833 -0.485927
v -0.162643 0.843862 -0.500554
v -0.162643 0.843862 -0.500554
v -0.226568 0.864833 -0.436029
v -0.226568 0.864833 -0.436029
v -0.313439 0.832947 -0.444389
v -0.313439 0.832947 -0.444389
v -0.370704 0.843233 -0.376386
v -0.370704 0.843233 -0.376386
v -0.449646 0.802414 -0.380097
v -0.449646 0.802414 -0.380097
v 0.118642 0.751201 -0.641954
v 0.118642 0.751201 -0.641954
v 0.034228 0.738961 -0.665338
v 0.034228 0.738961 -0.665338
v -0.030559 0.779952 -0.616548
v -0.030559 0.779952 -0.616548
v -0.119832 0.758239 -0.632317
v -0.119832 0.758239 -0.632317
v -0.186556 0.790262 -0.574149
v -0.186556 0.790262 -0.574149
v -0.274727 0.758239 -0.581987
v -0.274727 0.758239 -0.581987
v -0.337681 0.779952 -0.516756
v -0.337681 0.779952 -0.516756
v -0.418772 0.738961 -0.518147
v -0.418772 0.738961 -0.518147
v -0.473320 0.751200 -0.449611
v -0.473320 0.751200 -0.449611
v -0.543672 0.704039 -0.447098
v -0.543672 0.704039 -0.447098
v 0.154160 0.646353 -0.741543
v 0.154160 0.646353 -0.741543
v 0.073353 0.632056 -0.765540
v 0.073353 0.632056 -0.765540
v 0.011626 0.677677 -0.728547
v 0.011626 0.677677 -0.728547
v -0.075026 0.655499 -0.744716
v -0.075026 0.655499 -0.744716
v -0.141684 0.695061 -0.697285
v -0.141684 0.695061 -0.697285
v -0.228919 0.663902 -0.704526
v -0.228919 0.663902 -0.704526
v -0.295236 0.695060 -0.647392
v -0.295236 0.695060 -0.647392
v -0.377043 0.655499 -0.646584
v -0.377043 0.655499 -0.646584
v -0.437642 0.677677 -0.582569
v -0.437642 0.677677 -0.582569
v -0.509323 0.632056 -0.576214
v -0.509323 0.632056 -0.576214
v -0.560591 0.646353 -0.509302
v -0.560591 0.646353 -0.509302
v -0.620372 0.597388 -0.500463
v -0.620372 0.597388 -0.500463
v 0.183867 0.537657 -0.818394
v 0.183867 0.537657 -0.818394
v 0.108277 0.521422 -0.841779
v 0.108277 0.521422 -0.841779
v 0.050758 0.567362 -0.816669
v 0.050758 0.567362 -0.816669
v -0.031253 0.544922 -0.832604
v -0.031253 0.544922 -0.832604
v -0.095520 0.587596 -0.797553
v -0.095520 0.587596 -0.797553
v -0.179712 0.557910 -0.804340
v -0.179712 0.557910 -0.804340
v -0.246504 0.594827 -0.758647
v -0.246504 0.594827 -0.758647
v -0.327397 0.557910 -0.756354
v -0.327397 0.557910 -0.756354
v -0.391520 0.587596 -0.701375
v -0.391520 0.587596 -0.701375
v -0.464116 0.544922 -0.691956
v -0.464116 0.544922 -0.691956
v -0.521097 0.567361 -0.630858
v -0.521097 0.567361 -0.630858
v -0.582390 0.521422 -0.617364
v -0.582390 0.521422 -0.617364
v -0.629798 0.537656 -0.554014
v -0.629798 0.537656 -0.554014
v -0.723090 0.490627 -0.479373
v -0.723090 0.490627 -0.479373
v -0.679364 0.490628 -0.539558
v -0.679364 0.490628 -0.539558
v -0.063282 0.994670 0.000000
v -0.063282 0.994670 0.000000
v -0.167905 0.979176 -0.072247
v -0.167905 0.979176 -0.072247
v -0.279999 0.943317 -0.151328
v -0.279999 0.943317 -0.151328
v -0.393578 0.884051 -0.232535
v -0.393578 0.884051 -0.232535
v -0.500445 0.802414 -0.310177
v -0.500445 0.802414 -0.310177
v -0.593223 0.704039 -0.378896
v -0.593223 0.704039 -0.378896
v -0.667679 0.597388 -0.435350
v -0.667679 0.597388 -0.435350
v -0.132744 0.987436 0.000000
v -0.132744 0.987436 0.000000
v -0.167905 0.979176 0.072247
v -0.167905 0.979176 0.072247
v -0.243811 0.962463 -0.075124
v -0.243811 0.962463 -0.075124
v -0.283773 0.954149 0.000000
v -0.283773 0.954149 0.000000
v -0.243811 0.962463 0.075124
v -0.243811 0.962463 0.075124
v -0.279999 0.943317 0.151328
v -0.279999 0.943317 0.151328
v -0.359684 0.914823 -0.155596
v -0.359684 0.914823 -0.155596
v -0.403656 0.905910 -0.079376
v -0.403656 0.905910 -0.079376
v -0.364202 0.926024 0.000000
v -0.364202 0.926024 0.000000
v -0.403656 0.905910 0.079376
v -0.403656 0.905910 0.079376
v -0.359684 0.914823 0.155596
v -0.359684 0.914823 0.155596
v -0.393579 0.884051 0.232535
v -0.393579 0.884051 0.232535
v -0.472521 0.843233 -0.236246
v -0.472521 0.843233 -0.236246
v -0.519500 0.832946 -0.160770
v -0.519500 0.832946 -0.160770
v -0.484703 0.864832 -0.080736
v -0.484703 0.864832 -0.080736
v -0.526316 0.843861 0.000000
v -0.526316 0.843861 0.000000
v -0.484703 0.864832 0.080736
v -0.484703 0.864832 0.080736
v -0.519500 0.832946 0.160770
v -0.519500 0.832946 0.160770
v -0.472521 0.843233 0.236246
v -0.472521 0.843233 0.236246
v -0.500445 0.802414 0.310177
v -0.500445 0.802414 0.310177
v -0.573873 0.751200 -0.311211
v -0.573873 0.751200 -0.311211
v -0.622198 0.738960 -0.238154
v -0.622198 0.738960 -0.238154
v -0.595816 0.779951 -0.161462
v -0.595816 0.779951 -0.161462
v -0.638400 0.758237 -0.081432
v -0.638400 0.758237 -0.081432
v -0.603699 0.790261 0.000000
v -0.603699 0.790261 0.000000
v -0.638400 0.758237 0.081432
v -0.638400 0.758237 0.081432
v -0.595816 0.779951 0.161463
v -0.595816 0.779951 0.161463
v -0.622198 0.738960 0.238154
v -0.622198 0.738960 0.238154
v -0.573873 0.751200 0.311211
v -0.573873 0.751200 0.311211
v -0.593223 0.704039 0.378896
v -0.593223 0.704039 0.378896
v -0.657612 0.646352 -0.375764
v -0.657612 0.646352 -0.375764
v -0.705405 0.632055 -0.306329
v -0.705405 0.632055 -0.306329
v -0.689298 0.677676 -0.236192
v -0.689298 0.677676 -0.236192
v -0.731453 0.655498 -0.158778
v -0.731453 0.655498 -0.158778
v -0.706941 0.695059 -0.080727
v -0.706941 0.695059 -0.080727
v -0.740785 0.663901 0.000000
v -0.740785 0.663901 0.000000
v -0.706941 0.695059 0.080727
v -0.706941 0.695059 0.080727
v -0.731453 0.655498 0.158778
v -0.731453 0.655498 0.158778
v -0.689298 0.677676 0.236192
v -0.689298 0.677676 0.236192
v -0.705405 0.632055 0.306329
v -0.705405 0.632055 0.306329
v -0.657612 0.646352 0.375764
v -0.657612 0.646352 0.375764
v -0.667679 0.597388 0.435350
v -0.667679 0.597388 0.435350
v -0.721522 0.537656 -0.427766
v -0.721522 0.537656 -0.427766
v -0.767121 0.521421 -0.363102
v -0.767121 0.521421 -0.363102
v -0.761013 0.567360 -0.300640
v -0.761013 0.567360 -0.300640
v -0.801512 0.544920 -0.227567
v -0.801512 0.544920 -0.227567
v -0.788036 0.587594 -0.155615
v -0.788036 0.587594 -0.155615
v -0.820508 0.557908 -0.077642
v -0.820508 0.557908 -0.077642
v -0.797692 0.594826 -0.000000
v -0.797692 0.594826 -0.000000
v -0.820508 0.557908 0.077642
v -0.820508 0.557908 0.077642
v -0.788036 0.587594 0.155615
v -0.788036 0.587594 0.155615
v -0.801512 0.544920 0.227567
v -0.801512 0.544920 0.227567
v -0.761013 0.567360 0.300640
v -0.761013 0.567360 0.300640
v -0.767121 0.521421 0.363102
v -0.767121 0.521421 0.363102
v -0.721522 0.537656 0.427766
v -0.721522 0.537656 0.427766
v -0.679364 0.490628 0.539558
v -0.679364 0.490628 0.539558
v -0.723090 0.490627 0.479373
v -0.723090 0.490627 0.479373
v -0.019555 0.994670 0.060184
v -0.019555 0.994670 0.060184
v -0.120598 0.979176 0.137360
v -0.120598 0.979176 0.137360
v -0.230448 0.943317 0.219529
v -0.230448 0.943317 0.219529
v -0.342779 0.884052 0.302454
v -0.342779 0.884052 0.302454
v -0.449646 0.802414 0.380097
v -0.449646 0.802414 0.380097
v -0.543672 0.704039 0.447098
v -0.543672 0.704039 0.447098
v -0.620372 0.597388 0.500463
v -0.620372 0.597388 0.500463
v -0.041021 0.987437 0.126246
v -0.041021 0.987437 0.126246
v 0.016826 0.979176 0.182012
v 0.016826 0.979176 0.182012
v -0.146790 0.962464 0.208661
v -0.146790 0.962464 0.208661
v -0.087692 0.954149 0.269883
v -0.087692 0.954149 0.269883
v -0.003895 0.962464 0.255091
v -0.003895 0.962464 0.255091
v 0.057396 0.943317 0.313057
v 0.057396 0.943317 0.313057
v -0.259131 0.914824 0.293995
v -0.259131 0.914824 0.293995
v -0.200230 0.905910 0.359368
v -0.200230 0.905910 0.359368
v -0.112546 0.926024 0.346375
v -0.112546 0.926024 0.346375
v -0.049246 0.905910 0.408426
v -0.049246 0.905910 0.408426
v 0.036831 0.914824 0.390161
v 0.036831 0.914824 0.390161
v 0.099531 0.884052 0.446172
v 0.099531 0.884052 0.446172
v -0.370704 0.843233 0.376386
v -0.370704 0.843233 0.376386
v -0.313439 0.832947 0.444389
v -0.313439 0.832947 0.444389
v -0.226568 0.864833 0.436029
v -0.226568 0.864833 0.436029
v -0.162643 0.843862 0.500554
v -0.162643 0.843862 0.500554
v -0.072999 0.864833 0.485927
v -0.072999 0.864833 0.485927
v -0.007634 0.832947 0.543753
v -0.007634 0.832947 0.543753
v 0.078666 0.843233 0.522397
v 0.078666 0.843233 0.522397
v 0.140350 0.802414 0.571801
v 0.140350 0.802414 0.571801
v -0.473320 0.751200 0.449611
v -0.473320 0.751200 0.449611
v -0.418772 0.738961 0.518147
v -0.418772 0.738961 0.518147
v -0.337681 0.779952 0.516756
v -0.337681 0.779952 0.516756
v -0.274727 0.758239 0.581987
v -0.274727 0.758239 0.581987
v -0.186556 0.790262 0.574149
v -0.186556 0.790262 0.574149
v -0.119832 0.758239 0.632316
v -0.119832 0.758239 0.632316
v -0.030559 0.779952 0.616548
v -0.030559 0.779952 0.616548
v 0.034228 0.738961 0.665338
v 0.034228 0.738961 0.665338
v 0.118642 0.751201 0.641954
v 0.118642 0.751201 0.641954
v 0.177035 0.704039 0.681274
v 0.177035 0.704039 0.681274
v -0.560591 0.646353 0.509302
v -0.560591 0.646353 0.509302
v -0.509323 0.632056 0.576213
v -0.509323 0.632056 0.576213
v -0.437642 0.677677 0.582569
v -0.437642 0.677677 0.582569
v -0.377043 0.655499 0.646584
v -0.377043 0.655499 0.646584
v -0.295236 0.695061 0.647392
v -0.295236 0.695061 0.647392
v -0.228919 0.663902 0.704526
v -0.228919 0.663902 0.704526
v -0.141684 0.695061 0.697285
v -0.141684 0.695061 0.697285
v -0.075026 0.655499 0.744716
v -0.075026 0.655499 0.744716
v 0.011626 0.677677 0.728547
v 0.011626 0.677677 0.728547
v 0.073353 0.632056 0.765540
v 0.073353 0.632056 0.765540
v 0.154160 0.646353 0.741543
v 0.154160 0.646353 0.741543
v 0.207718 0.597389 0.769530
v 0.207718 0.597389 0.769530
v -0.629798 0.537656 0.554014
v -0.629798 0.537656 0.554014
v -0.582390 0.521422 0.617364
v -0.582390 0.521422 0.617364
v -0.521097 0.567361 0.630858
v -0.521097 0.567361 0.630858
v -0.464116 0.544922 0.691956
v -0.464116 0.544922 0.691956
v -0.391520 0.587596 0.701375
v -0.391520 0.587596 0.701375
v -0.327397 0.557910 0.756353
v -0.327397 0.557910 0.756353
v -0.246504 0.594827 0.758647
v -0.246504 0.594827 0.758647
v -0.179712 0.557910 0.804340
v -0.179712 0.557910 0.804340
v -0.095520 0.587596 0.797553
v -0.095520 0.587596 0.797553
v -0.031253 0.544922 0.832604
v -0.031253 0.544922 0.832604
v 0.050758 0.567362 0.816669
v 0.050758 0.567362 0.816669
v 0.108277 0.521422 0.841779
v 0.108277 0.521422 0.841779
v 0.183867 0.537657 0.818394
v 0.183867 0.537657 0.818394
v 0.303216 0.490628 0.812845
v 0.303216 0.490628 0.812845
v 0.232464 0.490628 0.835833
v 0.232464 0.490628 0.835833
v 0.051196 0.994670 0.037196
v 0.051196 0.994670 0.037196
v 0.093371 0.979176 0.157142
v 0.093371 0.979176 0.157142
v 0.137573 0.943317 0.287006
v 0.137573 0.943317 0.287006
v 0.181727 0.884052 0.419465
v 0.181727 0.884052 0.419465
v 0.222546 0.802414 0.545094
v 0.222546 0.802414 0.545094
v 0.257212 0.704039 0.655223
v 0.257212 0.704039 0.655223
v 0.284264 0.597388 0.744660
v 0.284264 0.597388 0.744660
v 0.107392 0.987436 0.078025
v 0.107392 0.987436 0.078025
v 0.178305 0.979176 0.040242
v 0.178305 0.979176 0.040242
v 0.153089 0.962464 0.204085
v 0.153089 0.962464 0.204085
v 0.229577 0.954149 0.166797
v 0.229577 0.954149 0.166797
v 0.241405 0.962463 0.082531
v 0.241405 0.962463 0.082531
v 0.315475 0.943316 0.042151
v 0.315475 0.943316 0.042151
v 0.199531 0.914824 0.337297
v 0.199531 0.914824 0.337297
v 0.279907 0.905910 0.301480
v 0.279907 0.905910 0.301480
v 0.294646 0.926023 0.214072
v 0.294646 0.926023 0.214072
v 0.373222 0.905909 0.173045
v 0.373222 0.905909 0.173045
v 0.382450 0.914822 0.085536
v 0.382450 0.914822 0.085536
v 0.455096 0.884050 0.043213
v 0.455096 0.884050 0.043213
v 0.243411 0.843233 0.468869
v 0.243411 0.843233 0.468869
v 0.325783 0.832947 0.435421
v 0.325783 0.832947 0.435421
v 0.344677 0.864832 0.350218
v 0.344677 0.864832 0.350218
v 0.425799 0.843861 0.309361
v 0.425799 0.843861 0.309361
v 0.439590 0.864832 0.219584
v 0.439590 0.864832 0.219584
v 0.514785 0.832945 0.175287
v 0.514785 0.832945 0.175287
v 0.521143 0.843231 0.086611
v 0.521143 0.843231 0.086611
v 0.587190 0.802411 0.043213
v 0.587190 0.802411 0.043213
v 0.281342 0.751201 0.589091
v 0.281342 0.751201 0.589091
v 0.363381 0.738961 0.558392
v 0.363381 0.738961 0.558392
v 0.387117 0.779951 0.480839
v 0.387117 0.779951 0.480839
v 0.468610 0.758238 0.441123
v 0.468610 0.758238 0.441123
v 0.488403 0.790261 0.354845
v 0.488403 0.790261 0.354845
v 0.564342 0.758237 0.309361
v 0.564342 0.758237 0.309361
v 0.576932 0.779950 0.219584
v 0.576932 0.779950 0.219584
v 0.643355 0.738959 0.173046
v 0.643355 0.738959 0.173046
v 0.647202 0.751197 0.085536
v 0.647202 0.751197 0.085536
v 0.702641 0.704036 0.042151
v 0.702641 0.704036 0.042151
v 0.311144 0.646353 0.690536
v 0.311144 0.646353 0.690536
v 0.390623 0.632056 0.662454
v 0.390623 0.632056 0.662454
v 0.418819 0.677676 0.596245
v 0.418819 0.677676 0.596245
v 0.498427 0.655499 0.558393
v 0.498427 0.655499 0.558393
v 0.524476 0.695060 0.480840
v 0.524476 0.695060 0.480840
v 0.599307 0.663901 0.435423
v 0.599307 0.663901 0.435423
v 0.619378 0.695059 0.350220
v 0.619378 0.695059 0.350220
v 0.685086 0.655497 0.301482
v 0.685086 0.655497 0.301482
v 0.696486 0.677674 0.214073
v 0.696486 0.677674 0.214073
v 0.750743 0.632053 0.166798
v 0.750743 0.632053 0.166798
v 0.752891 0.646349 0.082531
v 0.752891 0.646349 0.082531
v 0.796059 0.597384 0.040242
v 0.796059 0.597384 0.040242
v 0.332281 0.537657 0.770173
v 0.332281 0.537657 0.770173
v 0.407182 0.521422 0.744660
v 0.407182 0.521422 0.744660
v 0.438956 0.567361 0.690537
v 0.438956 0.567361 0.690537
v 0.514673 0.544921 0.655225
v 0.514673 0.544921 0.655225
v 0.546064 0.587595 0.589093
v 0.546064 0.587595 0.589093
v 0.618167 0.557909 0.545096
v 0.618167 0.557909 0.545096
v 0.645346 0.594826 0.468871
v 0.645346 0.594826 0.468871
v 0.709443 0.557908 0.419467
v 0.709443 0.557908 0.419467
v 0.729004 0.587593 0.337299
v 0.729004 0.587593 0.337299
v 0.782200 0.544919 0.287008
v 0.782200 0.544919 0.287008
v 0.792387 0.567358 0.204086
v 0.792387 0.567358 0.204086
v 0.834042 0.521418 0.157142
v 0.834042 0.521418 0.157142
v 0.835161 0.537653 0.078025
v 0.835161 0.537653 0.078025
v 0.866763 0.490624 0.037196
v 0.866763 0.490624 0.037196
v 0.898404 0.427341 -0.060184
v 0.898404 0.427341 -0.060184
v 0.929734 0.330036 -0.137360
v 0.929734 0.330036 -0.137360
v 0.901534 0.404907 -0.126247
v 0.901534 0.404907 -0.126247
v 0.868275 0.452954 -0.182013
v 0.868275 0.452954 -0.182013
v 0.946788 0.215745 -0.219530
v 0.946788 0.215745 -0.219530
v 0.926500 0.299135 -0.208662
v 0.926500 0.299135 -0.208662
v 0.892632 0.348277 -0.269884
v 0.892632 0.348277 -0.269884
v 0.862593 0.426947 -0.255092
v 0.862593 0.426947 -0.255092
v 0.818057 0.473206 -0.313058
v 0.818057 0.473206 -0.313058
v 0.944015 0.088767 -0.302456
v 0.944015 0.088767 -0.302456
v 0.934130 0.177347 -0.293996
v 0.934130 0.177347 -0.293996
v 0.899815 0.226045 -0.359370
v 0.899815 0.226045 -0.359370
v 0.878592 0.313469 -0.346376
v 0.878592 0.313469 -0.346376
v 0.832292 0.361092 -0.408428
v 0.832292 0.361092 -0.408428
v 0.801768 0.442070 -0.390162
v 0.801768 0.442070 -0.390162
v 0.746203 0.484390 -0.446174
v 0.746203 0.484390 -0.446174
v 0.918788 -0.043329 -0.380098
v 0.918788 -0.043329 -0.380098
v 0.919994 0.045535 -0.376387
v 0.919994 0.045535 -0.376387
v 0.885184 0.092155 -0.444392
v 0.885184 0.092155 -0.444392
v 0.874853 0.184117 -0.436031
v 0.874853 0.184117 -0.436031
v 0.827507 0.231916 -0.500557
v 0.827507 0.231916 -0.500557
v 0.806173 0.321477 -0.485930
v 0.806173 0.321477 -0.485930
v 0.748420 0.365683 -0.543756
v 0.748420 0.365683 -0.543756
v 0.719024 0.447473 -0.522399
v 0.719024 0.447473 -0.522399
v 0.654928 0.484390 -0.571803
v 0.654928 0.484390 -0.571803
v 0.872847 -0.171425 -0.447099
v 0.872847 -0.171425 -0.447099
v 0.883568 -0.087408 -0.449613
v 0.883568 -0.087408 -0.449613
v 0.848226 -0.044091 -0.518150
v 0.848226 -0.044091 -0.518150
v 0.848624 0.046772 -0.516759
v 0.848624 0.046772 -0.516759
v 0.801048 0.093371 -0.581991
v 0.801048 0.093371 -0.581991
v 0.790259 0.186557 -0.574153
v 0.790259 0.186557 -0.574153
v 0.731775 0.231917 -0.632321
v 0.731775 0.231917 -0.632321
v 0.711271 0.321477 -0.616551
v 0.711271 0.321477 -0.616551
v 0.645633 0.361094 -0.665342
v 0.645633 0.361094 -0.665342
v 0.618828 0.442071 -0.641957
v 0.618828 0.442071 -0.641957
v 0.550530 0.473209 -0.681276
v 0.550530 0.473209 -0.681276
v 0.811756 -0.287724 -0.500464
v 0.811756 -0.287724 -0.500464
v 0.828817 -0.212357 -0.509304
v 0.828817 -0.212357 -0.509304
v 0.793101 -0.172894 -0.576216
v 0.793101 -0.172894 -0.576216
v 0.801849 -0.088376 -0.582572
v 0.801849 -0.088376 -0.582572
v 0.754911 -0.044091 -0.646588
v 0.754911 -0.044091 -0.646588
v 0.753711 0.046772 -0.647396
v 0.753711 0.046772 -0.647396
v 0.696183 0.092156 -0.704531
v 0.696183 0.092156 -0.704531
v 0.685038 0.184118 -0.697290
v 0.685038 0.184118 -0.697290
v 0.619842 0.226047 -0.744721
v 0.619842 0.226047 -0.744721
v 0.600925 0.313471 -0.728551
v 0.600925 0.313471 -0.728551
v 0.532514 0.348279 -0.765543
v 0.532514 0.348279 -0.765543
v 0.509164 0.426950 -0.741545
v 0.509164 0.426950 -0.741545
v 0.441415 0.452957 -0.769532
v 0.441415 0.452957 -0.769532
v 0.762545 -0.322868 -0.554015
v 0.762545 -0.322868 -0.554015
v 0.726822 -0.287725 -0.617366
v 0.726822 -0.287725 -0.617366
v 0.740501 -0.212357 -0.630861
v 0.740501 -0.212357 -0.630861
v 0.694947 -0.171426 -0.691960
v 0.694947 -0.171426 -0.691960
v 0.700650 -0.087408 -0.701379
v 0.700650 -0.087408 -0.701379
v 0.645421 -0.043329 -0.756358
v 0.645421 -0.043329 -0.756358
v 0.642264 0.045535 -0.758652
v 0.642264 0.045535 -0.758652
v 0.579372 0.088767 -0.804345
v 0.579372 0.088767 -0.804345
v 0.568272 0.177348 -0.797558
v 0.568272 0.177348 -0.797558
v 0.501361 0.215747 -0.832609
v 0.501361 0.215747 -0.832609
v 0.484754 0.299137 -0.816672
v 0.484754 0.299137 -0.816672
v 0.417940 0.330039 -0.841782
v 0.417940 0.330039 -0.841782
v 0.398655 0.404911 -0.818396
v 0.398655 0.404911 -0.818396
v 0.334858 0.427345 -0.835834
v 0.334858 0.427345 -0.835834
v 0.220378 0.427345 -0.873031
v 0.220378 0.427345 -0.873031
v 0.156661 0.330039 -0.926676
v 0.156661 0.330039 -0.926676
v 0.158516 0.404911 -0.896422
v 0.158516 0.404911 -0.896422
v 0.095201 0.452957 -0.882023
v 0.095201 0.452957 -0.882023
v 0.083783 0.215747 -0.968287
v 0.083783 0.215747 -0.968287
v 0.087849 0.299137 -0.945633
v 0.087849 0.299137 -0.945633
v 0.019158 0.348279 -0.932342
v 0.019158 0.348279 -0.932342
v 0.023943 0.426950 -0.899202
v 0.023943 0.426950 -0.899202
v -0.044949 0.473209 -0.874757
v -0.044949 0.473209 -0.874757
v 0.004059 0.088767 -0.991275
v 0.004059 0.088767 -0.991275
v 0.009050 0.177348 -0.979260
v 0.009050 0.177348 -0.979260
v -0.063728 0.226046 -0.966826
v -0.063728 0.226046 -0.966826
v -0.057929 0.313470 -0.942626
v -0.057929 0.313470 -0.942626
v -0.131252 0.361094 -0.917766
v -0.131252 0.361094 -0.917766
v -0.123312 0.442072 -0.883092
v -0.123312 0.442072 -0.883092
v -0.193753 0.484391 -0.847554
v -0.193753 0.484391 -0.847554
v -0.077578 -0.043330 -0.991276
v -0.077578 -0.043330 -0.991276
v -0.073677 0.045535 -0.991276
v -0.073677 0.045535 -0.991276
v -0.149109 0.092155 -0.979183
v -0.149109 0.092155 -0.979183
v -0.144351 0.184117 -0.966775
v -0.144351 0.184117 -0.966775
v -0.220349 0.231917 -0.941685
v -0.220349 0.231917 -0.941685
v -0.213031 0.321477 -0.916875
v -0.213031 0.321477 -0.916875
v -0.285873 0.365683 -0.879817
v -0.285873 0.365683 -0.879817
v -0.274646 0.447474 -0.845261
v -0.274646 0.447474 -0.845261
v -0.341438 0.484391 -0.799567
v -0.341438 0.484391 -0.799567
v -0.155495 -0.171426 -0.968288
v -0.155495 -0.171426 -0.968288
v -0.154574 -0.087408 -0.979260
v -0.154574 -0.087408 -0.979260
v -0.230677 -0.044092 -0.966827
v -0.230677 -0.044092 -0.966827
v -0.229232 0.046772 -0.966775
v -0.229232 0.046772 -0.966775
v -0.305973 0.093371 -0.941686
v -0.305973 0.093371 -0.941686
v -0.301853 0.186557 -0.929003
v -0.301853 0.186557 -0.929003
v -0.375245 0.231917 -0.891356
v -0.375245 0.231917 -0.891356
v -0.366585 0.321477 -0.866982
v -0.366585 0.321477 -0.866982
v -0.433270 0.361094 -0.819634
v -0.433270 0.361094 -0.819634
v -0.419313 0.442072 -0.786914
v -0.419313 0.442072 -0.786914
v -0.477812 0.473209 -0.734109
v -0.477812 0.473209 -0.734109
v -0.225126 -0.287725 -0.926677
v -0.225126 -0.287725 -0.926677
v -0.228261 -0.212357 -0.945634
v -0.228261 -0.212357 -0.945634
v -0.302935 -0.172894 -0.932343
v -0.302935 -0.172894 -0.932343
v -0.306277 -0.088377 -0.942627
v -0.306277 -0.088377 -0.942627
v -0.381663 -0.044092 -0.917769
v -0.381663 -0.044092 -0.917769
v -0.382803 0.046772 -0.916877
v -0.382803 0.046772 -0.916877
v -0.454918 0.092156 -0.879820
v -0.454918 0.092156 -0.879820
v -0.451476 0.184117 -0.866983
v -0.451476 0.184117 -0.866983
v -0.516732 0.226046 -0.819635
v -0.516732 0.226046 -0.819635
v -0.507200 0.313470 -0.796647
v -0.507200 0.313470 -0.796647
v -0.563521 0.348279 -0.743016
v -0.563521 0.348279 -0.743016
v -0.547914 0.426950 -0.713391
v -0.547914 0.426950 -0.713391
v -0.595466 0.452957 -0.657607
v -0.595466 0.452957 -0.657607
v -0.291262 -0.322869 -0.896423
v -0.291262 -0.322869 -0.896423
v -0.362551 -0.287725 -0.882025
v -0.362551 -0.287725 -0.882025
v -0.371159 -0.212357 -0.899204
v -0.371159 -0.212357 -0.899204
v -0.443344 -0.171426 -0.874761
v -0.443344 -0.171426 -0.874761
v -0.450540 -0.087409 -0.883095
v -0.450540 -0.087409 -0.883095
v -0.519894 -0.043330 -0.847558
v -0.519894 -0.043330 -0.847558
v -0.523052 0.045535 -0.845265
v -0.523052 0.045535 -0.845265
v -0.585943 0.088767 -0.799572
v -0.585943 0.088767 -0.799572
v -0.582918 0.177348 -0.786917
v -0.582918 0.177348 -0.786917
v -0.636930 0.215747 -0.734112
v -0.636930 0.215747 -0.734112
v -0.626905 0.299137 -0.713393
v -0.626905 0.299137 -0.713393
v -0.671432 0.330039 -0.657609
v -0.671432 0.330039 -0.657609
v -0.655151 0.404911 -0.632041
v -0.655151 0.404911 -0.632041
v -0.691450 0.427345 -0.576755
v -0.691450 0.427345 -0.576755
v -0.762201 0.427344 -0.479373
v -0.762201 0.427344 -0.479373
v -0.832912 0.330038 -0.435351
v -0.832912 0.330038 -0.435351
v -0.803564 0.404910 -0.427767
v -0.803564 0.404910 -0.427767
v -0.809435 0.452956 -0.363102
v -0.809435 0.452956 -0.363102
v -0.895007 0.215746 -0.378897
v -0.895007 0.215746 -0.378897
v -0.872205 0.299136 -0.375765
v -0.872205 0.299136 -0.375765
v -0.880790 0.348278 -0.306329
v -0.880790 0.348278 -0.306329
v -0.847793 0.426948 -0.300640
v -0.847793 0.426948 -0.300640
v -0.845834 0.473207 -0.227568
v -0.845834 0.473207 -0.227568
v -0.941506 0.088767 -0.310178
v -0.941506 0.088767 -0.310178
v -0.928536 0.177347 -0.311212
v -0.928536 0.177347 -0.311212
v -0.939200 0.226045 -0.238155
v -0.939200 0.226045 -0.238155
v -0.914392 0.313469 -0.236193
v -0.914392 0.313469 -0.236193
v -0.913407 0.361092 -0.158778
v -0.913407 0.361092 -0.158778
v -0.877976 0.442070 -0.155615
v -0.877976 0.442070 -0.155615
v -0.865946 0.484390 -0.077642
v -0.865946 0.484390 -0.077642
v -0.966733 -0.043329 -0.232536
v -0.966733 -0.043329 -0.232536
v -0.965527 0.045535 -0.236247
v -0.965527 0.045535 -0.236247
v -0.977337 0.092155 -0.160771
v -0.977337 0.092155 -0.160771
v -0.964065 0.184116 -0.161463
v -0.964065 0.184116 -0.161463
v -0.963688 0.231916 -0.081433
v -0.963688 0.231916 -0.081433
v -0.937831 0.321476 -0.080727
v -0.937831 0.321476 -0.080727
v -0.925096 0.365682 0.000000
v -0.925096 0.365682 0.000000
v -0.888762 0.447472 -0.000000
v -0.888762 0.447472 -0.000000
v -0.865945 0.484390 0.077642
v -0.865945 0.484390 0.077642
v -0.968948 -0.171424 -0.151328
v -0.968948 -0.171424 -0.151328
v -0.979099 -0.087407 -0.155596
v -0.979099 -0.087407 -0.155596
v -0.990791 -0.044091 -0.079376
v -0.990791 -0.044091 -0.079376
v -0.990295 0.046772 -0.080736
v -0.990295 0.046772 -0.080736
v -0.990147 0.093372 0.000000
v -0.990147 0.093372 0.000000
v -0.976812 0.186557 0.000000
v -0.976812 0.186557 0.000000
v -0.963687 0.231916 0.081433
v -0.963687 0.231916 0.081433
v -0.937830 0.321476 0.080727
v -0.937830 0.321476 0.080727
v -0.913407 0.361093 0.158779
v -0.913407 0.361093 0.158779
v -0.877976 0.442070 0.155615
v -0.877976 0.442070 0.155615
v -0.845833 0.473208 0.227568
v -0.845833 0.473208 0.227568
v -0.950891 -0.287722 -0.072247
v -0.950891 -0.287722 -0.072247
v -0.969889 -0.212355 -0.075124
v -0.969889 -0.212355 -0.075124
v -0.980324 -0.172892 0.000000
v -0.980324 -0.172892 0.000000
v -0.991137 -0.088375 0.000000
v -0.991137 -0.088375 0.000000
v -0.990791 -0.044090 0.079377
v -0.990791 -0.044090 0.079377
v -0.990295 0.046773 0.080737
v -0.990295 0.046773 0.080737
v -0.977336 0.092156 0.160772
v -0.977336 0.092156 0.160772
v -0.964064 0.184117 0.161464
v -0.964064 0.184117 0.161464
v -0.939200 0.226046 0.238156
v -0.939200 0.226046 0.238156
v -0.914392 0.313470 0.236193
v -0.914392 0.313470 0.236193
v -0.880790 0.348279 0.306330
v -0.880790 0.348279 0.306330
v -0.847793 0.426949 0.300640
v -0.847793 0.426949 0.300640
v -0.809435 0.452956 0.363102
v -0.809435 0.452956 0.363102
v -0.942555 -0.322865 0.000000
v -0.942555 -0.322865 0.000000
v -0.950891 -0.287722 0.072248
v -0.950891 -0.287722 0.072248
v -0.969889 -0.212355 0.075125
v -0.969889 -0.212355 0.075125
v -0.968948 -0.171424 0.151328
v -0.968948 -0.171424 0.151328
v -0.979099 -0.087407 0.155597
v -0.979099 -0.087407 0.155597
v -0.966733 -0.043329 0.232536
v -0.966733 -0.043329 0.232536
v -0.965527 0.045536 0.236248
v -0.965527 0.045536 0.236248
v -0.941506 0.088767 0.310179
v -0.941506 0.088767 0.310179
v -0.928536 0.177348 0.311213
v -0.928536 0.177348 0.311213
v -0.895007 0.215747 0.378897
v -0.895007 0.215747 0.378897
v -0.872205 0.299136 0.375765
v -0.872205 0.299136 0.375765
v -0.832912 0.330038 0.435351
v -0.832912 0.330038 0.435351
v -0.803564 0.404910 0.427767
v -0.803564 0.404910 0.427767
v -0.762202 0.427344 0.479373
v -0.762202 0.427344 0.479373
v -0.691450 0.427345 0.576755
v -0.691450 0.427345 0.576755
v -0.671433 0.330039 0.657609
v -0.671433 0.330039 0.657609
v -0.655151 0.404911 0.632041
v -0.655151 0.404911 0.632041
v -0.595466 0.452957 0.657607
v -0.595466 0.452957 0.657607
v -0.636930 0.215747 0.734112
v -0.636930 0.215747 0.734112
v -0.626906 0.299137 0.713393
v -0.626906 0.299137 0.713393
v -0.563521 0.348279 0.743015
v -0.563521 0.348279 0.743015
v -0.547914 0.426950 0.713391
v -0.547914 0.426950 0.713391
v -0.477812 0.473209 0.734109
v -0.477812 0.473209 0.734109
v -0.585943 0.088767 0.799571
v -0.585943 0.088767 0.799571
v -0.582919 0.177348 0.786916
v -0.582919 0.177348 0.786916
v -0.516733 0.226046 0.819635
v -0.516733 0.226046 0.819635
v -0.507200 0.313470 0.796647
v -0.507200 0.313470 0.796647
v -0.433270 0.361093 0.819633
v -0.433270 0.361093 0.819633
v -0.419313 0.442071 0.786914
v -0.419313 0.442071 0.786914
v -0.341438 0.484391 0.799567
v -0.341438 0.484391 0.799567
v -0.519895 -0.043330 0.847558
v -0.519895 -0.043330 0.847558
v -0.523053 0.045535 0.845264
v -0.523053 0.045535 0.845264
v -0.454919 0.092155 0.879819
v -0.454919 0.092155 0.879819
v -0.451477 0.184117 0.866983
v -0.451477 0.184117 0.866983
v -0.375246 0.231916 0.891356
v -0.375246 0.231916 0.891356
v -0.366585 0.321477 0.866982
v -0.366585 0.321477 0.866982
v -0.285874 0.365683 0.879817
v -0.285874 0.365683 0.879817
v -0.274646 0.447474 0.845261
v -0.274646 0.447474 0.845261
v -0.193753 0.484391 0.847554
v -0.193753 0.484391 0.847554
v -0.443344 -0.171426 0.874761
v -0.443344 -0.171426 0.874761
v -0.450541 -0.087409 0.883095
v -0.450541 -0.087409 0.883095
v -0.381664 -0.044092 0.917769
v -0.381664 -0.044092 0.917769
v -0.382804 0.046772 0.916877
v -0.382804 0.046772 0.916877
v -0.305973 0.093371 0.941686
v -0.305973 0.093371 0.941686
v -0.301853 0.186557 0.929003
v -0.301853 0.186557 0.929003
v -0.220350 0.231916 0.941685
v -0.220350 0.231916 0.941685
v -0.213032 0.321477 0.916875
v -0.213032 0.321477 0.916875
v -0.131253 0.361093 0.917766
v -0.131253 0.361093 0.917766
v -0.123313 0.442071 0.883092
v -0.123313 0.442071 0.883092
v -0.044949 0.473209 0.874757
v -0.044949 0.473209 0.874757
v -0.362551 -0.287725 0.882025
v -0.362551 -0.287725 0.882025
v -0.371159 -0.212357 0.899204
v -0.371159 -0.212357 0.899204
v -0.302935 -0.172894 0.932343
v -0.302935 -0.172894 0.932343
v -0.306277 -0.088377 0.942627
v -0.306277 -0.088377 0.942627
v -0.230678 -0.044092 0.966827
v -0.230678 -0.044092 0.966827
v -0.229233 0.046772 0.966775
v -0.229233 0.046772 0.966775
v -0.149110 0.092155 0.979183
v -0.149110 0.092155 0.979183
v -0.144351 0.184117 0.966775
v -0.144351 0.184117 0.966775
v -0.063729 0.226046 0.966826
v -0.063729 0.226046 0.966826
v -0.057930 0.313470 0.942626
v -0.057930 0.313470 0.942626
v 0.019158 0.348279 0.932342
v 0.019158 0.348279 0.932342
v 0.023942 0.426950 0.899202
v 0.023942 0.426950 0.899202
v 0.095201 0.452957 0.882023
v 0.095201 0.452957 0.882023
v -0.291262 -0.322869 0.896423
v -0.291262 -0.322869 0.896423
v -0.225126 -0.287725 0.926677
v -0.225126 -0.287725 0.926677
v -0.228261 -0.212357 0.945634
v -0.228261 -0.212357 0.945634
v -0.155496 -0.171426 0.968288
v -0.155496 -0.171426 0.968288
v -0.154574 -0.087408 0.979260
v -0.154574 -0.087408 0.979260
v -0.077578 -0.043330 0.991276
v -0.077578 -0.043330 0.991276
v -0.073677 0.045535 0.991276
v -0.073677 0.045535 0.991276
v 0.004059 0.088767 0.991275
v 0.004059 0.088767 0.991275
v 0.009049 0.177348 0.979260
v 0.009049 0.177348 0.979260
v 0.083782 0.215747 0.968287
v 0.083782 0.215747 0.968287
v 0.087849 0.299137 0.945634
v 0.087849 0.299137 0.945634
v 0.156661 0.330039 0.926676
v 0.156661 0.330039 0.926676
v 0.158516 0.404911 0.896422
v 0.158516 0.404911 0.896422
v 0.220378 0.427345 0.873031
v 0.220378 0.427345 0.873031
v 0.334858 0.427345 0.835834
v 0.334858 0.427345 0.835834
v 0.417940 0.330039 0.841782
v 0.417940 0.330039 0.841782
v 0.398655 0.404911 0.818396
v 0.398655 0.404911 0.818396
v 0.441415 0.452957 0.769532
v 0.441415 0.452957 0.769532
v 0.501360 0.215747 0.832609
v 0.501360 0.215747 0.832609
v 0.484754 0.299137 0.816672
v 0.484754 0.299137 0.816672
v 0.532514 0.348279 0.765543
v 0.532514 0.348279 0.765543
v 0.509163 0.426950 0.741545
v 0.509163 0.426950 0.741545
v 0.550530 0.473208 0.681276
v 0.550530 0.473208 0.681276
v 0.579372 0.088767 0.804345
v 0.579372 0.088767 0.804345
v 0.568272 0.177348 0.797558
v 0.568272 0.177348 0.797558
v 0.619842 0.226046 0.744721
v 0.619842 0.226046 0.744721
v 0.600925 0.313470 0.728552
v 0.600925 0.313470 0.728552
v 0.645633 0.361093 0.665343
v 0.645633 0.361093 0.665343
v 0.618828 0.442071 0.641958
v 0.618828 0.442071 0.641958
v 0.654928 0.484390 0.571804
v 0.654928 0.484390 0.571804
v 0.645421 -0.043330 0.756358
v 0.645421 -0.043330 0.756358
v 0.642263 0.045535 0.758652
v 0.642263 0.045535 0.758652
v 0.696182 0.092155 0.704531
v 0.696182 0.092155 0.704531
v 0.685038 0.184116 0.697290
v 0.685038 0.184116 0.697290
v 0.731775 0.231915 0.632321
v 0.731775 0.231915 0.632321
v 0.711271 0.321476 0.616552
v 0.711271 0.321476 0.616552
v 0.748420 0.365682 0.543757
v 0.748420 0.365682 0.543757
v 0.719024 0.447472 0.522400
v 0.719024 0.447472 0.522400
v 0.746203 0.484389 0.446174
v 0.746203 0.484389 0.446174
v 0.694947 -0.171426 0.691960
v 0.694947 -0.171426 0.691960
v 0.700650 -0.087409 0.701380
v 0.700650 -0.087409 0.701380
v 0.754911 -0.044093 0.646588
v 0.754911 -0.044093 0.646588
v 0.753710 0.046771 0.647397
v 0.753710 0.046771 0.647397
v 0.801047 0.093370 0.581992
v 0.801047 0.093370 0.581992
v 0.790259 0.186555 0.574154
v 0.790259 0.186555 0.574154
v 0.827506 0.231915 0.500558
v 0.827506 0.231915 0.500558
v 0.806173 0.321475 0.485931
v 0.806173 0.321475 0.485931
v 0.832292 0.361091 0.408429
v 0.832292 0.361091 0.408429
v 0.801768 0.442069 0.390163
v 0.801768 0.442069 0.390163
v 0.818057 0.473206 0.313058
v 0.818057 0.473206 0.313058
v 0.726822 -0.287725 0.617367
v 0.726822 -0.287725 0.617367
v 0.740501 -0.212358 0.630861
v 0.740501 -0.212358 0.630861
v 0.793100 -0.172895 0.576217
v 0.793100 -0.172895 0.576217
v 0.801848 -0.088378 0.582573
v 0.801848 -0.088378 0.582573
v 0.848225 -0.044093 0.518151
v 0.848225 -0.044093 0.518151
v 0.848623 0.046770 0.516761
v 0.848623 0.046770 0.516761
v 0.885183 0.092153 0.444393
v 0.885183 0.092153 0.444393
v 0.874853 0.184115 0.436032
v 0.874853 0.184115 0.436032
v 0.899815 0.226043 0.359371
v 0.899815 0.226043 0.359371
v 0.878592 0.313467 0.346377
v 0.878592 0.313467 0.346377
v 0.892632 0.348276 0.269885
v 0.892632 0.348276 0.269885
v 0.862593 0.426946 0.255093
v 0.862593 0.426946 0.255093
v 0.868275 0.452953 0.182013
v 0.868275 0.452953 0.182013
v 0.762544 -0.322869 0.554016
v 0.762544 -0.322869 0.554016
v 0.811755 -0.287725 0.500465
v 0.811755 -0.287725 0.500465
v 0.828816 -0.212357 0.509305
v 0.828816 -0.212357 0.509305
v 0.872847 -0.171426 0.447100
v 0.872847 -0.171426 0.447100
v 0.883567 -0.087409 0.449614
v 0.883567 -0.087409 0.449614
v 0.918787 -0.043330 0.380099
v 0.918787 -0.043330 0.380099
v 0.919993 0.045534 0.376388
v 0.919993 0.045534 0.376388
v 0.944015 0.088766 0.302456
v 0.944015 0.088766 0.302456
v 0.934130 0.177346 0.293997
v 0.934130 0.177346 0.293997
v 0.946788 0.215745 0.219531
v 0.946788 0.215745 0.219531
v 0.926500 0.299134 0.208663
v 0.926500 0.299134 0.208663
v 0.929734 0.330036 0.137361
v 0.929734 0.330036 0.137361
v 0.901534 0.404907 0.126247
v 0.901534 0.404907 0.126247
v 0.898404 0.427341 0.060184
v 0.898404 0.427341 0.060184
v 0.283661 0.388234 -0.873031
v 0.283661 0.388234 -0.873031
v 0.362551 0.287725 -0.882025
v 0.362551 0.287725 -0.882025
v 0.443344 0.171426 -0.874761
v 0.443344 0.171426 -0.874761
v 0.519895 0.043330 -0.847558
v 0.519895 0.043330 -0.847558
v 0.585943 -0.088767 -0.799571
v 0.585943 -0.088767 -0.799571
v 0.636930 -0.215747 -0.734111
v 0.636930 -0.215747 -0.734111
v 0.671433 -0.330039 -0.657609
v 0.671433 -0.330039 -0.657609
v 0.291262 0.322869 -0.896423
v 0.291262 0.322869 -0.896423
v 0.225126 0.287725 -0.926677
v 0.225126 0.287725 -0.926677
v 0.371159 0.212357 -0.899204
v 0.371159 0.212357 -0.899204
v 0.302935 0.172894 -0.932343
v 0.302935 0.172894 -0.932343
v 0.228261 0.212357 -0.945634
v 0.228261 0.212357 -0.945634
v 0.155496 0.171426 -0.968288
v 0.155496 0.171426 -0.968288
v 0.450541 0.087408 -0.883095
v 0.450541 0.087408 -0.883095
v 0.381664 0.044092 -0.917769
v 0.381664 0.044092 -0.917769
v 0.306277 0.088376 -0.942627
v 0.306277 0.088376 -0.942627
v 0.230678 0.044092 -0.966827
v 0.230678 0.044092 -0.966827
v 0.154574 0.087408 -0.979260
v 0.154574 0.087408 -0.979260
v 0.077578 0.043329 -0.991276
v 0.077578 0.043329 -0.991276
v 0.523053 -0.045535 -0.845264
v 0.523053 -0.045535 -0.845264
v 0.454919 -0.092156 -0.879820
v 0.454919 -0.092156 -0.879820
v 0.382804 -0.046772 -0.916877
v 0.382804 -0.046772 -0.916877
v 0.305973 -0.093372 -0.941686
v 0.305973 -0.093372 -0.941686
v 0.229233 -0.046772 -0.966775
v 0.229233 -0.046772 -0.966775
v 0.149110 -0.092156 -0.979183
v 0.149110 -0.092156 -0.979183
v 0.073677 -0.045535 -0.991276
v 0.073677 -0.045535 -0.991276
v -0.004059 -0.088767 -0.991275
v -0.004059 -0.088767 -0.991275
v 0.582919 -0.177348 -0.786916
v 0.582919 -0.177348 -0.786916
v 0.516733 -0.226047 -0.819635
v 0.516733 -0.226047 -0.819635
v 0.451477 -0.184118 -0.866983
v 0.451477 -0.184118 -0.866983
v 0.375246 -0.231917 -0.891355
v 0.375246 -0.231917 -0.891355
v 0.301853 -0.186558 -0.929003
v 0.301853 -0.186558 -0.929003
v 0.220350 -0.231917 -0.941685
v 0.220350 -0.231917 -0.941685
v 0.144351 -0.184118 -0.966775
v 0.144351 -0.184118 -0.966775
v 0.063729 -0.226046 -0.966826
v 0.063729 -0.226046 -0.966826
v -0.009049 -0.177348 -0.979260
v -0.009049 -0.177348 -0.979260
v -0.083782 -0.215747 -0.968287
v -0.083782 -0.215747 -0.968287
v 0.626906 -0.299137 -0.713393
v 0.626906 -0.299137 -0.713393
v 0.563521 -0.348279 -0.743015
v 0.563521 -0.348279 -0.743015
v 0.507200 -0.313471 -0.796647
v 0.507200 -0.313471 -0.796647
v 0.433270 -0.361094 -0.819633
v 0.433270 -0.361094 -0.819633
v 0.366585 -0.321478 -0.866982
v 0.366585 -0.321478 -0.866982
v 0.285874 -0.365684 -0.879817
v 0.285874 -0.365684 -0.879817
v 0.213031 -0.321478 -0.916875
v 0.213031 -0.321478 -0.916875
v 0.131252 -0.361094 -0.917766
v 0.131252 -0.361094 -0.917766
v 0.057930 -0.313471 -0.942626
v 0.057930 -0.313471 -0.942626
v -0.019158 -0.348279 -0.932342
v -0.019158 -0.348279 -0.932342
v -0.087849 -0.299137 -0.945633
v -0.087849 -0.299137 -0.945633
v -0.156661 -0.330039 -0.926676
v -0.156661 -0.330039 -0.926676
v 0.655151 -0.404911 -0.632041
v 0.655151 -0.404911 -0.632041
v 0.595466 -0.452957 -0.657607
v 0.595466 -0.452957 -0.657607
v 0.547914 -0.426950 -0.713391
v 0.547914 -0.426950 -0.713391
v 0.477812 -0.473209 -0.734109
v 0.477812 -0.473209 -0.734109
v 0.419313 -0.442072 -0.786913
v 0.419313 -0.442072 -0.786913
v 0.341438 -0.484391 -0.799568
v 0.341438 -0.484391 -0.799568
v 0.274646 -0.447474 -0.845261
v 0.274646 -0.447474 -0.845261
v 0.193753 -0.484391 -0.847554
v 0.193753 -0.484391 -0.847554
v 0.123313 -0.442072 -0.883092
v 0.123313 -0.442072 -0.883092
v 0.044949 -0.473209 -0.874757
v 0.044949 -0.473209 -0.874757
v -0.023943 -0.426950 -0.899202
v -0.023943 -0.426950 -0.899202
v -0.095201 -0.452957 -0.882023
v -0.095201 -0.452957 -0.882023
v -0.158516 -0.404911 -0.896422
v -0.158516 -0.404911 -0.896422
v -0.220378 -0.427345 -0.873031
v -0.220378 -0.427345 -0.873031
v -0.742647 0.388234 -0.539558
v -0.742647 0.388234 -0.539558
v -0.726822 0.287725 -0.617367
v -0.726822 0.287725 -0.617367
v -0.694947 0.171426 -0.691960
v -0.694947 0.171426 -0.691960
v -0.645420 0.043329 -0.756358
v -0.645420 0.043329 -0.756358
v -0.579372 -0.088767 -0.804345
v -0.579372 -0.088767 -0.804345
v -0.501360 -0.215747 -0.832609
v -0.501360 -0.215747 -0.832609
v -0.417940 -0.330039 -0.841782
v -0.417940 -0.330039 -0.841782
v -0.762545 0.322868 -0.554015
v -0.762545 0.322868 -0.554015
v -0.811755 0.287724 -0.500465
v -0.811755 0.287724 -0.500465
v -0.740501 0.212357 -0.630861
v -0.740501 0.212357 -0.630861
v -0.793100 0.172894 -0.576217
v -0.793100 0.172894 -0.576217
v -0.828816 0.212356 -0.509304
v -0.828816 0.212356 -0.509304
v -0.872847 0.171425 -0.447100
v -0.872847 0.171425 -0.447100
v -0.700650 0.087408 -0.701380
v -0.700650 0.087408 -0.701380
v -0.754911 0.044091 -0.646588
v -0.754911 0.044091 -0.646588
v -0.801848 0.088376 -0.582573
v -0.801848 0.088376 -0.582573
v -0.848225 0.044091 -0.518151
v -0.848225 0.044091 -0.518151
v -0.883567 0.087408 -0.449614
v -0.883567 0.087408 -0.449614
v -0.918787 0.043329 -0.380099
v -0.918787 0.043329 -0.380099
v -0.642263 -0.045535 -0.758653
v -0.642263 -0.045535 -0.758653
v -0.696182 -0.092156 -0.704532
v -0.696182 -0.092156 -0.704532
v -0.753710 -0.046772 -0.647397
v -0.753710 -0.046772 -0.647397
v -0.801047 -0.093372 -0.581993
v -0.801047 -0.093372 -0.581993
v -0.848623 -0.046772 -0.516761
v -0.848623 -0.046772 -0.516761
v -0.885183 -0.092156 -0.444393
v -0.885183 -0.092156 -0.444393
v -0.919993 -0.045535 -0.376388
v -0.919993 -0.045535 -0.376388
v -0.944015 -0.088767 -0.302456
v -0.944015 -0.088767 -0.302456
v -0.568271 -0.177348 -0.797558
v -0.568271 -0.177348 -0.797558
v -0.619841 -0.226046 -0.744722
v -0.619841 -0.226046 -0.744722
v -0.685037 -0.184117 -0.697291
v -0.685037 -0.184117 -0.697291
v -0.731774 -0.231917 -0.632322
v -0.731774 -0.231917 -0.632322
v -0.790258 -0.186557 -0.574155
v -0.790258 -0.186557 -0.574155
v -0.827505 -0.231916 -0.500559
v -0.827505 -0.231916 -0.500559
v -0.874852 -0.184117 -0.436033
v -0.874852 -0.184117 -0.436033
v -0.899815 -0.226045 -0.359371
v -0.899815 -0.226045 -0.359371
v -0.934129 -0.177347 -0.293997
v -0.934129 -0.177347 -0.293997
v -0.946788 -0.215745 -0.219531
v -0.946788 -0.215745 -0.219531
v -0.484753 -0.299137 -0.816673
v -0.484753 -0.299137 -0.816673
v -0.532513 -0.348279 -0.765544
v -0.532513 -0.348279 -0.765544
v -0.600924 -0.313470 -0.728553
v -0.600924 -0.313470 -0.728553
v -0.645632 -0.361093 -0.665344
v -0.645632 -0.361093 -0.665344
v -0.711269 -0.321477 -0.616553
v -0.711269 -0.321477 -0.616553
v -0.748418 -0.365683 -0.543758
v -0.748418 -0.365683 -0.543758
v -0.806171 -0.321477 -0.485932
v -0.806171 -0.321477 -0.485932
v -0.832290 -0.361092 -0.408430
v -0.832290 -0.361092 -0.408430
v -0.878591 -0.313469 -0.346378
v -0.878591 -0.313469 -0.346378
v -0.892632 -0.348277 -0.269885
v -0.892632 -0.348277 -0.269885
v -0.926499 -0.299135 -0.208663
v -0.926499 -0.299135 -0.208663
v -0.929734 -0.330036 -0.137361
v -0.929734 -0.330036 -0.137361
v -0.398655 -0.404911 -0.818397
v -0.398655 -0.404911 -0.818397
v -0.441415 -0.452957 -0.769532
v -0.441415 -0.452957 -0.769532
v -0.509163 -0.426950 -0.741546
v -0.509163 -0.426950 -0.741546
v -0.550530 -0.473209 -0.681276
v -0.550530 -0.473209 -0.681276
v -0.618827 -0.442071 -0.641958
v -0.618827 -0.442071 -0.641958
v -0.654927 -0.484390 -0.571804
v -0.654927 -0.484390 -0.571804
v -0.719023 -0.447473 -0.522401
v -0.719023 -0.447473 -0.522401
v -0.746202 -0.484390 -0.446175
v -0.746202 -0.484390 -0.446175
v -0.801767 -0.442070 -0.390164
v -0.801767 -0.442070 -0.390164
v -0.818057 -0.473206 -0.313059
v -0.818057 -0.473206 -0.313059
v -0.862593 -0.426947 -0.255093
v -0.862593 -0.426947 -0.255093
v -0.868275 -0.452954 -0.182013
v -0.868275 -0.452954 -0.182013
v -0.901534 -0.404907 -0.126247
v -0.901534 -0.404907 -0.126247
v -0.898404 -0.427341 -0.060184
v -0.898404 -0.427341 -0.060184
v -0.742647 0.388234 0.539558
v -0.742647 0.388234 0.539558
v -0.811755 0.287724 0.500464
v -0.811755 0.287724 0.500464
v -0.872847 0.171425 0.447100
v -0.872847 0.171425 0.447100
v -0.918788 0.043329 0.380099
v -0.918788 0.043329 0.380099
v -0.944015 -0.088767 0.302456
v -0.944015 -0.088767 0.302456
v -0.946788 -0.215745 0.219531
v -0.946788 -0.215745 0.219531
v -0.929734 -0.330036 0.137361
v -0.929734 -0.330036 0.137361
v -0.762545 0.322868 0.554015
v -0.762545 0.322868 0.554015
v -0.726822 0.287725 0.617366
v -0.726822 0.287725 0.617366
v -0.828816 0.212357 0.509304
v -0.828816 0.212357 0.509304
v -0.793101 0.172894 0.576217
v -0.793101 0.172894 0.576217
v -0.740501 0.212357 0.630861
v -0.740501 0.212357 0.630861
v -0.694947 0.171426 0.691960
v -0.694947 0.171426 0.691960
v -0.883567 0.087408 0.449614
v -0.883567 0.087408 0.449614
v -0.848225 0.044091 0.518151
v -0.848225 0.044091 0.518151
v -0.801848 0.088376 0.582573
v -0.801848 0.088376 0.582573
v -0.754911 0.044092 0.646588
v -0.754911 0.044092 0.646588
v -0.700650 0.087408 0.701380
v -0.700650 0.087408 0.701380
v -0.645421 0.043329 0.756358
v -0.645421 0.043329 0.756358
v -0.919993 -0.045535 0.376388
v -0.919993 -0.045535 0.376388
v -0.885183 -0.092156 0.444393
v -0.885183 -0.092156 0.444393
v -0.848623 -0.046772 0.516760
v -0.848623 -0.046772 0.516760
v -0.801047 -0.093371 0.581993
v -0.801047 -0.093371 0.581993
v -0.753710 -0.046772 0.647397
v -0.753710 -0.046772 0.647397
v -0.696182 -0.092156 0.704531
v -0.696182 -0.092156 0.704531
v -0.642263 -0.045535 0.758652
v -0.642263 -0.045535 0.758652
v -0.579372 -0.088767 0.804345
v -0.579372 -0.088767 0.804345
v -0.934129 -0.177347 0.293997
v -0.934129 -0.177347 0.293997
v -0.899815 -0.226045 0.359371
v -0.899815 -0.226045 0.359371
v -0.874852 -0.184117 0.436033
v -0.874852 -0.184117 0.436033
v -0.827505 -0.231916 0.500559
v -0.827505 -0.231916 0.500559
v -0.790258 -0.186557 0.574155
v -0.790258 -0.186557 0.574155
v -0.731774 -0.231917 0.632322
v -0.731774 -0.231917 0.632322
v -0.685037 -0.184117 0.697291
v -0.685037 -0.184117 0.697291
v -0.619841 -0.226046 0.744722
v -0.619841 -0.226046 0.744722
v -0.568271 -0.177348 0.797558
v -0.568271 -0.177348 0.797558
v -0.501360 -0.215747 0.832609
v -0.501360 -0.215747 0.832609
v -0.926499 -0.299135 0.208663
v -0.926499 -0.299135 0.208663
v -0.892632 -0.348277 0.269885
v -0.892632 -0.348277 0.269885
v -0.878591 -0.313469 0.346378
v -0.878591 -0.313469 0.346378
v -0.832290 -0.361092 0.408430
v -0.832290 -0.361092 0.408430
v -0.806171 -0.321477 0.485932
v -0.806171 -0.321477 0.485932
v -0.748418 -0.365683 0.543758
v -0.748418 -0.365683 0.543758
v -0.711269 -0.321477 0.616553
v -0.711269 -0.321477 0.616553
v -0.645632 -0.361093 0.665344
v -0.645632 -0.361093 0.665344
v -0.600924 -0.313470 0.728553
v -0.600924 -0.313470 0.728553
v -0.532513 -0.348279 0.765544
v -0.532513 -0.348279 0.765544
v -0.484753 -0.299137 0.816673
v -0.484753 -0.299137 0.816673
v -0.417940 -0.330039 0.841782
v -0.417940 -0.330039 0.841782
v -0.901534 -0.404907 0.126247
v -0.901534 -0.404907 0.126247
v -0.868275 -0.452954 0.182013
v -0.868275 -0.452954 0.182013
v -0.862593 -0.426947 0.255093
v -0.862593 -0.426947 0.255093
v -0.818057 -0.473206 0.313059
v -0.818057 -0.473206 0.313059
v -0.801767 -0.442070 0.390164
v -0.801767 -0.442070 0.390164
v -0.746202 -0.484390 0.446175
v -0.746202 -0.484390 0.446175
v -0.719023 -0.447473 0.522401
v -0.719023 -0.447473 0.522401
v -0.654927 -0.484390 0.571804
v -0.654927 -0.484390 0.571804
v -0.618827 -0.442071 0.641958
v -0.618827 -0.442071 0.641958
v -0.550530 -0.473209 0.681276
v -0.550530 -0.473209 0.681276
v -0.509163 -0.426950 0.741546
v -0.509163 -0.426950 0.741546
v -0.441415 -0.452957 0.769532
v -0.441415 -0.452957 0.769532
v -0.398655 -0.404911 0.818397
v -0.398655 -0.404911 0.818397
v -0.334858 -0.427345 0.835835
v -0.334858 -0.427345 0.835835
v 0.283661 0.388234 0.873031
v 0.283661 0.388234 0.873031
v 0.225126 0.287725 0.926677
v 0.225126 0.287725 0.926677
v 0.155496 0.171426 0.968288
v 0.155496 0.171426 0.968288
v 0.077578 0.043329 0.991276
v 0.077578 0.043329 0.991276
v -0.004059 -0.088767 0.991275
v -0.004059 -0.088767 0.991275
v -0.083782 -0.215747 0.968287
v -0.083782 -0.215747 0.968287
v -0.156661 -0.330039 0.926676
v -0.156661 -0.330039 0.926676
v 0.291262 0.322869 0.896423
v 0.291262 0.322869 0.896423
v 0.362551 0.287725 0.882025
v 0.362551 0.287725 0.882025
v 0.228261 0.212357 0.945634
v 0.228261 0.212357 0.945634
v 0.302935 0.172894 0.932343
v 0.302935 0.172894 0.932343
v 0.371159 0.212357 0.899204
v 0.371159 0.212357 0.899204
v 0.443344 0.171426 0.874761
v 0.443344 0.171426 0.874761
v 0.154574 0.087408 0.979260
v 0.154574 0.087408 0.979260
v 0.230678 0.044092 0.966827
v 0.230678 0.044092 0.966827
v 0.306277 0.088376 0.942627
v 0.306277 0.088376 0.942627
v 0.381664 0.044092 0.917769
v 0.381664 0.044092 0.917769
v 0.450540 0.087408 0.883095
v 0.450540 0.087408 0.883095
v 0.519895 0.043329 0.847558
v 0.519895 0.043329 0.847558
v 0.073677 -0.045535 0.991276
v 0.073677 -0.045535 0.991276
v 0.149110 -0.092156 0.979183
v 0.149110 -0.092156 0.979183
v 0.229233 -0.046772 0.966775
v 0.229233 -0.046772 0.966775
v 0.305973 -0.093372 0.941686
v 0.305973 -0.093372 0.941686
v 0.382804 -0.046772 0.916877
v 0.382804 -0.046772 0.916877
v 0.454919 -0.092156 0.879820
v 0.454919 -0.092156 0.879820
v 0.523052 -0.045535 0.845264
v 0.523052 -0.045535 0.845264
v 0.585943 -0.088767 0.799571
v 0.585943 -0.088767 0.799571
v -0.009049 -0.177348 0.979260
v -0.009049 -0.177348 0.979260
v 0.063729 -0.226046 0.966826
v 0.063729 -0.226046 0.966826
v 0.144351 -0.184118 0.966775
v 0.144351 -0.184118 0.966775
v 0.220350 -0.231917 0.941685
v 0.220350 -0.231917 0.941685
v 0.301853 -0.186558 0.929003
v 0.301853 -0.186558 0.929003
v 0.375246 -0.231917 0.891355
v 0.375246 -0.231917 0.891355
v 0.451477 -0.184118 0.866983
v 0.451477 -0.184118 0.866983
v 0.516732 -0.226047 0.819635
v 0.516732 -0.226047 0.819635
v 0.582919 -0.177348 0.786916
v 0.582919 -0.177348 0.786916
v 0.636930 -0.215747 0.734112
v 0.636930 -0.215747 0.734112
v -0.087849 -0.299137 0.945633
v -0.087849 -0.299137 0.945633
v -0.019158 -0.348279 0.932342
v -0.019158 -0.348279 0.932342
v 0.057930 -0.313471 0.942625
v 0.057930 -0.313471 0.942625
v 0.131252 -0.361094 0.917766
v 0.131252 -0.361094 0.917766
v 0.213031 -0.321478 0.916875
v 0.213031 -0.321478 0.916875
v 0.285874 -0.365684 0.879817
v 0.285874 -0.365684 0.879817
v 0.366585 -0.321478 0.866982
v 0.366585 -0.321478 0.866982
v 0.433270 -0.361094 0.819633
v 0.433270 -0.361094 0.819633
v 0.507200 -0.313471 0.796647
v 0.507200 -0.313471 0.796647
v 0.563521 -0.348279 0.743015
v 0.563521 -0.348279 0.743015
v 0.626906 -0.299137 0.713393
v 0.626906 -0.299137 0.713393
v 0.671433 -0.330039 0.657609
v 0.671433 -0.330039 0.657609
v -0.158516 -0.404911 0.896422
v -0.158516 -0.404911 0.896422
v -0.095201 -0.452957 0.882023
v -0.095201 -0.452957 0.882023
v -0.023943 -0.426950 0.899202
v -0.023943 -0.426950 0.899202
v 0.044949 -0.473209 0.874757
v 0.044949 -0.473209 0.874757
v 0.123313 -0.442072 0.883091
v 0.123313 -0.442072 0.883091
v 0.193753 -0.484391 0.847554
v 0.193753 -0.484391 0.847554
v 0.274646 -0.447474 0.845261
v 0.274646 -0.447474 0.845261
v 0.341438 -0.484391 0.799567
v 0.341438 -0.484391 0.799567
v 0.419313 -0.442072 0.786914
v 0.419313 -0.442072 0.786914
v 0.477812 -0.473209 0.734109
v 0.477812 -0.473209 0.734109
v 0.547914 -0.426950 0.713391
v 0.547914 -0.426950 0.713391
v 0.595466 -0.452957 0.657607
v 0.595466 -0.452957 0.657607
v 0.655151 -0.404911 0.632041
v 0.655151 -0.404911 0.632041
v 0.691450 -0.427345 0.576755
v 0.691450 -0.427345 0.576755
v 0.917960 0.388230 0.000000
v 0.917960 0.388230 0.000000
v 0.950891 0.287722 0.072248
v 0.950891 0.287722 0.072248
v 0.968948 0.171424 0.151328
v 0.968948 0.171424 0.151328
v 0.966733 0.043329 0.232536
v 0.966733 0.043329 0.232536
v 0.941506 -0.088767 0.310178
v 0.941506 -0.088767 0.310178
v 0.895007 -0.215746 0.378897
v 0.895007 -0.215746 0.378897
v 0.832912 -0.330038 0.435351
v 0.832912 -0.330038 0.435351
v 0.942555 0.322866 0.000000
v 0.942555 0.322866 0.000000
v 0.950891 0.287722 -0.072248
v 0.950891 0.287722 -0.072248
v 0.969889 0.212355 0.075124
v 0.969889 0.212355 0.075124
v 0.980324 0.172892 0.000000
v 0.980324 0.172892 0.000000
v 0.969889 0.212355 -0.075124
v 0.969889 0.212355 -0.075124
v 0.968948 0.171424 -0.151328
v 0.968948 0.171424 -0.151328
v 0.979098 0.087407 0.155596
v 0.979098 0.087407 0.155596
v 0.990791 0.044091 0.079377
v 0.990791 0.044091 0.079377
v 0.991137 0.088376 0.000000
v 0.991137 0.088376 0.000000
v 0.990791 0.044091 -0.079377
v 0.990791 0.044091 -0.079377
v 0.979098 0.087408 -0.155596
v 0.979098 0.087408 -0.155596
v 0.966733 0.043329 -0.232536
v 0.966733 0.043329 -0.232536
v 0.965527 -0.045535 0.236247
v 0.965527 -0.045535 0.236247
v 0.977337 -0.092155 0.160771
v 0.977337 -0.092155 0.160771
v 0.990295 -0.046772 0.080736
v 0.990295 -0.046772 0.080736
v 0.990147 -0.093371 0.000000
v 0.990147 -0.093371 0.000000
v 0.990295 -0.046772 -0.080736
v 0.990295 -0.046772 -0.080736
v 0.977337 -0.092155 -0.160771
v 0.977337 -0.092155 -0.160771
v 0.965527 -0.045535 -0.236247
v 0.965527 -0.045535 -0.236247
v 0.941506 -0.088767 -0.310178
v 0.941506 -0.088767 -0.310178
v 0.928536 -0.177347 0.311212
v 0.928536 -0.177347 0.311212
v 0.939200 -0.226045 0.238155
v 0.939200 -0.226045 0.238155
v 0.964065 -0.184116 0.161463
v 0.964065 -0.184116 0.161463
v 0.963687 -0.231916 0.081433
v 0.963687 -0.231916 0.081433
v 0.976812 -0.186556 0.000000
v 0.976812 -0.186556 0.000000
v 0.963688 -0.231916 -0.081433
v 0.963688 -0.231916 -0.081433
v 0.964065 -0.184116 -0.161463
v 0.964065 -0.184116 -0.161463
v 0.939200 -0.226045 -0.238155
v 0.939200 -0.226045 -0.238155
v 0.928536 -0.177347 -0.311212
v 0.928536 -0.177347 -0.311212
v 0.895007 -0.215746 -0.378897
v 0.895007 -0.215746 -0.378897
v 0.872205 -0.299136 0.375765
v 0.872205 -0.299136 0.375765
v 0.880790 -0.348278 0.306329
v 0.880790 -0.348278 0.306329
v 0.914392 -0.313469 0.236193
v 0.914392 -0.313469 0.236193
v 0.913407 -0.361092 0.158778
v 0.913407 -0.361092 0.158778
v 0.937830 -0.321476 0.080727
v 0.937830 -0.321476 0.080727
v 0.925096 -0.365682 0.000000
v 0.925096 -0.365682 0.000000
v 0.937831 -0.321476 -0.080727
v 0.937831 -0.321476 -0.080727
v 0.913407 -0.361092 -0.158778
v 0.913407 -0.361092 -0.158778
v 0.914392 -0.313469 -0.236193
v 0.914392 -0.313469 -0.236193
v 0.880790 -0.348278 -0.306329
v 0.880790 -0.348278 -0.306329
v 0.872205 -0.299136 -0.375765
v 0.872205 -0.299136 -0.375765
v 0.832912 -0.330038 -0.435351
v 0.832912 -0.330038 -0.435351
v 0.803564 -0.404910 0.427767
v 0.803564 -0.404910 0.427767
v 0.809435 -0.452956 0.363102
v 0.809435 -0.452956 0.363102
v 0.847793 -0.426949 0.300640
v 0.847793 -0.426949 0.300640
v 0.845834 -0.473207 0.227568
v 0.845834 -0.473207 0.227568
v 0.877976 -0.442070 0.155615
v 0.877976 -0.442070 0.155615
v 0.865946 -0.484390 0.077642
v 0.865946 -0.484390 0.077642
v 0.888762 -0.447472 0.000000
v 0.888762 -0.447472 0.000000
v 0.865945 -0.484390 -0.077642
v 0.865945 -0.484390 -0.077642
v 0.877976 -0.442070 -0.155615
v 0.877976 -0.442070 -0.155615
v 0.845834 -0.473208 -0.227568
v 0.845834 -0.473208 -0.227568
v 0.847793 -0.426949 -0.300640
v 0.847793 -0.426949 -0.300640
v 0.809435 -0.452956 -0.363102
v 0.809435 -0.452956 -0.363102
v 0.803564 -0.404910 -0.427767
v 0.803564 -0.404910 -0.427767
v 0.762201 -0.427344 -0.479373
v 0.762201 -0.427344 -0.479373
v 0.679364 -0.490628 -0.539558
v 0.679364 -0.490628 -0.539558
v 0.620372 -0.597388 -0.500463
v 0.620372 -0.597388 -0.500463
v 0.629798 -0.537656 -0.554014
v 0.629798 -0.537656 -0.554014
v 0.582390 -0.521422 -0.617364
v 0.582390 -0.521422 -0.617364
v 0.543672 -0.704039 -0.447098
v 0.543672 -0.704039 -0.447098
v 0.560591 -0.646353 -0.509302
v 0.560591 -0.646353 -0.509302
v 0.509323 -0.632056 -0.576214
v 0.509323 -0.632056 -0.576214
v 0.521097 -0.567361 -0.630858
v 0.521097 -0.567361 -0.630858
v 0.464116 -0.544922 -0.691956
v 0.464116 -0.544922 -0.691956
v 0.449646 -0.802414 -0.380097
v 0.449646 -0.802414 -0.380097
v 0.473320 -0.751200 -0.449611
v 0.473320 -0.751200 -0.449611
v 0.418772 -0.738961 -0.518148
v 0.418772 -0.738961 -0.518148
v 0.437642 -0.677676 -0.582569
v 0.437642 -0.677676 -0.582569
v 0.377043 -0.655499 -0.646584
v 0.377043 -0.655499 -0.646584
v 0.391520 -0.587595 -0.701376
v 0.391520 -0.587595 -0.701376
v 0.327397 -0.557910 -0.756354
v 0.327397 -0.557910 -0.756354
v 0.342779 -0.884051 -0.302455
v 0.342779 -0.884051 -0.302455
v 0.370704 -0.843233 -0.376386
v 0.370704 -0.843233 -0.376386
v 0.313439 -0.832947 -0.444390
v 0.313439 -0.832947 -0.444390
v 0.337681 -0.779951 -0.516757
v 0.337681 -0.779951 -0.516757
v 0.274726 -0.758238 -0.581988
v 0.274726 -0.758238 -0.581988
v 0.295236 -0.695060 -0.647393
v 0.295236 -0.695060 -0.647393
v 0.228918 -0.663901 -0.704527
v 0.228918 -0.663901 -0.704527
v 0.246504 -0.594827 -0.758648
v 0.246504 -0.594827 -0.758648
v 0.179712 -0.557910 -0.804340
v 0.179712 -0.557910 -0.804340
v 0.230447 -0.943317 -0.219530
v 0.230447 -0.943317 -0.219530
v 0.259131 -0.914823 -0.293996
v 0.259131 -0.914823 -0.293996
v 0.200230 -0.905910 -0.359369
v 0.200230 -0.905910 -0.359369
v 0.226568 -0.864832 -0.436030
v 0.226568 -0.864832 -0.436030
v 0.162642 -0.843861 -0.500556
v 0.162642 -0.843861 -0.500556
v 0.186556 -0.790262 -0.574151
v 0.186556 -0.790262 -0.574151
v 0.119831 -0.758238 -0.632318
v 0.119831 -0.758238 -0.632318
v 0.141683 -0.695060 -0.697286
v 0.141683 -0.695060 -0.697286
v 0.075026 -0.655499 -0.744717
v 0.075026 -0.655499 -0.744717
v 0.095520 -0.587595 -0.797554
v 0.095520 -0.587595 -0.797554
v 0.031253 -0.544922 -0.832605
v 0.031253 -0.544922 -0.832605
v 0.120598 -0.979176 -0.137360
v 0.120598 -0.979176 -0.137360
v 0.146790 -0.962463 -0.208662
v 0.146790 -0.962463 -0.208662
v 0.087691 -0.954149 -0.269884
v 0.087691 -0.954149 -0.269884
v 0.112546 -0.926023 -0.346376
v 0.112546 -0.926023 -0.346376
v 0.049246 -0.905909 -0.408428
v 0.049246 -0.905909 -0.408428
v 0.072998 -0.864832 -0.485929
v 0.072998 -0.864832 -0.485929
v 0.007633 -0.832946 -0.543755
v 0.007633 -0.832946 -0.543755
v 0.030558 -0.779950 -0.616550
v 0.030558 -0.779950 -0.616550
v -0.034228 -0.738960 -0.665340
v -0.034228 -0.738960 -0.665340
v -0.011627 -0.677676 -0.728549
v -0.011627 -0.677676 -0.728549
v -0.073353 -0.632055 -0.765541
v -0.073353 -0.632055 -0.765541
v -0.050758 -0.567361 -0.816669
v -0.050758 -0.567361 -0.816669
v -0.108277 -0.521422 -0.841780
v -0.108277 -0.521422 -0.841780
v 0.041021 -0.987436 -0.126247
v 0.041021 -0.987436 -0.126247
v -0.016826 -0.979176 -0.182013
v -0.016826 -0.979176 -0.182013
v 0.003895 -0.962463 -0.255092
v 0.003895 -0.962463 -0.255092
v -0.057397 -0.943317 -0.313058
v -0.057397 -0.943317 -0.313058
v -0.036832 -0.914823 -0.390162
v -0.036832 -0.914823 -0.390162
v -0.099532 -0.884051 -0.446173
v -0.099532 -0.884051 -0.446173
v -0.078667 -0.843232 -0.522399
v -0.078667 -0.843232 -0.522399
v -0.140350 -0.802414 -0.571802
v -0.140350 -0.802414 -0.571802
v -0.118643 -0.751200 -0.641956
v -0.118643 -0.751200 -0.641956
v -0.177035 -0.704039 -0.681274
v -0.177035 -0.704039 -0.681274
v -0.154160 -0.646352 -0.741543
v -0.154160 -0.646352 -0.741543
v -0.207718 -0.597388 -0.769531
v -0.207718 -0.597388 -0.769531
v -0.183867 -0.537656 -0.818395
v -0.183867 -0.537656 -0.818395
v -0.232464 -0.490628 -0.835834
v -0.232464 -0.490628 -0.835834
v -0.303216 -0.490628 -0.812845
v -0.303216 -0.490628 -0.812845
v -0.284264 -0.597389 -0.744659
v -0.284264 -0.597389 -0.744659
v -0.257212 -0.704039 -0.655223
v -0.257212 -0.704039 -0.655223
v -0.222546 -0.802414 -0.545094
v -0.222546 -0.802414 -0.545094
v -0.181727 -0.884052 -0.419465
v -0.181727 -0.884052 -0.419465
v -0.137573 -0.943317 -0.287006
v -0.137573 -0.943317 -0.287006
v -0.093371 -0.979176 -0.157142
v -0.093371 -0.979176 -0.157142
v -0.332282 -0.537657 -0.770172
v -0.332282 -0.537657 -0.770172
v -0.407182 -0.521422 -0.744660
v -0.407182 -0.521422 -0.744660
v -0.311144 -0.646353 -0.690536
v -0.311144 -0.646353 -0.690536
v -0.390625 -0.632056 -0.662453
v -0.390625 -0.632056 -0.662453
v -0.438957 -0.567361 -0.690537
v -0.438957 -0.567361 -0.690537
v -0.514673 -0.544921 -0.655224
v -0.514673 -0.544921 -0.655224
v -0.281343 -0.751200 -0.589091
v -0.281343 -0.751200 -0.589091
v -0.363382 -0.738961 -0.558391
v -0.363382 -0.738961 -0.558391
v -0.418820 -0.677676 -0.596244
v -0.418820 -0.677676 -0.596244
v -0.498429 -0.655499 -0.558392
v -0.498429 -0.655499 -0.558392
v -0.546065 -0.587595 -0.589092
v -0.546065 -0.587595 -0.589092
v -0.618168 -0.557909 -0.545096
v -0.618168 -0.557909 -0.545096
v -0.243412 -0.843233 -0.468869
v -0.243412 -0.843233 -0.468869
v -0.325784 -0.832947 -0.435421
v -0.325784 -0.832947 -0.435421
v -0.387118 -0.779951 -0.480838
v -0.387118 -0.779951 -0.480838
v -0.468612 -0.758238 -0.441122
v -0.468612 -0.758238 -0.441122
v -0.524477 -0.695059 -0.480839
v -0.524477 -0.695059 -0.480839
v -0.599309 -0.663900 -0.435421
v -0.599309 -0.663900 -0.435421
v -0.645347 -0.594826 -0.468870
v -0.645347 -0.594826 -0.468870
v -0.709443 -0.557908 -0.419467
v -0.709443 -0.557908 -0.419467
v -0.199531 -0.914823 -0.337297
v -0.199531 -0.914823 -0.337297
v -0.279907 -0.905910 -0.301480
v -0.279907 -0.905910 -0.301480
v -0.344677 -0.864832 -0.350218
v -0.344677 -0.864832 -0.350218
v -0.425800 -0.843861 -0.309360
v -0.425800 -0.843861 -0.309360
v -0.488404 -0.790261 -0.354845
v -0.488404 -0.790261 -0.354845
v -0.564343 -0.758237 -0.309360
v -0.564343 -0.758237 -0.309360
v -0.619379 -0.695058 -0.350218
v -0.619379 -0.695058 -0.350218
v -0.685088 -0.655497 -0.301480
v -0.685088 -0.655497 -0.301480
v -0.729005 -0.587593 -0.337298
v -0.729005 -0.587593 -0.337298
v -0.782200 -0.544919 -0.287007
v -0.782200 -0.544919 -0.287007
v -0.153089 -0.962464 -0.204085
v -0.153089 -0.962464 -0.204085
v -0.229578 -0.954148 -0.166797
v -0.229578 -0.954148 -0.166797
v -0.294646 -0.926023 -0.214072
v -0.294646 -0.926023 -0.214072
v -0.373222 -0.905909 -0.173045
v -0.373222 -0.905909 -0.173045
v -0.439590 -0.864831 -0.219583
v -0.439590 -0.864831 -0.219583
v -0.514786 -0.832945 -0.175286
v -0.514786 -0.832945 -0.175286
v -0.576934 -0.779949 -0.219584
v -0.576934 -0.779949 -0.219584
v -0.643356 -0.738958 -0.173045
v -0.643356 -0.738958 -0.173045
v -0.696487 -0.677673 -0.214072
v -0.696487 -0.677673 -0.214072
v -0.750743 -0.632052 -0.166797
v -0.750743 -0.632052 -0.166797
v -0.792387 -0.567358 -0.204086
v -0.792387 -0.567358 -0.204086
v -0.834042 -0.521418 -0.157142
v -0.834042 -0.521418 -0.157142
v -0.107392 -0.987436 -0.078025
v -0.107392 -0.987436 -0.078025
v -0.178305 -0.979176 -0.040242
v -0.178305 -0.979176 -0.040242
v -0.241405 -0.962463 -0.082531
v -0.241405 -0.962463 -0.082531
v -0.315475 -0.943316 -0.042151
v -0.315475 -0.943316 -0.042151
v -0.382450 -0.914822 -0.085536
v -0.382450 -0.914822 -0.085536
v -0.455096 -0.884050 -0.043213
v -0.455096 -0.884050 -0.043213
v -0.521143 -0.843231 -0.086611
v -0.521143 -0.843231 -0.086611
v -0.587190 -0.802411 -0.043213
v -0.587190 -0.802411 -0.043213
v -0.647202 -0.751197 -0.085536
v -0.647202 -0.751197 -0.085536
v -0.702641 -0.704035 -0.042151
v -0.702641 -0.704035 -0.042151
v -0.752891 -0.646349 -0.082531
v -0.752891 -0.646349 -0.082531
v -0.796059 -0.597384 -0.040242
v -0.796059 -0.597384 -0.040242
v -0.835161 -0.537653 -0.078025
v -0.835161 -0.537653 -0.078025
v -0.866763 -0.490624 -0.037196
v -0.866763 -0.490624 -0.037196
v -0.866763 -0.490624 0.037196
v -0.866763 -0.490624 0.037196
v -0.796059 -0.597384 0.040242
v -0.796059 -0.597384 0.040242
v -0.702641 -0.704035 0.042151
v -0.702641 -0.704035 0.042151
v -0.587190 -0.802411 0.043213
v -0.587190 -0.802411 0.043213
v -0.455096 -0.884050 0.043213
v -0.455096 -0.884050 0.043213
v -0.315475 -0.943316 0.042151
v -0.315475 -0.943316 0.042151
v -0.178305 -0.979176 0.040242
v -0.178305 -0.979176 0.040242
v -0.835161 -0.537653 0.078025
v -0.835161 -0.537653 0.078025
v -0.834042 -0.521418 0.157142
v -0.834042 -0.521418 0.157142
v -0.752891 -0.646349 0.082531
v -0.752891 -0.646349 0.082531
v -0.750743 -0.632052 0.166798
v -0.750743 -0.632052 0.166798
v -0.792387 -0.567358 0.204086
v -0.792387 -0.567358 0.204086
v -0.782200 -0.544919 0.287007
v -0.782200 -0.544919 0.287007
v -0.647202 -0.751197 0.085536
v -0.647202 -0.751197 0.085536
v -0.643356 -0.738958 0.173046
v -0.643356 -0.738958 0.173046
v -0.696487 -0.677673 0.214073
v -0.696487 -0.677673 0.214073
v -0.685087 -0.655496 0.301481
v -0.685087 -0.655496 0.301481
v -0.729005 -0.587593 0.337298
v -0.729005 -0.587593 0.337298
v -0.709443 -0.557908 0.419467
v -0.709443 -0.557908 0.419467
v -0.521143 -0.843231 0.086611
v -0.521143 -0.843231 0.086611
v -0.514785 -0.832945 0.175287
v -0.514785 -0.832945 0.175287
v -0.576933 -0.779949 0.219585
v -0.576933 -0.779949 0.219585
v -0.564343 -0.758236 0.309361
v -0.564343 -0.758236 0.309361
v -0.619379 -0.695058 0.350219
v -0.619379 -0.695058 0.350219
v -0.599309 -0.663900 0.435422
v -0.599309 -0.663900 0.435422
v -0.645347 -0.594825 0.468870
v -0.645347 -0.594825 0.468870
v -0.618168 -0.557909 0.545096
v -0.618168 -0.557909 0.545096
v -0.382450 -0.914822 0.085536
v -0.382450 -0.914822 0.085536
v -0.373222 -0.905909 0.173046
v -0.373222 -0.905909 0.173046
v -0.439590 -0.864831 0.219585
v -0.439590 -0.864831 0.219585
v -0.425800 -0.843860 0.309362
v -0.425800 -0.843860 0.309362
v -0.488404 -0.790260 0.354846
v -0.488404 -0.790260 0.354846
v -0.468612 -0.758237 0.441124
v -0.468612 -0.758237 0.441124
v -0.524477 -0.695059 0.480840
v -0.524477 -0.695059 0.480840
v -0.498429 -0.655498 0.558393
v -0.498429 -0.655498 0.558393
v -0.546065 -0.587595 0.589092
v -0.546065 -0.587595 0.589092
v -0.514673 -0.544921 0.655225
v -0.514673 -0.544921 0.655225
v -0.241405 -0.962463 0.082531
v -0.241405 -0.962463 0.082531
v -0.229578 -0.954148 0.166798
v -0.229578 -0.954148 0.166798
v -0.294646 -0.926023 0.214073
v -0.294646 -0.926023 0.214073
v -0.279908 -0.905909 0.301481
v -0.279908 -0.905909 0.301481
v -0.344678 -0.864831 0.350220
v -0.344678 -0.864831 0.350220
v -0.325784 -0.832946 0.435423
v -0.325784 -0.832946 0.435423
v -0.387118 -0.779950 0.480840
v -0.387118 -0.779950 0.480840
v -0.363382 -0.738960 0.558393
v -0.363382 -0.738960 0.558393
v -0.418820 -0.677675 0.596245
v -0.418820 -0.677675 0.596245
v -0.390625 -0.632055 0.662454
v -0.390625 -0.632055 0.662454
v -0.438957 -0.567361 0.690537
v -0.438957 -0.567361 0.690537
v -0.407182 -0.521421 0.744661
v -0.407182 -0.521421 0.744661
v -0.107392 -0.987436 0.078025
v -0.107392 -0.987436 0.078025
v -0.093371 -0.979176 0.157142
v -0.093371 -0.979176 0.157142
v -0.153089 -0.962463 0.204086
v -0.153089 -0.962463 0.204086
v -0.137574 -0.943317 0.287007
v -0.137574 -0.943317 0.287007
v -0.199532 -0.914823 0.337298
v -0.199532 -0.914823 0.337298
v -0.181727 -0.884051 0.419466
v -0.181727 -0.884051 0.419466
v -0.243412 -0.843232 0.468870
v -0.243412 -0.843232 0.468870
v -0.222546 -0.802414 0.545095
v -0.222546 -0.802414 0.545095
v -0.281343 -0.751200 0.589092
v -0.281343 -0.751200 0.589092
v -0.257212 -0.704039 0.655223
v -0.257212 -0.704039 0.655223
v -0.311144 -0.646352 0.690537
v -0.311144 -0.646352 0.690537
v -0.284264 -0.597388 0.744660
v -0.284264 -0.597388 0.744660
v -0.332282 -0.537656 0.770173
v -0.332282 -0.537656 0.770173
v -0.303216 -0.490628 0.812845
v -0.303216 -0.490628 0.812845
v 0.723090 -0.490627 -0.479373
v 0.723090 -0.490627 -0.479373
v 0.767121 -0.521421 -0.363102
v 0.767121 -0.521421 -0.363102
v 0.801512 -0.544920 -0.227567
v 0.801512 -0.544920 -0.227567
v 0.820508 -0.557908 -0.077642
v 0.820508 -0.557908 -0.077642
v 0.820508 -0.557908 0.077642
v 0.820508 -0.557908 0.077642
v 0.801512 -0.544920 0.227568
v 0.801512 -0.544920 0.227568
v 0.767121 -0.521421 0.363102
v 0.767121 -0.521421 0.363102
v 0.721522 -0.537656 -0.427766
v 0.721522 -0.537656 -0.427766
v 0.667679 -0.597388 -0.435350
v 0.667679 -0.597388 -0.435350
v 0.761013 -0.567360 -0.300640
v 0.761013 -0.567360 -0.300640
v 0.705405 -0.632055 -0.306329
v 0.705405 -0.632055 -0.306329
v 0.657612 -0.646352 -0.375764
v 0.657612 -0.646352 -0.375764
v 0.593223 -0.704039 -0.378896
v 0.593223 -0.704039 -0.378896
v 0.788036 -0.587594 -0.155615
v 0.788036 -0.587594 -0.155615
v 0.731453 -0.655498 -0.158778
v 0.731453 -0.655498 -0.158778
v 0.689298 -0.677675 -0.236192
v 0.689298 -0.677675 -0.236192
v 0.622199 -0.738960 -0.238154
v 0.622199 -0.738960 -0.238154
v 0.573873 -0.751200 -0.311211
v 0.573873 -0.751200 -0.311211
v 0.500445 -0.802414 -0.310177
v 0.500445 -0.802414 -0.310177
v 0.797692 -0.594825 0.000000
v 0.797692 -0.594825 0.000000
v 0.740786 -0.663900 0.000000
v 0.740786 -0.663900 0.000000
v 0.706942 -0.695059 -0.080726
v 0.706942 -0.695059 -0.080726
v 0.638401 -0.758237 -0.081432
v 0.638401 -0.758237 -0.081432
v 0.595817 -0.779950 -0.161462
v 0.595817 -0.779950 -0.161462
v 0.519500 -0.832946 -0.160770
v 0.519500 -0.832946 -0.160770
v 0.472521 -0.843233 -0.236246
v 0.472521 -0.843233 -0.236246
v 0.393579 -0.884051 -0.232535
v 0.393579 -0.884051 -0.232535
v 0.788036 -0.587594 0.155615
v 0.788036 -0.587594 0.155615
v 0.731453 -0.655497 0.158778
v 0.731453 -0.655497 0.158778
v 0.706942 -0.695058 0.080727
v 0.706942 -0.695058 0.080727
v 0.638401 -0.758237 0.081433
v 0.638401 -0.758237 0.081433
v 0.603700 -0.790261 0.000001
v 0.603700 -0.790261 0.000001
v 0.526317 -0.843860 0.000001
v 0.526317 -0.843860 0.000001
v 0.484704 -0.864832 -0.080735
v 0.484704 -0.864832 -0.080735
v 0.403656 -0.905909 -0.079376
v 0.403656 -0.905909 -0.079376
v 0.359684 -0.914823 -0.155595
v 0.359684 -0.914823 -0.155595
v 0.279999 -0.943317 -0.151327
v 0.279999 -0.943317 -0.151327
v 0.761014 -0.567360 0.300640
v 0.761014 -0.567360 0.300640
v 0.705405 -0.632054 0.306329
v 0.705405 -0.632054 0.306329
v 0.689299 -0.677675 0.236193
v 0.689299 -0.677675 0.236193
v 0.622200 -0.738959 0.238155
v 0.622200 -0.738959 0.238155
v 0.595817 -0.779950 0.161463
v 0.595817 -0.779950 0.161463
v 0.519501 -0.832945 0.160771
v 0.519501 -0.832945 0.160771
v 0.484705 -0.864831 0.080737
v 0.484705 -0.864831 0.080737
v 0.403657 -0.905909 0.079377
v 0.403657 -0.905909 0.079377
v 0.364203 -0.926023 0.000001
v 0.364203 -0.926023 0.000001
v 0.283774 -0.954148 0.000001
v 0.283774 -0.954148 0.000001
v 0.243811 -0.962463 -0.075124
v 0.243811 -0.962463 -0.075124
v 0.167905 -0.979176 -0.072247
v 0.167905 -0.979176 -0.072247
v 0.721522 -0.537656 0.427766
v 0.721522 -0.537656 0.427766
v 0.667679 -0.597388 0.435350
v 0.667679 -0.597388 0.435350
v 0.657612 -0.646352 0.375765
v 0.657612 -0.646352 0.375765
v 0.593224 -0.704038 0.378896
v 0.593224 -0.704038 0.378896
v 0.573874 -0.751199 0.311212
v 0.573874 -0.751199 0.311212
v 0.500446 -0.802413 0.310178
v 0.500446 -0.802413 0.310178
v 0.472522 -0.843232 0.236247
v 0.472522 -0.843232 0.236247
v 0.393579 -0.884051 0.232535
v 0.393579 -0.884051 0.232535
v 0.359685 -0.914823 0.155596
v 0.359685 -0.914823 0.155596
v 0.280000 -0.943317 0.151328
v 0.280000 -0.943317 0.151328
v 0.243811 -0.962463 0.075125
v 0.243811 -0.962463 0.075125
v 0.167905 -0.979176 0.072247
v 0.167905 -0.979176 0.072247
v 0.132744 -0.987436 0.000000
v 0.132744 -0.987436 0.000000
v 0.063282 -0.994670 0.000000
v 0.063282 -0.994670 0.000000
v -0.232464 -0.490628 0.835834
v -0.232464 -0.490628 0.835834
v -0.207718 -0.597389 0.769530
v -0.207718 -0.597389 0.769530
v -0.177035 -0.704039 0.681274
v -0.177035 -0.704039 0.681274
v -0.140350 -0.802414 0.571801
v -0.140350 -0.802414 0.571801
v -0.099531 -0.884052 0.446172
v -0.099531 -0.884052 0.446172
v -0.057396 -0.943317 0.313057
v -0.057396 -0.943317 0.313057
v -0.016825 -0.979176 0.182013
v -0.016825 -0.979176 0.182013
v -0.183867 -0.537657 0.818394
v -0.183867 -0.537657 0.818394
v -0.108276 -0.521422 0.841779
v -0.108276 -0.521422 0.841779
v -0.154159 -0.646353 0.741543
v -0.154159 -0.646353 0.741543
v -0.073353 -0.632056 0.765540
v -0.073353 -0.632056 0.765540
v -0.050758 -0.567361 0.816669
v -0.050758 -0.567361 0.816669
v 0.031253 -0.544922 0.832604
v 0.031253 -0.544922 0.832604
v -0.118642 -0.751200 0.641955
v -0.118642 -0.751200 0.641955
v -0.034227 -0.738961 0.665339
v -0.034227 -0.738961 0.665339
v -0.011626 -0.677676 0.728548
v -0.011626 -0.677676 0.728548
v 0.075027 -0.655499 0.744717
v 0.075027 -0.655499 0.744717
v 0.095521 -0.587596 0.797553
v 0.095521 -0.587596 0.797553
v 0.179712 -0.557910 0.804340
v 0.179712 -0.557910 0.804340
v -0.078666 -0.843233 0.522397
v -0.078666 -0.843233 0.522397
v 0.007634 -0.832947 0.543754
v 0.007634 -0.832947 0.543754
v 0.030560 -0.779951 0.616549
v 0.030560 -0.779951 0.616549
v 0.119833 -0.758238 0.632317
v 0.119833 -0.758238 0.632317
v 0.141684 -0.695060 0.697285
v 0.141684 -0.695060 0.697285
v 0.228919 -0.663902 0.704526
v 0.228919 -0.663902 0.704526
v 0.246504 -0.594827 0.758647
v 0.246504 -0.594827 0.758647
v 0.327397 -0.557910 0.756353
v 0.327397 -0.557910 0.756353
v -0.036831 -0.914823 0.390161
v -0.036831 -0.914823 0.390161
v 0.049247 -0.905910 0.408427
v 0.049247 -0.905910 0.408427
v 0.073000 -0.864832 0.485928
v 0.073000 -0.864832 0.485928
v 0.162644 -0.843861 0.500555
v 0.162644 -0.843861 0.500555
v 0.186557 -0.790262 0.574150
v 0.186557 -0.790262 0.574150
v 0.274728 -0.758238 0.581988
v 0.274728 -0.758238 0.581988
v 0.295237 -0.695060 0.647392
v 0.295237 -0.695060 0.647392
v 0.377044 -0.655498 0.646584
v 0.377044 -0.655498 0.646584
v 0.391521 -0.587595 0.701375
v 0.391521 -0.587595 0.701375
v 0.464116 -0.544921 0.691956
v 0.464116 -0.544921 0.691956
v 0.003895 -0.962464 0.255092
v 0.003895 -0.962464 0.255092
v 0.087693 -0.954149 0.269883
v 0.087693 -0.954149 0.269883
v 0.112547 -0.926024 0.346376
v 0.112547 -0.926024 0.346376
v 0.200232 -0.905909 0.359369
v 0.200232 -0.905909 0.359369
v 0.226570 -0.864832 0.436030
v 0.226570 -0.864832 0.436030
v 0.313441 -0.832946 0.444390
v 0.313441 -0.832946 0.444390
v 0.337682 -0.779950 0.516757
v 0.337682 -0.779950 0.516757
v 0.418774 -0.738960 0.518148
v 0.418774 -0.738960 0.518148
v 0.437643 -0.677675 0.582570
v 0.437643 -0.677675 0.582570
v 0.509324 -0.632055 0.576214
v 0.509324 -0.632055 0.576214
v 0.521097 -0.567361 0.630858
v 0.521097 -0.567361 0.630858
v 0.582390 -0.521421 0.617364
v 0.582390 -0.521421 0.617364
v 0.041021 -0.987436 0.126247
v 0.041021 -0.987436 0.126247
v 0.120598 -0.979176 0.137360
v 0.120598 -0.979176 0.137360
v 0.146791 -0.962463 0.208662
v 0.146791 -0.962463 0.208662
v 0.230448 -0.943317 0.219530
v 0.230448 -0.943317 0.219530
v 0.259132 -0.914823 0.293996
v 0.259132 -0.914823 0.293996
v 0.342780 -0.884051 0.302455
v 0.342780 -0.884051 0.302455
v 0.370705 -0.843232 0.376386
v 0.370705 -0.843232 0.376386
v 0.449647 -0.802414 0.380097
v 0.449647 -0.802414 0.380097
v 0.473321 -0.751199 0.449612
v 0.473321 -0.751199 0.449612
v 0.543672 -0.704039 0.447098
v 0.543672 -0.704039 0.447098
v 0.560592 -0.646352 0.509303
v 0.560592 -0.646352 0.509303
v 0.620372 -0.597388 0.500463
v 0.620372 -0.597388 0.500463
v 0.629798 -0.537656 0.554014
v 0.629798 -0.537656 0.554014
v 0.679363 -0.490627 0.539558
v 0.679363 -0.490627 0.539558
vt 0.287209 0.992904
vt 0.563189 0.833567
vt 0.563189 0.514892
vt 0.287209 0.355555
vt 0.011229 0.514892
vt 0.011229 0.833566
vt 0.287209 0.992904
vt 0.563189 0.833567
vt 0.563189 0.514892
vt 0.287209 0.355555
vt 0.011229 0.514892
vt 0.011229 0.833566
vt 0.287209 0.992904
vt 0.563189 0.833567
vt 0.563189 0.514892
vt 0.287209 0.355555
vt 0.011229 0.514892
vt 0.011229 0.833566
vt 0.287209 0.992904
vt 0.563189 0.833567
vt 0.563189 0.514892
vt 0.287209 0.355555
vt 0.011229 0.514892
vt 0.011229 0.833566
vt 0.287209 0.992904
vt 0.563189 0.833567
vt 0.563189 0.514892
vt 0.287209 0.355555
vt 0.011229 0.514892
vt 0.011229 0.833566
vt 0.689079 0.586187
vt 0.990464 0.367218
vt 0.875345 0.012919
vt 0.502813 0.012919
vt 0.387694 0.367218
vt 0.287209 0.992904
vt 0.563189 0.833567
vt 0.563189 0.514892
vt 0.287209 0.355555
vt 0.011229 0.514892
vt 0.011229 0.833566
vt 0.287209 0.992904
vt 0.563189 0.833567
vt 0.563189 0.514892
vt 0.287209 0.355555
vt 0.011229 0.514892
vt 0.011229 0.833566
vt 0.287209 0.992904
vt 0.563189 0.833567
vt 0.563189 0.514892
vt 0.287209 0.355555
vt 0.011229 0.514892
vt 0.011229 0.833566
vt 0.287209 0.992904
vt 0.563189 0.833567
vt 0.563189 0.514892
vt 0.287209 0.355555
vt 0.011229 0.514892
vt 0.011229 0.833566
vt 0.287209 0.992904
vt 0.563189 0.833567
vt 0.563189 0.514892
vt 0.287209 0.355555
vt 0.011229 0.514892
vt 0.011229 0.833566
vt 0.287209 0.992904
vt 0.563189 0.833567
vt 0.563189 0.514892
vt 0.287209 0.355555
vt 0.011229 0.514892
vt 0.011229 0.833566
vt 0.287209 0.992904
vt 0.563189 0.833567
vt 0.563189 0.514892
vt 0.287209 0.355555
vt 0.011229 0.514892
vt 0.011229 0.833566
vt 0.287209 0.992904
vt 0.563189 0.833567
vt 0.563189 0.514892
vt 0.287209 0.355555
vt 0.011229 0.514892
vt 0.011229 0.833566
vt 0.287209 0.992904
vt 0.563189 0.833567
vt 0.563189 0.514892
vt 0.287209 0.355555
vt 0.011229 0.514892
vt 0.011229 0.833566
vt 0.689079 0.586187
vt 0.990464 0.367218
vt 0.875345 0.012919
vt 0.502813 0.012919
vt 0.387694 0.367218
vt 0.689079 0.586187
vt 0.990464 0.367218
vt 0.875345 0.012919
vt 0.502813 0.012919
vt 0.387694 0.367218
vt 0.287209 0.992904
vt 0.563189 0.833567
vt 0.563189 0.514892
vt 0.287209 0.355555
vt 0.011229 0.514892
vt 0.011229 0.833566
vt 0.287209 0.992904
vt 0.563189 0.833567
vt 0.563189 0.514892
vt 0.287209 0.355555
vt 0.011229 0.514892
vt 0.011229 0.833566
vt 0.287209 0.992904
vt 0.563189 0.833567
vt 0.563189 0.514892
vt 0.287209 0.355555
vt 0.011229 0.514892
vt 0.011229 0.833566
vt 0.287209 0.992904
vt 0.563189 0.833567
vt 0.563189 0.514892
vt 0.287209 0.355555
vt 0.011229 0.514892
vt 0.011229 0.833566
vt 0.287209 0.992904
vt 0.563189 0.833567
vt 0.563189 0.514892
vt 0.287209 0.355555
vt 0.011229 0.514892
vt 0.011229 0.833566
vt 0.287209 0.992904
vt 0.563189 0.833567
vt 0.563189 0.514892
vt 0.287209 0.355555
vt 0.011229 0.514892
vt 0.011229 0.833566
vt 0.287209 0.992904
vt 0.563189 0.833567
vt 0.563189 0.514892
vt 0.287209 0.355555
vt 0.011229 0.514892
vt 0.011229 0.833566
vt 0.287209 0.992904
vt 0.563189 0.833567
vt 0.563189 0.514892
vt 0.287209 0.355555
vt 0.011229 0.514892
vt 0.011229 0.833566
vt 0.287209 0.992904
vt 0.563189 0.833567
vt 0.563189 0.514892
vt 0.287209 0.355555
vt 0.011229 0.514892
vt 0.011229 0.833566
vt 0.287209 0.992904
vt 0.563189 0.833567
vt 0.563189 0.514892
vt 0.287209 0.355555
vt 0.011229 0.514892
vt 0.011229 0.833566
vt 0.287209 0.992904
vt 0.563189 0.833567
vt 0.563189 0.514892
vt 0.287209 0.355555
vt 0.011229 0.514892
vt 0.011229 0.833566
vt 0.287209 0.992904
vt 0.563189 0.833567
vt 0.563189 0.514892
vt 0.287209 0.355555
vt 0.011229 0.514892
vt 0.011229 0.833566
vt 0.287209 0.992904
vt 0.563189 0.833567
vt 0.563189 0.514892
vt 0.287209 0.355555
vt 0.011229 0.514892
vt 0.011229 0.833566
vt 0.287209 0.992904
vt 0.563189 0.833567
vt 0.563189 0.514892
vt 0.287209 0.355555
vt 0.011229 0.514892
vt 0.011229 0.833566
vt 0.287209 0.992904
vt 0.563189 0.833567
vt 0.563189 0.514892
vt 0.287209 0.355555
vt 0.011229 0.514892
vt 0.011229 0.833566
vt 0.287209 0.992904
vt 0.563189 0.833567
vt 0.563189 0.514892
vt 0.287209 0.355555
vt 0.011229 0.514892
vt 0.011229 0.833566
vt 0.287209 0.992904
vt 0.563189 0.833567
vt 0.563189 0.514892
vt 0.287209 0.355555
vt 0.011229 0.514892
vt 0.011229 0.833566
vt 0.287209 0.992904
vt 0.563189 0.833567
vt 0.563189 0.514892
vt 0.287209 0.355555
vt 0.011229 0.514892
vt 0.011229 0.833566
vt 0.287209 0.992904
vt 0.563189 0.833567
vt 0.563189 0.514892
vt 0.287209 0.355555
vt 0.011229 0.514892
vt 0.011229 0.833566
vt 0.287209 0.992904
vt 0.563189 0.833567
vt 0.563189 0.514892
vt 0.287209 0.355555
vt 0.011229 0.514892
vt 0.011229 0.833566
vt 0.287209 0.992904
vt 0.563189 0.833567
vt 0.563189 0.514892
vt 0.287209 0.355555
vt 0.011229 0.514892
vt 0.011229 0.833566
vt 0.287209 0.992904
vt 0.563189 0.833567
vt 0.563189 0.514892
vt 0.287209 0.355555
vt 0.011229 0.514892
vt 0.011229 0.833566
vt 0.287209 0.992904
vt 0.563189 0.833567
vt 0.563189 0.514892
vt 0.287209 0.355555
vt 0.011229 0.514892
vt 0.011229 0.833566
vt 0.287209 0.992904
vt 0.563189 0.833567
vt 0.563189 0.514892
vt 0.287209 0.355555
vt 0.011229 0.514892
vt 0.011229 0.833566
vt 0.287209 0.992904
vt 0.563189 0.833567
vt 0.563189 0.514892
vt 0.287209 0.355555
vt 0.011229 0.514892
vt 0.011229 0.833566
vt 0.287209 0.992904
vt 0.563189 0.833567
vt 0.563189 0.514892
vt 0.287209 0.355555
vt 0.011229 0.514892
vt 0.011229 0.833566
vt 0.287209 0.992904
vt 0.563189 0.833567
vt 0.563189 0.514892
vt 0.287209 0.355555
vt 0.011229 0.514892
vt 0.011229 0.833566
vt 0.287209 0.992904
vt 0.563189 0.833567
vt 0.563189 0.514892
vt 0.287209 0.355555
vt 0.011229 0.514892
vt 0.011229 0.833566
vt 0.287209 0.992904
vt 0.563189 0.833567
vt 0.563189 0.514892
vt 0.287209 0.355555
vt 0.011229 0.514892
vt 0.011229 0.833566
vt 0.287209 0.992904
vt 0.563189 0.833567
vt 0.563189 0.514892
vt 0.287209 0.355555
vt 0.011229 0.514892
vt 0.011229 0.833566
vt 0.287209 0.992904
vt 0.563189 0.833567
vt 0.563189 0.514892
vt 0.287209 0.355555
vt 0.011229 0.514892
vt 0.011229 0.833566
vt 0.287209 0.992904
vt 0.563189 0.833567
vt 0.563189 0.514892
vt 0.287209 0.355555
vt 0.011229 0.514892
vt 0.011229 0.833566
vt 0.287209 0.992904
vt 0.563189 0.833567
vt 0.563189 0.514892
vt 0.287209 0.355555
vt 0.011229 0.514892
vt 0.011229 0.833566
vt 0.689079 0.586187
vt 0.990464 0.367218
vt 0.875345 0.012919
vt 0.502813 0.012919
vt 0.387694 0.367218
vt 0.287209 0.992904
vt 0.563189 0.833567
vt 0.563189 0.514892
vt 0.287209 0.355555
vt 0.011229 0.514892
vt 0.011229 0.833566
vt 0.287209 0.992904
vt 0.563189 0.833567
vt 0.563189 0.514892
vt 0.287209 0.355555
vt 0.011229 0.514892
vt 0.011229 0.833566
vt 0.287209 0.992904
vt 0.563189 0.833567
vt 0.563189 0.514892
vt 0.287209 0.355555
vt 0.011229 0.514892
vt 0.011229 0.833566
vt 0.287209 0.992904
vt 0.563189 0.833567
vt 0.563189 0.514892
vt 0.287209 0.355555
vt 0.011229 0.514892
vt 0.011229 0.833566
vt 0.287209 0.992904
vt 0.563189 0.833567
vt 0.563189 0.514892
vt 0.287209 0.355555
vt 0.011229 0.514892
vt 0.011229 0.833566
vt 0.287209 0.992904
vt 0.563189 0.833567
vt 0.563189 0.514892
vt 0.287209 0.355555
vt 0.011229 0.514892
vt 0.011229 0.833566
vt 0.287209 0.992904
vt 0.563189 0.833567
vt 0.563189 0.514892
vt 0.287209 0.355555
vt 0.011229 0.514892
vt 0.011229 0.833566
vt 0.287209 0.992904
vt 0.563189 0.833567
vt 0.563189 0.514892
vt 0.287209 0.355555
vt 0.011229 0.514892
vt 0.011229 0.833566
vt 0.287209 0.992904
vt 0.563189 0.833567
vt 0.563189 0.514892
vt 0.287209 0.355555
vt 0.011229 0.514892
vt 0.011229 0.833566
vt 0.287209 0.992904
vt 0.563189 0.833567
vt 0.563189 0.514892
vt 0.287209 0.355555
vt 0.011229 0.514892
vt 0.011229 0.833566
vt 0.287209 0.992904
vt 0.563189 0.833567
vt 0.563189 0.514892
vt 0.287209 0.355555
vt 0.011229 0.514892
vt 0.011229 0.833566
vt 0.287209 0.992904
vt 0.563189 0.833567
vt 0.563189 0.514892
vt 0.287209 0.355555
vt 0.011229 0.514892
vt 0.011229 0.833566
vt 0.287209 0.992904
vt 0.563189 0.833567
vt 0.563189 0.514892
vt 0.287209 0.355555
vt 0.011229 0.514892
vt 0.011229 0.833566
vt 0.287209 0.992904
vt 0.563189 0.833567
vt 0.563189 0.514892
vt 0.287209 0.355555
vt 0.011229 0.514892
vt 0.011229 0.833566
vt 0.287209 0.992904
vt 0.563189 0.833567
vt 0.563189 0.514892
vt 0.287209 0.355555
vt 0.011229 0.514892
vt 0.011229 0.833566
vt 0.287209 0.992904
vt 0.563189 0.833567
vt 0.563189 0.514892
vt 0.287209 0.355555
vt 0.011229 0.514892
vt 0.011229 0.833566
vt 0.287209 0.992904
vt 0.563189 0.833567
vt 0.563189 0.514892
vt 0.287209 0.355555
vt 0.011229 0.514892
vt 0.011229 0.833566
vt 0.287209 0.992904
vt 0.563189 0.833567
vt 0.563189 0.514892
vt 0.287209 0.355555
vt 0.011229 0.514892
vt 0.011229 0.833566
vt 0.287209 0.992904
vt 0.563189 0.833567
vt 0.563189 0.514892
vt 0.287209 0.355555
vt 0.011229 0.514892
vt 0.011229 0.833566
vt 0.287209 0.992904
vt 0.563189 0.833567
vt 0.563189 0.514892
vt 0.287209 0.355555
vt 0.011229 0.514892
vt 0.011229 0.833566
vt 0.287209 0.992904
vt 0.563189 0.833567
vt 0.563189 0.514892
vt 0.287209 0.355555
vt 0.011229 0.514892
vt 0.011229 0.833566
vt 0.287209 0.992904
vt 0.563189 0.833567
vt 0.563189 0.514892
vt 0.287209 0.355555
vt 0.011229 0.514892
vt 0.011229 0.833566
vt 0.287209 0.992904
vt 0.563189 0.833567
vt 0.563189 0.514892
vt 0.287209 0.355555
vt 0.011229 0.514892
vt 0.011229 0.833566
vt 0.287209 0.992904
vt 0.563189 0.833567
vt 0.563189 0.514892
vt 0.287209 0.355555
vt 0.011229 0.514892
vt 0.011229 0.833566
vt 0.287209 0.992904
vt 0.563189 0.833567
vt 0.563189 0.514892
vt 0.287209 0.355555
vt 0.011229 0.514892
vt 0.011229 0.833566
vt 0.287209 0.992904
vt 0.563189 0.833567
vt 0.563189 0.514892
vt 0.287209 0.355555
vt 0.011229 0.514892
vt 0.011229 0.833566
vt 0.287209 0.992904
vt 0.563189 0.833567
vt 0.563189 0.514892
vt 0.287209 0.355555
vt 0.011229 0.514892
vt 0.011229 0.833566
vt 0.287209 0.992904
vt 0.563189 0.833567
vt 0.563189 0.514892
vt 0.287209 0.355555
vt 0.011229 0.514892
vt 0.011229 0.833566
vt 0.287209 0.992904
vt 0.563189 0.833567
vt 0.563189 0.514892
vt 0.287209 0.355555
vt 0.011229 0.514892
vt 0.011229 0.833566
vt 0.689079 0.586187
vt 0.990464 0.367218
vt 0.875345 0.012919
vt 0.502813 0.012919
vt 0.387694 0.367218
vt 0.287209 0.992904
vt 0.563189 0.833567
vt 0.563189 0.514892
vt 0.287209 0.355555
vt 0.011229 0.514892
vt 0.011229 0.833566
vt 0.689079 0.586187
vt 0.990464 0.367218
vt 0.875345 0.012919
vt 0.502813 0.012919
vt 0.387694 0.367218
vt 0.287209 0.992904
vt 0.563189 0.833567
vt 0.563189 0.514892
vt 0.287209 0.355555
vt 0.011229 0.514892
vt 0.011229 0.833566
vt 0.287209 0.992904
vt 0.563189 0.833567
vt 0.563189 0.514892
vt 0.287209 0.355555
vt 0.011229 0.514892
vt 0.011229 0.833566
vt 0.287209 0.992904
vt 0.563189 0.833567
vt 0.563189 0.514892
vt 0.287209 0.355555
vt 0.011229 0.514892
vt 0.011229 0.833566
vt 0.287209 0.992904
vt 0.563189 0.833567
vt 0.563189 0.514892
vt 0.287209 0.355555
vt 0.011229 0.514892
vt 0.011229 0.833566
vt 0.287209 0.992904
vt 0.563189 0.833567
vt 0.563189 0.514892
vt 0.287209 0.355555
vt 0.011229 0.514892
vt 0.011229 0.833566
vt 0.287209 0.992904
vt 0.563189 0.833567
vt 0.563189 0.514892
vt 0.287209 0.355555
vt 0.011229 0.514892
vt 0.011229 0.833566
vt 0.287209 0.992904
vt 0.563189 0.833567
vt 0.563189 0.514892
vt 0.287209 0.355555
vt 0.011229 0.514892
vt 0.011229 0.833566
vt 0.287209 0.992904
vt 0.563189 0.833567
vt 0.563189 0.514892
vt 0.287209 0.355555
vt 0.011229 0.514892
vt 0.011229 0.833566
vt 0.287209 0.992904
vt 0.563189 0.833567
vt 0.563189 0.514892
vt 0.287209 0.355555
vt 0.011229 0.514892
vt 0.011229 0.833566
vt 0.287209 0.992904
vt 0.563189 0.833567
vt 0.563189 0.514892
vt 0.287209 0.355555
vt 0.011229 0.514892
vt 0.011229 0.833566
vt 0.287209 0.992904
vt 0.563189 0.833567
vt 0.563189 0.514892
vt 0.287209 0.355555
vt 0.011229 0.514892
vt 0.011229 0.833566
vt 0.287209 0.992904
vt 0.563189 0.833567
vt 0.563189 0.514892
vt 0.287209 0.355555
vt 0.011229 0.514892
vt 0.011229 0.833566
vt 0.287209 0.992904
vt 0.563189 0.833567
vt 0.563189 0.514892
vt 0.287209 0.355555
vt 0.011229 0.514892
vt 0.011229 0.833566
vt 0.287209 0.992904
vt 0.563189 0.833567
vt 0.563189 0.514892
vt 0.287209 0.355555
vt 0.011229 0.514892
vt 0.011229 0.833566
vt 0.287209 0.992904
vt 0.563189 0.833567
vt 0.563189 0.514892
vt 0.287209 0.355555
vt 0.011229 0.514892
vt 0.011229 0.833566
vt 0.287209 0.992904
vt 0.563189 0.833567
vt 0.563189 0.514892
vt 0.287209 0.355555
vt 0.011229 0.514892
vt 0.011229 0.833566
vt 0.287209 0.992904
vt 0.563189 0.833567
vt 0.563189 0.514892
vt 0.287209 0.355555
vt 0.011229 0.514892
vt 0.011229 0.833566
vt 0.287209 0.992904
vt 0.563189 0.833567
vt 0.563189 0.514892
vt 0.287209 0.355555
vt 0.011229 0.514892
vt 0.011229 0.833566
vt 0.287209 0.992904
vt 0.563189 0.833567
vt 0.563189 0.514892
vt 0.287209 0.355555
vt 0.011229 0.514892
vt 0.011229 0.833566
vt 0.287209 0.992904
vt 0.563189 0.833567
vt 0.563189 0.514892
vt 0.287209 0.355555
vt 0.011229 0.514892
vt 0.011229 0.833566
vt 0.287209 0.992904
vt 0.563189 0.833567
vt 0.563189 0.514892
vt 0.287209 0.355555
vt 0.011229 0.514892
vt 0.011229 0.833566
vt 0.287209 0.992904
vt 0.563189 0.833567
vt 0.563189 0.514892
vt 0.287209 0.355555
vt 0.011229 0.514892
vt 0.011229 0.833566
vt 0.287209 0.992904
vt 0.563189 0.833567
vt 0.563189 0.514892
vt 0.287209 0.355555
vt 0.011229 0.514892
vt 0.011229 0.833566
vt 0.287209 0.992904
vt 0.563189 0.833567
vt 0.563189 0.514892
vt 0.287209 0.355555
vt 0.011229 0.514892
vt 0.011229 0.833566
vt 0.287209 0.992904
vt 0.563189 0.833567
vt 0.563189 0.514892
vt 0.287209 0.355555
vt 0.011229 0.514892
vt 0.011229 0.833566
vt 0.287209 0.992904
vt 0.563189 0.833567
vt 0.563189 0.514892
vt 0.287209 0.355555
vt 0.011229 0.514892
vt 0.011229 0.833566
vt 0.287209 0.992904
vt 0.563189 0.833567
vt 0.563189 0.514892
vt 0.287209 0.355555
vt 0.011229 0.514892
vt 0.011229 0.833566
vt 0.689079 0.586187
vt 0.990464 0.367218
vt 0.875345 0.012919
vt 0.502813 0.012919
vt 0.387694 0.367218
vt 0.287209 0.992904
vt 0.563189 0.833567
vt 0.563189 0.514892
vt 0.287209 0.355555
vt 0.011229 0.514892
vt 0.011229 0.833566
vt 0.287209 0.992904
vt 0.563189 0.833567
vt 0.563189 0.514892
vt 0.287209 0.355555
vt 0.011229 0.514892
vt 0.011229 0.833566
vt 0.287209 0.992904
vt 0.563189 0.833567
vt 0.563189 0.514892
vt 0.287209 0.355555
vt 0.011229 0.514892
vt 0.011229 0.833566
vt 0.287209 0.992904
vt 0.563189 0.833567
vt 0.563189 0.514892
vt 0.287209 0.355555
vt 0.011229 0.514892
vt 0.011229 0.833566
vt 0.287209 0.992904
vt 0.563189 0.833567
vt 0.563189 0.514892
vt 0.287209 0.355555
vt 0.011229 0.514892
vt 0.011229 0.833566
vt 0.287209 0.992904
vt 0.563189 0.833567
vt 0.563189 0.514892
vt 0.287209 0.355555
vt 0.011229 0.514892
vt 0.011229 0.833566
vt 0.287209 0.992904
vt 0.563189 0.833567
vt 0.563189 0.514892
vt 0.287209 0.355555
vt 0.011229 0.514892
vt 0.011229 0.833566
vt 0.287209 0.992904
vt 0.563189 0.833567
vt 0.563189 0.514892
vt 0.287209 0.355555
vt 0.011229 0.514892
vt 0.011229 0.833566
vt 0.287209 0.992904
vt 0.563189 0.833567
vt 0.563189 0.514892
vt 0.287209 0.355555
vt 0.011229 0.514892
vt 0.011229 0.833566
vt 0.287209 0.992904
vt 0.563189 0.833567
vt 0.563189 0.514892
vt 0.287209 0.355555
vt 0.011229 0.514892
vt 0.011229 0.833566
vt 0.287209 0.992904
vt 0.563189 0.833567
vt 0.563189 0.514892
vt 0.287209 0.355555
vt 0.011229 0.514892
vt 0.011229 0.833566
vt 0.287209 0.992904
vt 0.563189 0.833567
vt 0.563189 0.514892
vt 0.287209 0.355555
vt 0.011229 0.514892
vt 0.011229 0.833566
vt 0.287209 0.992904
vt 0.563189 0.833567
vt 0.563189 0.514892
vt 0.287209 0.355555
vt 0.011229 0.514892
vt 0.011229 0.833566
vt 0.287209 0.992904
vt 0.563189 0.833567
vt 0.563189 0.514892
vt 0.287209 0.355555
vt 0.011229 0.514892
vt 0.011229 0.833566
vt 0.287209 0.992904
vt 0.563189 0.833567
vt 0.563189 0.514892
vt 0.287209 0.355555
vt 0.011229 0.514892
vt 0.011229 0.833566
vt 0.287209 0.992904
vt 0.563189 0.833567
vt 0.563189 0.514892
vt 0.287209 0.355555
vt 0.011229 0.514892
vt 0.011229 0.833566
vt 0.287209 0.992904
vt 0.563189 0.833567
vt 0.563189 0.514892
vt 0.287209 0.355555
vt 0.011229 0.514892
vt 0.011229 0.833566
vt 0.287209 0.992904
vt 0.563189 0.833567
vt 0.563189 0.514892
vt 0.287209 0.355555
vt 0.011229 0.514892
vt 0.011229 0.833566
vt 0.287209 0.992904
vt 0.563189 0.833567
vt 0.563189 0.514892
vt 0.287209 0.355555
vt 0.011229 0.514892
vt 0.011229 0.833566
vt 0.287209 0.992904
vt 0.563189 0.833567
vt 0.563189 0.514892
vt 0.287209 0.355555
vt 0.011229 0.514892
vt 0.011229 0.833566
vt 0.287209 0.992904
vt 0.563189 0.833567
vt 0.563189 0.514892
vt 0.287209 0.355555
vt 0.011229 0.514892
vt 0.011229 0.833566
vt 0.287209 0.992904
vt 0.563189 0.833567
vt 0.563189 0.514892
vt 0.287209 0.355555
vt 0.011229 0.514892
vt 0.011229 0.833566
vt 0.287209 0.992904
vt 0.563189 0.833567
vt 0.563189 0.514892
vt 0.287209 0.355555
vt 0.011229 0.514892
vt 0.011229 0.833566
vt 0.287209 0.992904
vt 0.563189 0.833567
vt 0.563189 0.514892
vt 0.287209 0.355555
vt 0.011229 0.514892
vt 0.011229 0.833566
vt 0.287209 0.992904
vt 0.563189 0.833567
vt 0.563189 0.514892
vt 0.287209 0.355555
vt 0.011229 0.514892
vt 0.011229 0.833566
vt 0.287209 0.992904
vt 0.563189 0.833567
vt 0.563189 0.514892
vt 0.287209 0.355555
vt 0.011229 0.514892
vt 0.011229 0.833566
vt 0.287209 0.992904
vt 0.563189 0.833567
vt 0.563189 0.514892
vt 0.287209 0.355555
vt 0.011229 0.514892
vt 0.011229 0.833566
vt 0.287209 0.992904
vt 0.563189 0.833567
vt 0.563189 0.514892
vt 0.287209 0.355555
vt 0.011229 0.514892
vt 0.011229 0.833566
vt 0.689079 0.586187
vt 0.990464 0.367218
vt 0.875345 0.012919
vt 0.502813 0.012919
vt 0.387694 0.367218
vt 0.287209 0.992904
vt 0.563189 0.833567
vt 0.563189 0.514892
vt 0.287209 0.355555
vt 0.011229 0.514892
vt 0.011229 0.833566
vt 0.287209 0.992904
vt 0.563189 0.833567
vt 0.563189 0.514892
vt 0.287209 0.355555
vt 0.011229 0.514892
vt 0.011229 0.833566
vt 0.287209 0.992904
vt 0.563189 0.833567
vt 0.563189 0.514892
vt 0.287209 0.355555
vt 0.011229 0.514892
vt 0.011229 0.833566
vt 0.287209 0.992904
vt 0.563189 0.833567
vt 0.563189 0.514892
vt 0.287209 0.355555
vt 0.011229 0.514892
vt 0.011229 0.833566
vt 0.287209 0.992904
vt 0.563189 0.833567
vt 0.563189 0.514892
vt 0.287209 0.355555
vt 0.011229 0.514892
vt 0.011229 0.833566
vt 0.287209 0.992904
vt 0.563189 0.833567
vt 0.563189 0.514892
vt 0.287209 0.355555
vt 0.011229 0.514892
vt 0.011229 0.833566
vt 0.287209 0.992904
vt 0.563189 0.833567
vt 0.563189 0.514892
vt 0.287209 0.355555
vt 0.011229 0.514892
vt 0.011229 0.833566
vt 0.287209 0.992904
vt 0.563189 0.833567
vt 0.563189 0.514892
vt 0.287209 0.355555
vt 0.011229 0.514892
vt 0.011229 0.833566
vt 0.287209 0.992904
vt 0.563189 0.833567
vt 0.563189 0.514892
vt 0.287209 0.355555
vt 0.011229 0.514892
vt 0.011229 0.833566
vt 0.287209 0.992904
vt 0.563189 0.833567
vt 0.563189 0.514892
vt 0.287209 0.355555
vt 0.011229 0.514892
vt 0.011229 0.833566
vt 0.287209 0.992904
vt 0.563189 0.833567
vt 0.563189 0.514892
vt 0.287209 0.355555
vt 0.011229 0.514892
vt 0.011229 0.833566
vt 0.287209 0.992904
vt 0.563189 0.833567
vt 0.563189 0.514892
vt 0.287209 0.355555
vt 0.011229 0.514892
vt 0.011229 0.833566
vt 0.287209 0.992904
vt 0.563189 0.833567
vt 0.563189 0.514892
vt 0.287209 0.355555
vt 0.011229 0.514892
vt 0.011229 0.833566
vt 0.287209 0.992904
vt 0.563189 0.833567
vt 0.563189 0.514892
vt 0.287209 0.355555
vt 0.011229 0.514892
vt 0.011229 0.833566
vt 0.287209 0.992904
vt 0.563189 0.833567
vt 0.563189 0.514892
vt 0.287209 0.355555
vt 0.011229 0.514892
vt 0.011229 0.833566
vt 0.287209 0.992904
vt 0.563189 0.833567
vt 0.563189 0.514892
vt 0.287209 0.355555
vt 0.011229 0.514892
vt 0.011229 0.833566
vt 0.287209 0.992904
vt 0.563189 0.833567
vt 0.563189 0.514892
vt 0.287209 0.355555
vt 0.011229 0.514892
vt 0.011229 0.833566
vt 0.287209 0.992904
vt 0.563189 0.833567
vt 0.563189 0.514892
vt 0.287209 0.355555
vt 0.011229 0.514892
vt 0.011229 0.833566
vt 0.287209 0.992904
vt 0.563189 0.833567
vt 0.563189 0.514892
vt 0.287209 0.355555
vt 0.011229 0.514892
vt 0.011229 0.833566
vt 0.287209 0.992904
vt 0.563189 0.833567
vt 0.563189 0.514892
vt 0.287209 0.355555
vt 0.011229 0.514892
vt 0.011229 0.833566
vt 0.287209 0.992904
vt 0.563189 0.833567
vt 0.563189 0.514892
vt 0.287209 0.355555
vt 0.011229 0.514892
vt 0.011229 0.833566
vt 0.287209 0.992904
vt 0.563189 0.833567
vt 0.563189 0.514892
vt 0.287209 0.355555
vt 0.011229 0.514892
vt 0.011229 0.833566
vt 0.287209 0.992904
vt 0.563189 0.833567
vt 0.563189 0.514892
vt 0.287209 0.355555
vt 0.011229 0.514892
vt 0.011229 0.833566
vt 0.287209 0.992904
vt 0.563189 0.833567
vt 0.563189 0.514892
vt 0.287209 0.355555
vt 0.011229 0.514892
vt 0.011229 0.833566
vt 0.287209 0.992904
vt 0.563189 0.833567
vt 0.563189 0.514892
vt 0.287209 0.355555
vt 0.011229 0.514892
vt 0.011229 0.833566
vt 0.287209 0.992904
vt 0.563189 0.833567
vt 0.563189 0.514892
vt 0.287209 0.355555
vt 0.011229 0.514892
vt 0.011229 0.833566
vt 0.287209 0.992904
vt 0.563189 0.833567
vt 0.563189 0.514892
vt 0.287209 0.355555
vt 0.011229 0.514892
vt 0.011229 0.833566
vt 0.287209 0.992904
vt 0.563189 0.833567
vt 0.563189 0.514892
vt 0.287209 0.355555
vt 0.011229 0.514892
vt 0.011229 0.833566
vt 0.287209 0.992904
vt 0.563189 0.833567
vt 0.563189 0.514892
vt 0.287209 0.355555
vt 0.011229 0.514892
vt 0.011229 0.833566
vt 0.287209 0.992904
vt 0.563189 0.833567
vt 0.563189 0.514892
vt 0.287209 0.355555
vt 0.011229 0.514892
vt 0.011229 0.833566
vt 0.287209 0.992904
vt 0.563189 0.833567
vt 0.563189 0.514892
vt 0.287209 0.355555
vt 0.011229 0.514892
vt 0.011229 0.833566
vt 0.287209 0.992904
vt 0.563189 0.833567
vt 0.563189 0.514892
vt 0.287209 0.355555
vt 0.011229 0.514892
vt 0.011229 0.833566
vt 0.287209 0.992904
vt 0.563189 0.833567
vt 0.563189 0.514892
vt 0.287209 0.355555
vt 0.011229 0.514892
vt 0.011229 0.833566
vt 0.287209 0.992904
vt 0.563189 0.833567
vt 0.563189 0.514892
vt 0.287209 0.355555
vt 0.011229 0.514892
vt 0.011229 0.833566
vt 0.287209 0.992904
vt 0.563189 0.833567
vt 0.563189 0.514892
vt 0.287209 0.355555
vt 0.011229 0.514892
vt 0.011229 0.833566
vt 0.287209 0.992904
vt 0.563189 0.833567
vt 0.563189 0.514892
vt 0.287209 0.355555
vt 0.011229 0.514892
vt 0.011229 0.833566
vt 0.287209 0.992904
vt 0.563189 0.833567
vt 0.563189 0.514892
vt 0.287209 0.355555
vt 0.011229 0.514892
vt 0.011229 0.833566
vt 0.287209 0.992904
vt 0.563189 0.833567
vt 0.563189 0.514892
vt 0.287209 0.355555
vt 0.011229 0.514892
vt 0.011229 0.833566
vt 0.287209 0.992904
vt 0.563189 0.833567
vt 0.563189 0.514892
vt 0.287209 0.355555
vt 0.011229 0.514892
vt 0.011229 0.833566
vt 0.287209 0.992904
vt 0.563189 0.833567
vt 0.563189 0.514892
vt 0.287209 0.355555
vt 0.011229 0.514892
vt 0.011229 0.833566
vt 0.287209 0.992904
vt 0.563189 0.833567
vt 0.563189 0.514892
vt 0.287209 0.355555
vt 0.011229 0.514892
vt 0.011229 0.833566
vt 0.287209 0.992904
vt 0.563189 0.833567
vt 0.563189 0.514892
vt 0.287209 0.355555
vt 0.011229 0.514892
vt 0.011229 0.833566
vt 0.287209 0.992904
vt 0.563189 0.833567
vt 0.563189 0.514892
vt 0.287209 0.355555
vt 0.011229 0.514892
vt 0.011229 0.833566
vt 0.287209 0.992904
vt 0.563189 0.833567
vt 0.563189 0.514892
vt 0.287209 0.355555
vt 0.011229 0.514892
vt 0.011229 0.833566
vt 0.287209 0.992904
vt 0.563189 0.833567
vt 0.563189 0.514892
vt 0.287209 0.355555
vt 0.011229 0.514892
vt 0.011229 0.833566
vt 0.287209 0.992904
vt 0.563189 0.833567
vt 0.563189 0.514892
vt 0.287209 0.355555
vt 0.011229 0.514892
vt 0.011229 0.833566
vt 0.287209 0.992904
vt 0.563189 0.833567
vt 0.563189 0.514892
vt 0.287209 0.355555
vt 0.011229 0.514892
vt 0.011229 0.833566
vt 0.287209 0.992904
vt 0.563189 0.833567
vt 0.563189 0.514892
vt 0.287209 0.355555
vt 0.011229 0.514892
vt 0.011229 0.833566
vt 0.287209 0.992904
vt 0.563189 0.833567
vt 0.563189 0.514892
vt 0.287209 0.355555
vt 0.011229 0.514892
vt 0.011229 0.833566
vt 0.287209 0.992904
vt 0.563189 0.833567
vt 0.563189 0.514892
vt 0.287209 0.355555
vt 0.011229 0.514892
vt 0.011229 0.833566
vt 0.287209 0.992904
vt 0.563189 0.833567
vt 0.563189 0.514892
vt 0.287209 0.355555
vt 0.011229 0.514892
vt 0.011229 0.833566
vt 0.287209 0.992904
vt 0.563189 0.833567
vt 0.563189 0.514892
vt 0.287209 0.355555
vt 0.011229 0.514892
vt 0.011229 0.833566
vt 0.287209 0.992904
vt 0.563189 0.833567
vt 0.563189 0.514892
vt 0.287209 0.355555
vt 0.011229 0.514892
vt 0.011229 0.833566
vt 0.287209 0.992904
vt 0.563189 0.833567
vt 0.563189 0.514892
vt 0.287209 0.355555
vt 0.011229 0.514892
vt 0.011229 0.833566
vt 0.287209 0.992904
vt 0.563189 0.833567
vt 0.563189 0.514892
vt 0.287209 0.355555
vt 0.011229 0.514892
vt 0.011229 0.833566
vt 0.287209 0.992904
vt 0.563189 0.833567
vt 0.563189 0.514892
vt 0.287209 0.355555
vt 0.011229 0.514892
vt 0.011229 0.833566
vt 0.287209 0.992904
vt 0.563189 0.833567
vt 0.563189 0.514892
vt 0.287209 0.355555
vt 0.011229 0.514892
vt 0.011229 0.833566
vt 0.287209 0.992904
vt 0.563189 0.833567
vt 0.563189 0.514892
vt 0.287209 0.355555
vt 0.011229 0.514892
vt 0.011229 0.833566
vt 0.287209 0.992904
vt 0.563189 0.833567
vt 0.563189 0.514892
vt 0.287209 0.355555
vt 0.011229 0.514892
vt 0.011229 0.833566
vt 0.287209 0.992904
vt 0.563189 0.833567
vt 0.563189 0.514892
vt 0.287209 0.355555
vt 0.011229 0.514892
vt 0.011229 0.833566
vt 0.287209 0.992904
vt 0.563189 0.833567
vt 0.563189 0.514892
vt 0.287209 0.355555
vt 0.011229 0.514892
vt 0.011229 0.833566
vt 0.287209 0.992904
vt 0.563189 0.833567
vt 0.563189 0.514892
vt 0.287209 0.355555
vt 0.011229 0.514892
vt 0.011229 0.833566
vt 0.287209 0.992904
vt 0.563189 0.833567
vt 0.563189 0.514892
vt 0.287209 0.355555
vt 0.011229 0.514892
vt 0.011229 0.833566
vt 0.287209 0.992904
vt 0.563189 0.833567
vt 0.563189 0.514892
vt 0.287209 0.355555
vt 0.011229 0.514892
vt 0.011229 0.833566
vt 0.287209 0.992904
vt 0.563189 0.833567
vt 0.563189 0.514892
vt 0.287209 0.355555
vt 0.011229 0.514892
vt 0.011229 0.833566
vt 0.287209 0.992904
vt 0.563189 0.833567
vt 0.563189 0.514892
vt 0.287209 0.355555
vt 0.011229 0.514892
vt 0.011229 0.833566
vt 0.287209 0.992904
vt 0.563189 0.833567
vt 0.563189 0.514892
vt 0.287209 0.355555
vt 0.011229 0.514892
vt 0.011229 0.833566
vt 0.287209 0.992904
vt 0.563189 0.833567
vt 0.563189 0.514892
vt 0.287209 0.355555
vt 0.011229 0.514892
vt 0.011229 0.833566
vt 0.287209 0.992904
vt 0.563189 0.833567
vt 0.563189 0.514892
vt 0.287209 0.355555
vt 0.011229 0.514892
vt 0.011229 0.833566
vt 0.287209 0.992904
vt 0.563189 0.833567
vt 0.563189 0.514892
vt 0.287209 0.355555
vt 0.011229 0.514892
vt 0.011229 0.833566
vt 0.287209 0.992904
vt 0.563189 0.833567
vt 0.563189 0.514892
vt 0.287209 0.355555
vt 0.011229 0.514892
vt 0.011229 0.833566
vt 0.287209 0.992904
vt 0.563189 0.833567
vt 0.563189 0.514892
vt 0.287209 0.355555
vt 0.011229 0.514892
vt 0.011229 0.833566
vt 0.287209 0.992904
vt 0.563189 0.833567
vt 0.563189 0.514892
vt 0.287209 0.355555
vt 0.011229 0.514892
vt 0.011229 0.833566
vt 0.287209 0.992904
vt 0.563189 0.833567
vt 0.563189 0.514892
vt 0.287209 0.355555
vt 0.011229 0.514892
vt 0.011229 0.833566
vt 0.287209 0.992904
vt 0.563189 0.833567
vt 0.563189 0.514892
vt 0.287209 0.355555
vt 0.011229 0.514892
vt 0.011229 0.833566
vt 0.287209 0.992904
vt 0.563189 0.833567
vt 0.563189 0.514892
vt 0.287209 0.355555
vt 0.011229 0.514892
vt 0.011229 0.833566
vt 0.287209 0.992904
vt 0.563189 0.833567
vt 0.563189 0.514892
vt 0.287209 0.355555
vt 0.011229 0.514892
vt 0.011229 0.833566
vt 0.287209 0.992904
vt 0.563189 0.833567
vt 0.563189 0.514892
vt 0.287209 0.355555
vt 0.011229 0.514892
vt 0.011229 0.833566
vt 0.287209 0.992904
vt 0.563189 0.833567
vt 0.563189 0.514892
vt 0.287209 0.355555
vt 0.011229 0.514892
vt 0.011229 0.833566
vt 0.287209 0.992904
vt 0.563189 0.833567
vt 0.563189 0.514892
vt 0.287209 0.355555
vt 0.011229 0.514892
vt 0.011229 0.833566
vt 0.287209 0.992904
vt 0.563189 0.833567
vt 0.563189 0.514892
vt 0.287209 0.355555
vt 0.011229 0.514892
vt 0.011229 0.833566
vt 0.287209 0.992904
vt 0.563189 0.833567
vt 0.563189 0.514892
vt 0.287209 0.355555
vt 0.011229 0.514892
vt 0.011229 0.833566
vt 0.287209 0.992904
vt 0.563189 0.833567
vt 0.563189 0.514892
vt 0.287209 0.355555
vt 0.011229 0.514892
vt 0.011229 0.833566
vt 0.287209 0.992904
vt 0.563189 0.833567
vt 0.563189 0.514892
vt 0.287209 0.355555
vt 0.011229 0.514892
vt 0.011229 0.833566
vt 0.287209 0.992904
vt 0.563189 0.833567
vt 0.563189 0.514892
vt 0.287209 0.355555
vt 0.011229 0.514892
vt 0.011229 0.833566
vt 0.287209 0.992904
vt 0.563189 0.833567
vt 0.563189 0.514892
vt 0.287209 0.355555
vt 0.011229 0.514892
vt 0.011229 0.833566
vt 0.287209 0.992904
vt 0.563189 0.833567
vt 0.563189 0.514892
vt 0.287209 0.355555
vt 0.011229 0.514892
vt 0.011229 0.833566
vt 0.287209 0.992904
vt 0.563189 0.833567
vt 0.563189 0.514892
vt 0.287209 0.355555
vt 0.011229 0.514892
vt 0.011229 0.833566
vt 0.287209 0.992904
vt 0.563189 0.833567
vt 0.563189 0.514892
vt 0.287209 0.355555
vt 0.011229 0.514892
vt 0.011229 0.833566
vt 0.287209 0.992904
vt 0.563189 0.833567
vt 0.563189 0.514892
vt 0.287209 0.355555
vt 0.011229 0.514892
vt 0.011229 0.833566
vt 0.287209 0.992904
vt 0.563189 0.833567
vt 0.563189 0.514892
vt 0.287209 0.355555
vt 0.011229 0.514892
vt 0.011229 0.833566
vt 0.287209 0.992904
vt 0.563189 0.833567
vt 0.563189 0.514892
vt 0.287209 0.355555
vt 0.011229 0.514892
vt 0.011229 0.833566
vt 0.287209 0.992904
vt 0.563189 0.833567
vt 0.563189 0.514892
vt 0.287209 0.355555
vt 0.011229 0.514892
vt 0.011229 0.833566
vt 0.287209 0.992904
vt 0.563189 0.833567
vt 0.563189 0.514892
vt 0.287209 0.355555
vt 0.011229 0.514892
vt 0.011229 0.833566
vt 0.287209 0.992904
vt 0.563189 0.833567
vt 0.563189 0.514892
vt 0.287209 0.355555
vt 0.011229 0.514892
vt 0.011229 0.833566
vt 0.287209 0.992904
vt 0.563189 0.833567
vt 0.563189 0.514892
vt 0.287209 0.355555
vt 0.011229 0.514892
vt 0.011229 0.833566
vt 0.287209 0.992904
vt 0.563189 0.833567
vt 0.563189 0.514892
vt 0.287209 0.355555
vt 0.011229 0.514892
vt 0.011229 0.833566
vt 0.287209 0.992904
vt 0.563189 0.833567
vt 0.563189 0.514892
vt 0.287209 0.355555
vt 0.011229 0.514892
vt 0.011229 0.833566
vt 0.287209 0.992904
vt 0.563189 0.833567
vt 0.563189 0.514892
vt 0.287209 0.355555
vt 0.011229 0.514892
vt 0.011229 0.833566
vt 0.287209 0.992904
vt 0.563189 0.833567
vt 0.563189 0.514892
vt 0.287209 0.355555
vt 0.011229 0.514892
vt 0.011229 0.833566
vt 0.287209 0.992904
vt 0.563189 0.833567
vt 0.563189 0.514892
vt 0.287209 0.355555
vt 0.011229 0.514892
vt 0.011229 0.833566
vt 0.287209 0.992904
vt 0.563189 0.833567
vt 0.563189 0.514892
vt 0.287209 0.355555
vt 0.011229 0.514892
vt 0.011229 0.833566
vt 0.287209 0.992904
vt 0.563189 0.833567
vt 0.563189 0.514892
vt 0.287209 0.355555
vt 0.011229 0.514892
vt 0.011229 0.833566
vt 0.287209 0.992904
vt 0.563189 0.833567
vt 0.563189 0.514892
vt 0.287209 0.355555
vt 0.011229 0.514892
vt 0.011229 0.833566
vt 0.287209 0.992904
vt 0.563189 0.833567
vt 0.563189 0.514892
vt 0.287209 0.355555
vt 0.011229 0.514892
vt 0.011229 0.833566
vt 0.287209 0.992904
vt 0.563189 0.833567
vt 0.563189 0.514892
vt 0.287209 0.355555
vt 0.011229 0.514892
vt 0.011229 0.833566
vt 0.287209 0.992904
vt 0.563189 0.833567
vt 0.563189 0.514892
vt 0.287209 0.355555
vt 0.011229 0.514892
vt 0.011229 0.833566
vt 0.287209 0.992904
vt 0.563189 0.833567
vt 0.563189 0.514892
vt 0.287209 0.355555
vt 0.011229 0.514892
vt 0.011229 0.833566
vt 0.287209 0.992904
vt 0.563189 0.833567
vt 0.563189 0.514892
vt 0.287209 0.355555
vt 0.011229 0.514892
vt 0.011229 0.833566
vt 0.287209 0.992904
vt 0.563189 0.833567
vt 0.563189 0.514892
vt 0.287209 0.355555
vt 0.011229 0.514892
vt 0.011229 0.833566
vt 0.287209 0.992904
vt 0.563189 0.833567
vt 0.563189 0.514892
vt 0.287209 0.355555
vt 0.011229 0.514892
vt 0.011229 0.833566
vt 0.287209 0.992904
vt 0.563189 0.833567
vt 0.563189 0.514892
vt 0.287209 0.355555
vt 0.011229 0.514892
vt 0.011229 0.833566
vt 0.287209 0.992904
vt 0.563189 0.833567
vt 0.563189 0.514892
vt 0.287209 0.355555
vt 0.011229 0.514892
vt 0.011229 0.833566
vt 0.287209 0.992904
vt 0.563189 0.833567
vt 0.563189 0.514892
vt 0.287209 0.355555
vt 0.011229 0.514892
vt 0.011229 0.833566
vt 0.287209 0.992904
vt 0.563189 0.833567
vt 0.563189 0.514892
vt 0.287209 0.355555
vt 0.011229 0.514892
vt 0.011229 0.833566
vt 0.287209 0.992904
vt 0.563189 0.833567
vt 0.563189 0.514892
vt 0.287209 0.355555
vt 0.011229 0.514892
vt 0.011229 0.833566
vt 0.287209 0.992904
vt 0.563189 0.833567
vt 0.563189 0.514892
vt 0.287209 0.355555
vt 0.011229 0.514892
vt 0.011229 0.833566
vt 0.287209 0.992904
vt 0.563189 0.833567
vt 0.563189 0.514892
vt 0.287209 0.355555
vt 0.011229 0.514892
vt 0.011229 0.833566
vt 0.287209 0.992904
vt 0.563189 0.833567
vt 0.563189 0.514892
vt 0.287209 0.355555
vt 0.011229 0.514892
vt 0.011229 0.833566
vt 0.287209 0.992904
vt 0.563189 0.833567
vt 0.563189 0.514892
vt 0.287209 0.355555
vt 0.011229 0.514892
vt 0.011229 0.833566
vt 0.287209 0.992904
vt 0.563189 0.833567
vt 0.563189 0.514892
vt 0.287209 0.355555
vt 0.011229 0.514892
vt 0.011229 0.833566
vt 0.287209 0.992904
vt 0.563189 0.833567
vt 0.563189 0.514892
vt 0.287209 0.355555
vt 0.011229 0.514892
vt 0.011229 0.833566
vt 0.287209 0.992904
vt 0.563189 0.833567
vt 0.563189 0.514892
vt 0.287209 0.355555
vt 0.011229 0.514892
vt 0.011229 0.833566
vt 0.287209 0.992904
vt 0.563189 0.833567
vt 0.563189 0.514892
vt 0.287209 0.355555
vt 0.011229 0.514892
vt 0.011229 0.833566
vt 0.287209 0.992904
vt 0.563189 0.833567
vt 0.563189 0.514892
vt 0.287209 0.355555
vt 0.011229 0.514892
vt 0.011229 0.833566
vt 0.287209 0.992904
vt 0.563189 0.833567
vt 0.563189 0.514892
vt 0.287209 0.355555
vt 0.011229 0.514892
vt 0.011229 0.833566
vt 0.287209 0.992904
vt 0.563189 0.833567
vt 0.563189 0.514892
vt 0.287209 0.355555
vt 0.011229 0.514892
vt 0.011229 0.833566
vt 0.287209 0.992904
vt 0.563189 0.833567
vt 0.563189 0.514892
vt 0.287209 0.355555
vt 0.011229 0.514892
vt 0.011229 0.833566
vt 0.287209 0.992904
vt 0.563189 0.833567
vt 0.563189 0.514892
vt 0.287209 0.355555
vt 0.011229 0.514892
vt 0.011229 0.833566
vt 0.287209 0.992904
vt 0.563189 0.833567
vt 0.563189 0.514892
vt 0.287209 0.355555
vt 0.011229 0.514892
vt 0.011229 0.833566
vt 0.287209 0.992904
vt 0.563189 0.833567
vt 0.563189 0.514892
vt 0.287209 0.355555
vt 0.011229 0.514892
vt 0.011229 0.833566
vt 0.287209 0.992904
vt 0.563189 0.833567
vt 0.563189 0.514892
vt 0.287209 0.355555
vt 0.011229 0.514892
vt 0.011229 0.833566
vt 0.287209 0.992904
vt 0.563189 0.833567
vt 0.563189 0.514892
vt 0.287209 0.355555
vt 0.011229 0.514892
vt 0.011229 0.833566
vt 0.287209 0.992904
vt 0.563189 0.833567
vt 0.563189 0.514892
vt 0.287209 0.355555
vt 0.011229 0.514892
vt 0.011229 0.833566
vt 0.287209 0.992904
vt 0.563189 0.833567
vt 0.563189 0.514892
vt 0.287209 0.355555
vt 0.011229 0.514892
vt 0.011229 0.833566
vt 0.287209 0.992904
vt 0.563189 0.833567
vt 0.563189 0.514892
vt 0.287209 0.355555
vt 0.011229 0.514892
vt 0.011229 0.833566
vt 0.287209 0.992904
vt 0.563189 0.833567
vt 0.563189 0.514892
vt 0.287209 0.355555
vt 0.011229 0.514892
vt 0.011229 0.833566
vt 0.287209 0.992904
vt 0.563189 0.833567
vt 0.563189 0.514892
vt 0.287209 0.355555
vt 0.011229 0.514892
vt 0.011229 0.833566
vt 0.287209 0.992904
vt 0.563189 0.833567
vt 0.563189 0.514892
vt 0.287209 0.355555
vt 0.011229 0.514892
vt 0.011229 0.833566
vt 0.287209 0.992904
vt 0.563189 0.833567
vt 0.563189 0.514892
vt 0.287209 0.355555
vt 0.011229 0.514892
vt 0.011229 0.833566
vt 0.287209 0.992904
vt 0.563189 0.833567
vt 0.563189 0.514892
vt 0.287209 0.355555
vt 0.011229 0.514892
vt 0.011229 0.833566
vt 0.287209 0.992904
vt 0.563189 0.833567
vt 0.563189 0.514892
vt 0.287209 0.355555
vt 0.011229 0.514892
vt 0.011229 0.833566
vt 0.287209 0.992904
vt 0.563189 0.833567
vt 0.563189 0.514892
vt 0.287209 0.355555
vt 0.011229 0.514892
vt 0.011229 0.833566
vt 0.287209 0.992904
vt 0.563189 0.833567
vt 0.563189 0.514892
vt 0.287209 0.355555
vt 0.011229 0.514892
vt 0.011229 0.833566
vt 0.287209 0.992904
vt 0.563189 0.833567
vt 0.563189 0.514892
vt 0.287209 0.355555
vt 0.011229 0.514892
vt 0.011229 0.833566
vt 0.287209 0.992904
vt 0.563189 0.833567
vt 0.563189 0.514892
vt 0.287209 0.355555
vt 0.011229 0.514892
vt 0.011229 0.833566
vt 0.287209 0.992904
vt 0.563189 0.833567
vt 0.563189 0.514892
vt 0.287209 0.355555
vt 0.011229 0.514892
vt 0.011229 0.833566
vt 0.287209 0.992904
vt 0.563189 0.833567
vt 0.563189 0.514892
vt 0.287209 0.355555
vt 0.011229 0.514892
vt 0.011229 0.833566
vt 0.287209 0.992904
vt 0.563189 0.833567
vt 0.563189 0.514892
vt 0.287209 0.355555
vt 0.011229 0.514892
vt 0.011229 0.833566
vt 0.287209 0.992904
vt 0.563189 0.833567
vt 0.563189 0.514892
vt 0.287209 0.355555
vt 0.011229 0.514892
vt 0.011229 0.833566
vt 0.287209 0.992904
vt 0.563189 0.833567
vt 0.563189 0.514892
vt 0.287209 0.355555
vt 0.011229 0.514892
vt 0.011229 0.833566
vt 0.287209 0.992904
vt 0.563189 0.833567
vt 0.563189 0.514892
vt 0.287209 0.355555
vt 0.011229 0.514892
vt 0.011229 0.833566
vt 0.287209 0.992904
vt 0.563189 0.833567
vt 0.563189 0.514892
vt 0.287209 0.355555
vt 0.011229 0.514892
vt 0.011229 0.833566
vt 0.287209 0.992904
vt 0.563189 0.833567
vt 0.563189 0.514892
vt 0.287209 0.355555
vt 0.011229 0.514892
vt 0.011229 0.833566
vt 0.287209 0.992904
vt 0.563189 0.833567
vt 0.563189 0.514892
vt 0.287209 0.355555
vt 0.011229 0.514892
vt 0.011229 0.833566
vt 0.287209 0.992904
vt 0.563189 0.833567
vt 0.563189 0.514892
vt 0.287209 0.355555
vt 0.011229 0.514892
vt 0.011229 0.833566
vt 0.287209 0.992904
vt 0.563189 0.833567
vt 0.563189 0.514892
vt 0.287209 0.355555
vt 0.011229 0.514892
vt 0.011229 0.833566
vt 0.287209 0.992904
vt 0.563189 0.833567
vt 0.563189 0.514892
vt 0.287209 0.355555
vt 0.011229 0.514892
vt 0.011229 0.833566
vt 0.287209 0.992904
vt 0.563189 0.833567
vt 0.563189 0.514892
vt 0.287209 0.355555
vt 0.011229 0.514892
vt 0.011229 0.833566
vt 0.287209 0.992904
vt 0.563189 0.833567
vt 0.563189 0.514892
vt 0.287209 0.355555
vt 0.011229 0.514892
vt 0.011229 0.833566
vt 0.287209 0.992904
vt 0.563189 0.833567
vt 0.563189 0.514892
vt 0.287209 0.355555
vt 0.011229 0.514892
vt 0.011229 0.833566
vt 0.287209 0.992904
vt 0.563189 0.833567
vt 0.563189 0.514892
vt 0.287209 0.355555
vt 0.011229 0.514892
vt 0.011229 0.833566
vt 0.287209 0.992904
vt 0.563189 0.833567
vt 0.563189 0.514892
vt 0.287209 0.355555
vt 0.011229 0.514892
vt 0.011229 0.833566
vt 0.287209 0.992904
vt 0.563189 0.833567
vt 0.563189 0.514892
vt 0.287209 0.355555
vt 0.011229 0.514892
vt 0.011229 0.833566
vt 0.287209 0.992904
vt 0.563189 0.833567
vt 0.563189 0.514892
vt 0.287209 0.355555
vt 0.011229 0.514892
vt 0.011229 0.833566
vt 0.287209 0.992904
vt 0.563189 0.833567
vt 0.563189 0.514892
vt 0.287209 0.355555
vt 0.011229 0.514892
vt 0.011229 0.833566
vt 0.287209 0.992904
vt 0.563189 0.833567
vt 0.563189 0.514892
vt 0.287209 0.355555
vt 0.011229 0.514892
vt 0.011229 0.833566
vt 0.689079 0.586187
vt 0.990464 0.367218
vt 0.875345 0.012919
vt 0.502813 0.012919
vt 0.387694 0.367218
vt 0.287209 0.992904
vt 0.563189 0.833567
vt 0.563189 0.514892
vt 0.287209 0.355555
vt 0.011229 0.514892
vt 0.011229 0.833566
vt 0.287209 0.992904
vt 0.563189 0.833567
vt 0.563189 0.514892
vt 0.287209 0.355555
vt 0.011229 0.514892
vt 0.011229 0.833566
vt 0.287209 0.992904
vt 0.563189 0.833567
vt 0.563189 0.514892
vt 0.287209 0.355555
vt 0.011229 0.514892
vt 0.011229 0.833566
vt 0.287209 0.992904
vt 0.563189 0.833567
vt 0.563189 0.514892
vt 0.287209 0.355555
vt 0.011229 0.514892
vt 0.011229 0.833566
vt 0.287209 0.992904
vt 0.563189 0.833567
vt 0.563189 0.514892
vt 0.287209 0.355555
vt 0.011229 0.514892
vt 0.011229 0.833566
vt 0.287209 0.992904
vt 0.563189 0.833567
vt 0.563189 0.514892
vt 0.287209 0.355555
vt 0.011229 0.514892
vt 0.011229 0.833566
vt 0.287209 0.992904
vt 0.563189 0.833567
vt 0.563189 0.514892
vt 0.287209 0.355555
vt 0.011229 0.514892
vt 0.011229 0.833566
vt 0.287209 0.992904
vt 0.563189 0.833567
vt 0.563189 0.514892
vt 0.287209 0.355555
vt 0.011229 0.514892
vt 0.011229 0.833566
vt 0.287209 0.992904
vt 0.563189 0.833567
vt 0.563189 0.514892
vt 0.287209 0.355555
vt 0.011229 0.514892
vt 0.011229 0.833566
vt 0.287209 0.992904
vt 0.563189 0.833567
vt 0.563189 0.514892
vt 0.287209 0.355555
vt 0.011229 0.514892
vt 0.011229 0.833566
vt 0.287209 0.992904
vt 0.563189 0.833567
vt 0.563189 0.514892
vt 0.287209 0.355555
vt 0.011229 0.514892
vt 0.011229 0.833566
vt 0.287209 0.992904
vt 0.563189 0.833567
vt 0.563189 0.514892
vt 0.287209 0.355555
vt 0.011229 0.514892
vt 0.011229 0.833566
vt 0.287209 0.992904
vt 0.563189 0.833567
vt 0.563189 0.514892
vt 0.287209 0.355555
vt 0.011229 0.514892
vt 0.011229 0.833566
vt 0.287209 0.992904
vt 0.563189 0.833567
vt 0.563189 0.514892
vt 0.287209 0.355555
vt 0.011229 0.514892
vt 0.011229 0.833566
vt 0.287209 0.992904
vt 0.563189 0.833567
vt 0.563189 0.514892
vt 0.287209 0.355555
vt 0.011229 0.514892
vt 0.011229 0.833566
vt 0.287209 0.992904
vt 0.563189 0.833567
vt 0.563189 0.514892
vt 0.287209 0.355555
vt 0.011229 0.514892
vt 0.011229 0.833566
vt 0.287209 0.992904
vt 0.563189 0.833567
vt 0.563189 0.514892
vt 0.287209 0.355555
vt 0.011229 0.514892
vt 0.011229 0.833566
vt 0.287209 0.992904
vt 0.563189 0.833567
vt 0.563189 0.514892
vt 0.287209 0.355555
vt 0.011229 0.514892
vt 0.011229 0.833566
vt 0.287209 0.992904
vt 0.563189 0.833567
vt 0.563189 0.514892
vt 0.287209 0.355555
vt 0.011229 0.514892
vt 0.011229 0.833566
vt 0.287209 0.992904
vt 0.563189 0.833567
vt 0.563189 0.514892
vt 0.287209 0.355555
vt 0.011229 0.514892
vt 0.011229 0.833566
vt 0.287209 0.992904
vt 0.563189 0.833567
vt 0.563189 0.514892
vt 0.287209 0.355555
vt 0.011229 0.514892
vt 0.011229 0.833566
vt 0.287209 0.992904
vt 0.563189 0.833567
vt 0.563189 0.514892
vt 0.287209 0.355555
vt 0.011229 0.514892
vt 0.011229 0.833566
vt 0.287209 0.992904
vt 0.563189 0.833567
vt 0.563189 0.514892
vt 0.287209 0.355555
vt 0.011229 0.514892
vt 0.011229 0.833566
vt 0.287209 0.992904
vt 0.563189 0.833567
vt 0.563189 0.514892
vt 0.287209 0.355555
vt 0.011229 0.514892
vt 0.011229 0.833566
vt 0.287209 0.992904
vt 0.563189 0.833567
vt 0.563189 0.514892
vt 0.287209 0.355555
vt 0.011229 0.514892
vt 0.011229 0.833566
vt 0.287209 0.992904
vt 0.563189 0.833567
vt 0.563189 0.514892
vt 0.287209 0.355555
vt 0.011229 0.514892
vt 0.011229 0.833566
vt 0.287209 0.992904
vt 0.563189 0.833567
vt 0.563189 0.514892
vt 0.287209 0.355555
vt 0.011229 0.514892
vt 0.011229 0.833566
vt 0.287209 0.992904
vt 0.563189 0.833567
vt 0.563189 0.514892
vt 0.287209 0.355555
vt 0.011229 0.514892
vt 0.011229 0.833566
vt 0.287209 0.992904
vt 0.563189 0.833567
vt 0.563189 0.514892
vt 0.287209 0.355555
vt 0.011229 0.514892
vt 0.011229 0.833566
vt 0.287209 0.992904
vt 0.563189 0.833567
vt 0.563189 0.514892
vt 0.287209 0.355555
vt 0.011229 0.514892
vt 0.011229 0.833566
vt 0.287209 0.992904
vt 0.563189 0.833567
vt 0.563189 0.514892
vt 0.287209 0.355555
vt 0.011229 0.514892
vt 0.011229 0.833566
vt 0.287209 0.992904
vt 0.563189 0.833567
vt 0.563189 0.514892
vt 0.287209 0.355555
vt 0.011229 0.514892
vt 0.011229 0.833566
vt 0.287209 0.992904
vt 0.563189 0.833567
vt 0.563189 0.514892
vt 0.287209 0.355555
vt 0.011229 0.514892
vt 0.011229 0.833566
vt 0.287209 0.992904
vt 0.563189 0.833567
vt 0.563189 0.514892
vt 0.287209 0.355555
vt 0.011229 0.514892
vt 0.011229 0.833566
vt 0.287209 0.992904
vt 0.563189 0.833567
vt 0.563189 0.514892
vt 0.287209 0.355555
vt 0.011229 0.514892
vt 0.011229 0.833566
vt 0.287209 0.992904
vt 0.563189 0.833567
vt 0.563189 0.514892
vt 0.287209 0.355555
vt 0.011229 0.514892
vt 0.011229 0.833566
vt 0.287209 0.992904
vt 0.563189 0.833567
vt 0.563189 0.514892
vt 0.287209 0.355555
vt 0.011229 0.514892
vt 0.011229 0.833566
vt 0.287209 0.992904
vt 0.563189 0.833567
vt 0.563189 0.514892
vt 0.287209 0.355555
vt 0.011229 0.514892
vt 0.011229 0.833566
vt 0.287209 0.992904
vt 0.563189 0.833567
vt 0.563189 0.514892
vt 0.287209 0.355555
vt 0.011229 0.514892
vt 0.011229 0.833566
vt 0.287209 0.992904
vt 0.563189 0.833567
vt 0.563189 0.514892
vt 0.287209 0.355555
vt 0.011229 0.514892
vt 0.011229 0.833566
vt 0.287209 0.992904
vt 0.563189 0.833567
vt 0.563189 0.514892
vt 0.287209 0.355555
vt 0.011229 0.514892
vt 0.011229 0.833566
vt 0.287209 0.992904
vt 0.563189 0.833567
vt 0.563189 0.514892
vt 0.287209 0.355555
vt 0.011229 0.514892
vt 0.011229 0.833566
vt 0.287209 0.992904
vt 0.563189 0.833567
vt 0.563189 0.514892
vt 0.287209 0.355555
vt 0.011229 0.514892
vt 0.011229 0.833566
vt 0.287209 0.992904
vt 0.563189 0.833567
vt 0.563189 0.514892
vt 0.287209 0.355555
vt 0.011229 0.514892
vt 0.011229 0.833566
vt 0.287209 0.992904
vt 0.563189 0.833567
vt 0.563189 0.514892
vt 0.287209 0.355555
vt 0.011229 0.514892
vt 0.011229 0.833566
vt 0.287209 0.992904
vt 0.563189 0.833567
vt 0.563189 0.514892
vt 0.287209 0.355555
vt 0.011229 0.514892
vt 0.011229 0.833566
vt 0.287209 0.992904
vt 0.563189 0.833567
vt 0.563189 0.514892
vt 0.287209 0.355555
vt 0.011229 0.514892
vt 0.011229 0.833566
vt 0.287209 0.992904
vt 0.563189 0.833567
vt 0.563189 0.514892
vt 0.287209 0.355555
vt 0.011229 0.514892
vt 0.011229 0.833566
vt 0.287209 0.992904
vt 0.563189 0.833567
vt 0.563189 0.514892
vt 0.287209 0.355555
vt 0.011229 0.514892
vt 0.011229 0.833566
vt 0.287209 0.992904
vt 0.563189 0.833567
vt 0.563189 0.514892
vt 0.287209 0.355555
vt 0.011229 0.514892
vt 0.011229 0.833566
vt 0.287209 0.992904
vt 0.563189 0.833567
vt 0.563189 0.514892
vt 0.287209 0.355555
vt 0.011229 0.514892
vt 0.011229 0.833566
vt 0.287209 0.992904
vt 0.563189 0.833567
vt 0.563189 0.514892
vt 0.287209 0.355555
vt 0.011229 0.514892
vt 0.011229 0.833566
vt 0.287209 0.992904
vt 0.563189 0.833567
vt 0.563189 0.514892
vt 0.287209 0.355555
vt 0.011229 0.514892
vt 0.011229 0.833566
vt 0.287209 0.992904
vt 0.563189 0.833567
vt 0.563189 0.514892
vt 0.287209 0.355555
vt 0.011229 0.514892
vt 0.011229 0.833566
vt 0.287209 0.992904
vt 0.563189 0.833567
vt 0.563189 0.514892
vt 0.287209 0.355555
vt 0.011229 0.514892
vt 0.011229 0.833566
vt 0.287209 0.992904
vt 0.563189 0.833567
vt 0.563189 0.514892
vt 0.287209 0.355555
vt 0.011229 0.514892
vt 0.011229 0.833566
vt 0.287209 0.992904
vt 0.563189 0.833567
vt 0.563189 0.514892
vt 0.287209 0.355555
vt 0.011229 0.514892
vt 0.011229 0.833566
vt 0.287209 0.992904
vt 0.563189 0.833567
vt 0.563189 0.514892
vt 0.287209 0.355555
vt 0.011229 0.514892
vt 0.011229 0.833566
vt 0.287209 0.992904
vt 0.563189 0.833567
vt 0.563189 0.514892
vt 0.287209 0.355555
vt 0.011229 0.514892
vt 0.011229 0.833566
vt 0.287209 0.992904
vt 0.563189 0.833567
vt 0.563189 0.514892
vt 0.287209 0.355555
vt 0.011229 0.514892
vt 0.011229 0.833566
vt 0.287209 0.992904
vt 0.563189 0.833567
vt 0.563189 0.514892
vt 0.287209 0.355555
vt 0.011229 0.514892
vt 0.011229 0.833566
vt 0.287209 0.992904
vt 0.563189 0.833567
vt 0.563189 0.514892
vt 0.287209 0.355555
vt 0.011229 0.514892
vt 0.011229 0.833566
vt 0.287209 0.992904
vt 0.563189 0.833567
vt 0.563189 0.514892
vt 0.287209 0.355555
vt 0.011229 0.514892
vt 0.011229 0.833566
vt 0.287209 0.992904
vt 0.563189 0.833567
vt 0.563189 0.514892
vt 0.287209 0.355555
vt 0.011229 0.514892
vt 0.011229 0.833566
vt 0.287209 0.992904
vt 0.563189 0.833567
vt 0.563189 0.514892
vt 0.287209 0.355555
vt 0.011229 0.514892
vt 0.011229 0.833566
vt 0.287209 0.992904
vt 0.563189 0.833567
vt 0.563189 0.514892
vt 0.287209 0.355555
vt 0.011229 0.514892
vt 0.011229 0.833566
vt 0.287209 0.992904
vt 0.563189 0.833567
vt 0.563189 0.514892
vt 0.287209 0.355555
vt 0.011229 0.514892
vt 0.011229 0.833566
vt 0.287209 0.992904
vt 0.563189 0.833567
vt 0.563189 0.514892
vt 0.287209 0.355555
vt 0.011229 0.514892
vt 0.011229 0.833566
vt 0.287209 0.992904
vt 0.563189 0.833567
vt 0.563189 0.514892
vt 0.287209 0.355555
vt 0.011229 0.514892
vt 0.011229 0.833566
vt 0.287209 0.992904
vt 0.563189 0.833567
vt 0.563189 0.514892
vt 0.287209 0.355555
vt 0.011229 0.514892
vt 0.011229 0.833566
vt 0.287209 0.992904
vt 0.563189 0.833567
vt 0.563189 0.514892
vt 0.287209 0.355555
vt 0.011229 0.514892
vt 0.011229 0.833566
vt 0.287209 0.992904
vt 0.563189 0.833567
vt 0.563189 0.514892
vt 0.287209 0.355555
vt 0.011229 0.514892
vt 0.011229 0.833566
vt 0.287209 0.992904
vt 0.563189 0.833567
vt 0.563189 0.514892
vt 0.287209 0.355555
vt 0.011229 0.514892
vt 0.011229 0.833566
vt 0.287209 0.992904
vt 0.563189 0.833567
vt 0.563189 0.514892
vt 0.287209 0.355555
vt 0.011229 0.514892
vt 0.011229 0.833566
vt 0.287209 0.992904
vt 0.563189 0.833567
vt 0.563189 0.514892
vt 0.287209 0.355555
vt 0.011229 0.514892
vt 0.011229 0.833566
vt 0.287209 0.992904
vt 0.563189 0.833567
vt 0.563189 0.514892
vt 0.287209 0.355555
vt 0.011229 0.514892
vt 0.011229 0.833566
vt 0.287209 0.992904
vt 0.563189 0.833567
vt 0.563189 0.514892
vt 0.287209 0.355555
vt 0.011229 0.514892
vt 0.011229 0.833566
vt 0.287209 0.992904
vt 0.563189 0.833567
vt 0.563189 0.514892
vt 0.287209 0.355555
vt 0.011229 0.514892
vt 0.011229 0.833566
vt 0.287209 0.992904
vt 0.563189 0.833567
vt 0.563189 0.514892
vt 0.287209 0.355555
vt 0.011229 0.514892
vt 0.011229 0.833566
vt 0.287209 0.992904
vt 0.563189 0.833567
vt 0.563189 0.514892
vt 0.287209 0.355555
vt 0.011229 0.514892
vt 0.011229 0.833566
vt 0.287209 0.992904
vt 0.563189 0.833567
vt 0.563189 0.514892
vt 0.287209 0.355555
vt 0.011229 0.514892
vt 0.011229 0.833566
vt 0.287209 0.992904
vt 0.563189 0.833567
vt 0.563189 0.514892
vt 0.287209 0.355555
vt 0.011229 0.514892
vt 0.011229 0.833566
vt 0.287209 0.992904
vt 0.563189 0.833567
vt 0.563189 0.514892
vt 0.287209 0.355555
vt 0.011229 0.514892
vt 0.011229 0.833566
vt 0.287209 0.992904
vt 0.563189 0.833567
vt 0.563189 0.514892
vt 0.287209 0.355555
vt 0.011229 0.514892
vt 0.011229 0.833566
vt 0.287209 0.992904
vt 0.563189 0.833567
vt 0.563189 0.514892
vt 0.287209 0.355555
vt 0.011229 0.514892
vt 0.011229 0.833566
vt 0.287209 0.992904
vt 0.563189 0.833567
vt 0.563189 0.514892
vt 0.287209 0.355555
vt 0.011229 0.514892
vt 0.011229 0.833566
vt 0.287209 0.992904
vt 0.563189 0.833567
vt 0.563189 0.514892
vt 0.287209 0.355555
vt 0.011229 0.514892
vt 0.011229 0.833566
vt 0.287209 0.992904
vt 0.563189 0.833567
vt 0.563189 0.514892
vt 0.287209 0.355555
vt 0.011229 0.514892
vt 0.011229 0.833566
vt 0.287209 0.992904
vt 0.563189 0.833567
vt 0.563189 0.514892
vt 0.287209 0.355555
vt 0.011229 0.514892
vt 0.011229 0.833566
vt 0.287209 0.992904
vt 0.563189 0.833567
vt 0.563189 0.514892
vt 0.287209 0.355555
vt 0.011229 0.514892
vt 0.011229 0.833566
vt 0.287209 0.992904
vt 0.563189 0.833567
vt 0.563189 0.514892
vt 0.287209 0.355555
vt 0.011229 0.514892
vt 0.011229 0.833566
vt 0.287209 0.992904
vt 0.563189 0.833567
vt 0.563189 0.514892
vt 0.287209 0.355555
vt 0.011229 0.514892
vt 0.011229 0.833566
vt 0.287209 0.992904
vt 0.563189 0.833567
vt 0.563189 0.514892
vt 0.287209 0.355555
vt 0.011229 0.514892
vt 0.011229 0.833566
vt 0.287209 0.992904
vt 0.563189 0.833567
vt 0.563189 0.514892
vt 0.287209 0.355555
vt 0.011229 0.514892
vt 0.011229 0.833566
vt 0.287209 0.992904
vt 0.563189 0.833567
vt 0.563189 0.514892
vt 0.287209 0.355555
vt 0.011229 0.514892
vt 0.011229 0.833566
vt 0.287209 0.992904
vt 0.563189 0.833567
vt 0.563189 0.514892
vt 0.287209 0.355555
vt 0.011229 0.514892
vt 0.011229 0.833566
vt 0.287209 0.992904
vt 0.563189 0.833567
vt 0.563189 0.514892
vt 0.287209 0.355555
vt 0.011229 0.514892
vt 0.011229 0.833566
vt 0.287209 0.992904
vt 0.563189 0.833567
vt 0.563189 0.514892
vt 0.287209 0.355555
vt 0.011229 0.514892
vt 0.011229 0.833566
vt 0.287209 0.992904
vt 0.563189 0.833567
vt 0.563189 0.514892
vt 0.287209 0.355555
vt 0.011229 0.514892
vt 0.011229 0.833566
vt 0.287209 0.992904
vt 0.563189 0.833567
vt 0.563189 0.514892
vt 0.287209 0.355555
vt 0.011229 0.514892
vt 0.011229 0.833566
vt 0.287209 0.992904
vt 0.563189 0.833567
vt 0.563189 0.514892
vt 0.287209 0.355555
vt 0.011229 0.514892
vt 0.011229 0.833566
vt 0.287209 0.992904
vt 0.563189 0.833567
vt 0.563189 0.514892
vt 0.287209 0.355555
vt 0.011229 0.514892
vt 0.011229 0.833566
vt 0.287209 0.992904
vt 0.563189 0.833567
vt 0.563189 0.514892
vt 0.287209 0.355555
vt 0.011229 0.514892
vt 0.011229 0.833566
vt 0.287209 0.992904
vt 0.563189 0.833567
vt 0.563189 0.514892
vt 0.287209 0.355555
vt 0.011229 0.514892
vt 0.011229 0.833566
vt 0.287209 0.992904
vt 0.563189 0.833567
vt 0.563189 0.514892
vt 0.287209 0.355555
vt 0.011229 0.514892
vt 0.011229 0.833566
vt 0.287209 0.992904
vt 0.563189 0.833567
vt 0.563189 0.514892
vt 0.287209 0.355555
vt 0.011229 0.514892
vt 0.011229 0.833566
vt 0.287209 0.992904
vt 0.563189 0.833567
vt 0.563189 0.514892
vt 0.287209 0.355555
vt 0.011229 0.514892
vt 0.011229 0.833566
vt 0.287209 0.992904
vt 0.563189 0.833567
vt 0.563189 0.514892
vt 0.287209 0.355555
vt 0.011229 0.514892
vt 0.011229 0.833566
vt 0.287209 0.992904
vt 0.563189 0.833567
vt 0.563189 0.514892
vt 0.287209 0.355555
vt 0.011229 0.514892
vt 0.011229 0.833566
vt 0.287209 0.992904
vt 0.563189 0.833567
vt 0.563189 0.514892
vt 0.287209 0.355555
vt 0.011229 0.514892
vt 0.011229 0.833566
vt 0.287209 0.992904
vt 0.563189 0.833567
vt 0.563189 0.514892
vt 0.287209 0.355555
vt 0.011229 0.514892
vt 0.011229 0.833566
vt 0.287209 0.992904
vt 0.563189 0.833567
vt 0.563189 0.514892
vt 0.287209 0.355555
vt 0.011229 0.514892
vt 0.011229 0.833566
vt 0.287209 0.992904
vt 0.563189 0.833567
vt 0.563189 0.514892
vt 0.287209 0.355555
vt 0.011229 0.514892
vt 0.011229 0.833566
vt 0.287209 0.992904
vt 0.563189 0.833567
vt 0.563189 0.514892
vt 0.287209 0.355555
vt 0.011229 0.514892
vt 0.011229 0.833566
vt 0.287209 0.992904
vt 0.563189 0.833567
vt 0.563189 0.514892
vt 0.287209 0.355555
vt 0.011229 0.514892
vt 0.011229 0.833566
vt 0.287209 0.992904
vt 0.563189 0.833567
vt 0.563189 0.514892
vt 0.287209 0.355555
vt 0.011229 0.514892
vt 0.011229 0.833566
vt 0.287209 0.992904
vt 0.563189 0.833567
vt 0.563189 0.514892
vt 0.287209 0.355555
vt 0.011229 0.514892
vt 0.011229 0.833566
vt 0.287209 0.992904
vt 0.563189 0.833567
vt 0.563189 0.514892
vt 0.287209 0.355555
vt 0.011229 0.514892
vt 0.011229 0.833566
vt 0.287209 0.992904
vt 0.563189 0.833567
vt 0.563189 0.514892
vt 0.287209 0.355555
vt 0.011229 0.514892
vt 0.011229 0.833566
vt 0.287209 0.992904
vt 0.563189 0.833567
vt 0.563189 0.514892
vt 0.287209 0.355555
vt 0.011229 0.514892
vt 0.011229 0.833566
vt 0.287209 0.992904
vt 0.563189 0.833567
vt 0.563189 0.514892
vt 0.287209 0.355555
vt 0.011229 0.514892
vt 0.011229 0.833566
vt 0.287209 0.992904
vt 0.563189 0.833567
vt 0.563189 0.514892
vt 0.287209 0.355555
vt 0.011229 0.514892
vt 0.011229 0.833566
vt 0.287209 0.992904
vt 0.563189 0.833567
vt 0.563189 0.514892
vt 0.287209 0.355555
vt 0.011229 0.514892
vt 0.011229 0.833566
vt 0.287209 0.992904
vt 0.563189 0.833567
vt 0.563189 0.514892
vt 0.287209 0.355555
vt 0.011229 0.514892
vt 0.011229 0.833566
vt 0.287209 0.992904
vt 0.563189 0.833567
vt 0.563189 0.514892
vt 0.287209 0.355555
vt 0.011229 0.514892
vt 0.011229 0.833566
vt 0.287209 0.992904
vt 0.563189 0.833567
vt 0.563189 0.514892
vt 0.287209 0.355555
vt 0.011229 0.514892
vt 0.011229 0.833566
vt 0.287209 0.992904
vt 0.563189 0.833567
vt 0.563189 0.514892
vt 0.287209 0.355555
vt 0.011229 0.514892
vt 0.011229 0.833566
vt 0.287209 0.992904
vt 0.563189 0.833567
vt 0.563189 0.514892
vt 0.287209 0.355555
vt 0.011229 0.514892
vt 0.011229 0.833566
vt 0.287209 0.992904
vt 0.563189 0.833567
vt 0.563189 0.514892
vt 0.287209 0.355555
vt 0.011229 0.514892
vt 0.011229 0.833566
vt 0.287209 0.992904
vt 0.563189 0.833567
vt 0.563189 0.514892
vt 0.287209 0.355555
vt 0.011229 0.514892
vt 0.011229 0.833566
vt 0.287209 0.992904
vt 0.563189 0.833567
vt 0.563189 0.514892
vt 0.287209 0.355555
vt 0.011229 0.514892
vt 0.011229 0.833566
vt 0.287209 0.992904
vt 0.563189 0.833567
vt 0.563189 0.514892
vt 0.287209 0.355555
vt 0.011229 0.514892
vt 0.011229 0.833566
vt 0.287209 0.992904
vt 0.563189 0.833567
vt 0.563189 0.514892
vt 0.287209 0.355555
vt 0.011229 0.514892
vt 0.011229 0.833566
vt 0.287209 0.992904
vt 0.563189 0.833567
vt 0.563189 0.514892
vt 0.287209 0.355555
vt 0.011229 0.514892
vt 0.011229 0.833566
vt 0.287209 0.992904
vt 0.563189 0.833567
vt 0.563189 0.514892
vt 0.287209 0.355555
vt 0.011229 0.514892
vt 0.011229 0.833566
vt 0.287209 0.992904
vt 0.563189 0.833567
vt 0.563189 0.514892
vt 0.287209 0.355555
vt 0.011229 0.514892
vt 0.011229 0.833566
vt 0.287209 0.992904
vt 0.563189 0.833567
vt 0.563189 0.514892
vt 0.287209 0.355555
vt 0.011229 0.514892
vt 0.011229 0.833566
vt 0.287209 0.992904
vt 0.563189 0.833567
vt 0.563189 0.514892
vt 0.287209 0.355555
vt 0.011229 0.514892
vt 0.011229 0.833566
vt 0.287209 0.992904
vt 0.563189 0.833567
vt 0.563189 0.514892
vt 0.287209 0.355555
vt 0.011229 0.514892
vt 0.011229 0.833566
vt 0.287209 0.992904
vt 0.563189 0.833567
vt 0.563189 0.514892
vt 0.287209 0.355555
vt 0.011229 0.514892
vt 0.011229 0.833566
vt 0.287209 0.992904
vt 0.563189 0.833567
vt 0.563189 0.514892
vt 0.287209 0.355555
vt 0.011229 0.514892
vt 0.011229 0.833566
vt 0.287209 0.992904
vt 0.563189 0.833567
vt 0.563189 0.514892
vt 0.287209 0.355555
vt 0.011229 0.514892
vt 0.011229 0.833566
vt 0.287209 0.992904
vt 0.563189 0.833567
vt 0.563189 0.514892
vt 0.287209 0.355555
vt 0.011229 0.514892
vt 0.011229 0.833566
vt 0.287209 0.992904
vt 0.563189 0.833567
vt 0.563189 0.514892
vt 0.287209 0.355555
vt 0.011229 0.514892
vt 0.011229 0.833566
vt 0.287209 0.992904
vt 0.563189 0.833567
vt 0.563189 0.514892
vt 0.287209 0.355555
vt 0.011229 0.514892
vt 0.011229 0.833566
vt 0.287209 0.992904
vt 0.563189 0.833567
vt 0.563189 0.514892
vt 0.287209 0.355555
vt 0.011229 0.514892
vt 0.011229 0.833566
vt 0.287209 0.992904
vt 0.563189 0.833567
vt 0.563189 0.514892
vt 0.287209 0.355555
vt 0.011229 0.514892
vt 0.011229 0.833566
vt 0.287209 0.992904
vt 0.563189 0.833567
vt 0.563189 0.514892
vt 0.287209 0.355555
vt 0.011229 0.514892
vt 0.011229 0.833566
vt 0.287209 0.992904
vt 0.563189 0.833567
vt 0.563189 0.514892
vt 0.287209 0.355555
vt 0.011229 0.514892
vt 0.011229 0.833566
vt 0.287209 0.992904
vt 0.563189 0.833567
vt 0.563189 0.514892
vt 0.287209 0.355555
vt 0.011229 0.514892
vt 0.011229 0.833566
vt 0.287209 0.992904
vt 0.563189 0.833567
vt 0.563189 0.514892
vt 0.287209 0.355555
vt 0.011229 0.514892
vt 0.011229 0.833566
vt 0.287209 0.992904
vt 0.563189 0.833567
vt 0.563189 0.514892
vt 0.287209 0.355555
vt 0.011229 0.514892
vt 0.011229 0.833566
vt 0.287209 0.992904
vt 0.563189 0.833567
vt 0.563189 0.514892
vt 0.287209 0.355555
vt 0.011229 0.514892
vt 0.011229 0.833566
vt 0.287209 0.992904
vt 0.563189 0.833567
vt 0.563189 0.514892
vt 0.287209 0.355555
vt 0.011229 0.514892
vt 0.011229 0.833566
vt 0.287209 0.992904
vt 0.563189 0.833567
vt 0.563189 0.514892
vt 0.287209 0.355555
vt 0.011229 0.514892
vt 0.011229 0.833566
vt 0.287209 0.992904
vt 0.563189 0.833567
vt 0.563189 0.514892
vt 0.287209 0.355555
vt 0.011229 0.514892
vt 0.011229 0.833566
vt 0.287209 0.992904
vt 0.563189 0.833567
vt 0.563189 0.514892
vt 0.287209 0.355555
vt 0.011229 0.514892
vt 0.011229 0.833566
vt 0.287209 0.992904
vt 0.563189 0.833567
vt 0.563189 0.514892
vt 0.287209 0.355555
vt 0.011229 0.514892
vt 0.011229 0.833566
vt 0.287209 0.992904
vt 0.563189 0.833567
vt 0.563189 0.514892
vt 0.287209 0.355555
vt 0.011229 0.514892
vt 0.011229 0.833566
vt 0.287209 0.992904
vt 0.563189 0.833567
vt 0.563189 0.514892
vt 0.287209 0.355555
vt 0.011229 0.514892
vt 0.011229 0.833566
vt 0.287209 0.992904
vt 0.563189 0.833567
vt 0.563189 0.514892
vt 0.287209 0.355555
vt 0.011229 0.514892
vt 0.011229 0.833566
vt 0.287209 0.992904
vt 0.563189 0.833567
vt 0.563189 0.514892
vt 0.287209 0.355555
vt 0.011229 0.514892
vt 0.011229 0.833566
vt 0.287209 0.992904
vt 0.563189 0.833567
vt 0.563189 0.514892
vt 0.287209 0.355555
vt 0.011229 0.514892
vt 0.011229 0.833566
vt 0.287209 0.992904
vt 0.563189 0.833567
vt 0.563189 0.514892
vt 0.287209 0.355555
vt 0.011229 0.514892
vt 0.011229 0.833566
vt 0.287209 0.992904
vt 0.563189 0.833567
vt 0.563189 0.514892
vt 0.287209 0.355555
vt 0.011229 0.514892
vt 0.011229 0.833566
vt 0.287209 0.992904
vt 0.563189 0.833567
vt 0.563189 0.514892
vt 0.287209 0.355555
vt 0.011229 0.514892
vt 0.011229 0.833566
vt 0.287209 0.992904
vt 0.563189 0.833567
vt 0.563189 0.514892
vt 0.287209 0.355555
vt 0.011229 0.514892
vt 0.011229 0.833566
vt 0.287209 0.992904
vt 0.563189 0.833567
vt 0.563189 0.514892
vt 0.287209 0.355555
vt 0.011229 0.514892
vt 0.011229 0.833566
vt 0.287209 0.992904
vt 0.563189 0.833567
vt 0.563189 0.514892
vt 0.287209 0.355555
vt 0.011229 0.514892
vt 0.011229 0.833566
vt 0.287209 0.992904
vt 0.563189 0.833567
vt 0.563189 0.514892
vt 0.287209 0.355555
vt 0.011229 0.514892
vt 0.011229 0.833566
vt 0.287209 0.992904
vt 0.563189 0.833567
vt 0.563189 0.514892
vt 0.287209 0.355555
vt 0.011229 0.514892
vt 0.011229 0.833566
vt 0.287209 0.992904
vt 0.563189 0.833567
vt 0.563189 0.514892
vt 0.287209 0.355555
vt 0.011229 0.514892
vt 0.011229 0.833566
vt 0.287209 0.992904
vt 0.563189 0.833567
vt 0.563189 0.514892
vt 0.287209 0.355555
vt 0.011229 0.514892
vt 0.011229 0.833566
vt 0.287209 0.992904
vt 0.563189 0.833567
vt 0.563189 0.514892
vt 0.287209 0.355555
vt 0.011229 0.514892
vt 0.011229 0.833566
vt 0.287209 0.992904
vt 0.563189 0.833567
vt 0.563189 0.514892
vt 0.287209 0.355555
vt 0.011229 0.514892
vt 0.011229 0.833566
vt 0.287209 0.992904
vt 0.563189 0.833567
vt 0.563189 0.514892
vt 0.287209 0.355555
vt 0.011229 0.514892
vt 0.011229 0.833566
vt 0.287209 0.992904
vt 0.563189 0.833567
vt 0.563189 0.514892
vt 0.287209 0.355555
vt 0.011229 0.514892
vt 0.011229 0.833566
vt 0.287209 0.992904
vt 0.563189 0.833567
vt 0.563189 0.514892
vt 0.287209 0.355555
vt 0.011229 0.514892
vt 0.011229 0.833566
vt 0.287209 0.992904
vt 0.563189 0.833567
vt 0.563189 0.514892
vt 0.287209 0.355555
vt 0.011229 0.514892
vt 0.011229 0.833566
vt 0.287209 0.992904
vt 0.563189 0.833567
vt 0.563189 0.514892
vt 0.287209 0.355555
vt 0.011229 0.514892
vt 0.011229 0.833566
vt 0.287209 0.992904
vt 0.563189 0.833567
vt 0.563189 0.514892
vt 0.287209 0.355555
vt 0.011229 0.514892
vt 0.011229 0.833566
vt 0.287209 0.992904
vt 0.563189 0.833567
vt 0.563189 0.514892
vt 0.287209 0.355555
vt 0.011229 0.514892
vt 0.011229 0.833566
vt 0.287209 0.992904
vt 0.563189 0.833567
vt 0.563189 0.514892
vt 0.287209 0.355555
vt 0.011229 0.514892
vt 0.011229 0.833566
vt 0.287209 0.992904
vt 0.563189 0.833567
vt 0.563189 0.514892
vt 0.287209 0.355555
vt 0.011229 0.514892
vt 0.011229 0.833566
vt 0.287209 0.992904
vt 0.563189 0.833567
vt 0.563189 0.514892
vt 0.287209 0.355555
vt 0.011229 0.514892
vt 0.011229 0.833566
vt 0.287209 0.992904
vt 0.563189 0.833567
vt 0.563189 0.514892
vt 0.287209 0.355555
vt 0.011229 0.514892
vt 0.011229 0.833566
vt 0.287209 0.992904
vt 0.563189 0.833567
vt 0.563189 0.514892
vt 0.287209 0.355555
vt 0.011229 0.514892
vt 0.011229 0.833566
vt 0.287209 0.992904
vt 0.563189 0.833567
vt 0.563189 0.514892
vt 0.287209 0.355555
vt 0.011229 0.514892
vt 0.011229 0.833566
vt 0.287209 0.992904
vt 0.563189 0.833567
vt 0.563189 0.514892
vt 0.287209 0.355555
vt 0.011229 0.514892
vt 0.011229 0.833566
vt 0.287209 0.992904
vt 0.563189 0.833567
vt 0.563189 0.514892
vt 0.287209 0.355555
vt 0.011229 0.514892
vt 0.011229 0.833566
vt 0.287209 0.992904
vt 0.563189 0.833567
vt 0.563189 0.514892
vt 0.287209 0.355555
vt 0.011229 0.514892
vt 0.011229 0.833566
vt 0.287209 0.992904
vt 0.563189 0.833567
vt 0.563189 0.514892
vt 0.287209 0.355555
vt 0.011229 0.514892
vt 0.011229 0.833566
vt 0.287209 0.992904
vt 0.563189 0.833567
vt 0.563189 0.514892
vt 0.287209 0.355555
vt 0.011229 0.514892
vt 0.011229 0.833566
vt 0.689079 0.586187
vt 0.990464 0.367218
vt 0.875345 0.012919
vt 0.502813 0.012919
vt 0.387694 0.367218
vt 0.287209 0.992904
vt 0.563189 0.833567
vt 0.563189 0.514892
vt 0.287209 0.355555
vt 0.011229 0.514892
vt 0.011229 0.833566
vt 0.287209 0.992904
vt 0.563189 0.833567
vt 0.563189 0.514892
vt 0.287209 0.355555
vt 0.011229 0.514892
vt 0.011229 0.833566
vt 0.287209 0.992904
vt 0.563189 0.833567
vt 0.563189 0.514892
vt 0.287209 0.355555
vt 0.011229 0.514892
vt 0.011229 0.833566
vt 0.287209 0.992904
vt 0.563189 0.833567
vt 0.563189 0.514892
vt 0.287209 0.355555
vt 0.011229 0.514892
vt 0.011229 0.833566
vt 0.287209 0.992904
vt 0.563189 0.833567
vt 0.563189 0.514892
vt 0.287209 0.355555
vt 0.011229 0.514892
vt 0.011229 0.833566
vt 0.287209 0.992904
vt 0.563189 0.833567
vt 0.563189 0.514892
vt 0.287209 0.355555
vt 0.011229 0.514892
vt 0.011229 0.833566
vt 0.287209 0.992904
vt 0.563189 0.833567
vt 0.563189 0.514892
vt 0.287209 0.355555
vt 0.011229 0.514892
vt 0.011229 0.833566
vt 0.287209 0.992904
vt 0.563189 0.833567
vt 0.563189 0.514892
vt 0.287209 0.355555
vt 0.011229 0.514892
vt 0.011229 0.833566
vt 0.287209 0.992904
vt 0.563189 0.833567
vt 0.563189 0.514892
vt 0.287209 0.355555
vt 0.011229 0.514892
vt 0.011229 0.833566
vt 0.287209 0.992904
vt 0.563189 0.833567
vt 0.563189 0.514892
vt 0.287209 0.355555
vt 0.011229 0.514892
vt 0.011229 0.833566
vt 0.287209 0.992904
vt 0.563189 0.833567
vt 0.563189 0.514892
vt 0.287209 0.355555
vt 0.011229 0.514892
vt 0.011229 0.833566
vt 0.287209 0.992904
vt 0.563189 0.833567
vt 0.563189 0.514892
vt 0.287209 0.355555
vt 0.011229 0.514892
vt 0.011229 0.833566
vt 0.287209 0.992904
vt 0.563189 0.833567
vt 0.563189 0.514892
vt 0.287209 0.355555
vt 0.011229 0.514892
vt 0.011229 0.833566
vt 0.287209 0.992904
vt 0.563189 0.833567
vt 0.563189 0.514892
vt 0.287209 0.355555
vt 0.011229 0.514892
vt 0.011229 0.833566
vt 0.287209 0.992904
vt 0.563189 0.833567
vt 0.563189 0.514892
vt 0.287209 0.355555
vt 0.011229 0.514892
vt 0.011229 0.833566
vt 0.287209 0.992904
vt 0.563189 0.833567
vt 0.563189 0.514892
vt 0.287209 0.355555
vt 0.011229 0.514892
vt 0.011229 0.833566
vt 0.287209 0.992904
vt 0.563189 0.833567
vt 0.563189 0.514892
vt 0.287209 0.355555
vt 0.011229 0.514892
vt 0.011229 0.833566
vt 0.287209 0.992904
vt 0.563189 0.833567
vt 0.563189 0.514892
vt 0.287209 0.355555
vt 0.011229 0.514892
vt 0.011229 0.833566
vt 0.287209 0.992904
vt 0.563189 0.833567
vt 0.563189 0.514892
vt 0.287209 0.355555
vt 0.011229 0.514892
vt 0.011229 0.833566
vt 0.287209 0.992904
vt 0.563189 0.833567
vt 0.563189 0.514892
vt 0.287209 0.355555
vt 0.011229 0.514892
vt 0.011229 0.833566
vt 0.287209 0.992904
vt 0.563189 0.833567
vt 0.563189 0.514892
vt 0.287209 0.355555
vt 0.011229 0.514892
vt 0.011229 0.833566
vt 0.287209 0.992904
vt 0.563189 0.833567
vt 0.563189 0.514892
vt 0.287209 0.355555
vt 0.011229 0.514892
vt 0.011229 0.833566
vt 0.287209 0.992904
vt 0.563189 0.833567
vt 0.563189 0.514892
vt 0.287209 0.355555
vt 0.011229 0.514892
vt 0.011229 0.833566
vt 0.287209 0.992904
vt 0.563189 0.833567
vt 0.563189 0.514892
vt 0.287209 0.355555
vt 0.011229 0.514892
vt 0.011229 0.833566
vt 0.287209 0.992904
vt 0.563189 0.833567
vt 0.563189 0.514892
vt 0.287209 0.355555
vt 0.011229 0.514892
vt 0.011229 0.833566
vt 0.287209 0.992904
vt 0.563189 0.833567
vt 0.563189 0.514892
vt 0.287209 0.355555
vt 0.011229 0.514892
vt 0.011229 0.833566
vt 0.287209 0.992904
vt 0.563189 0.833567
vt 0.563189 0.514892
vt 0.287209 0.355555
vt 0.011229 0.514892
vt 0.011229 0.833566
vt 0.287209 0.992904
vt 0.563189 0.833567
vt 0.563189 0.514892
vt 0.287209 0.355555
vt 0.011229 0.514892
vt 0.011229 0.833566
vt 0.287209 0.992904
vt 0.563189 0.833567
vt 0.563189 0.514892
vt 0.287209 0.355555
vt 0.011229 0.514892
vt 0.011229 0.833566
vt 0.287209 0.992904
vt 0.563189 0.833567
vt 0.563189 0.514892
vt 0.287209 0.355555
vt 0.011229 0.514892
vt 0.011229 0.833566
vt 0.287209 0.992904
vt 0.563189 0.833567
vt 0.563189 0.514892
vt 0.287209 0.355555
vt 0.011229 0.514892
vt 0.011229 0.833566
vt 0.287209 0.992904
vt 0.563189 0.833567
vt 0.563189 0.514892
vt 0.287209 0.355555
vt 0.011229 0.514892
vt 0.011229 0.833566
vt 0.287209 0.992904
vt 0.563189 0.833567
vt 0.563189 0.514892
vt 0.287209 0.355555
vt 0.011229 0.514892
vt 0.011229 0.833566
vt 0.689079 0.586187
vt 0.990464 0.367218
vt 0.875345 0.012919
vt 0.502813 0.012919
vt 0.387694 0.367218
vt 0.287209 0.992904
vt 0.563189 0.833567
vt 0.563189 0.514892
vt 0.287209 0.355555
vt 0.011229 0.514892
vt 0.011229 0.833566
vt 0.287209 0.992904
vt 0.563189 0.833567
vt 0.563189 0.514892
vt 0.287209 0.355555
vt 0.011229 0.514892
vt 0.011229 0.833566
vt 0.287209 0.992904
vt 0.563189 0.833567
vt 0.563189 0.514892
vt 0.287209 0.355555
vt 0.011229 0.514892
vt 0.011229 0.833566
vt 0.287209 0.992904
vt 0.563189 0.833567
vt 0.563189 0.514892
vt 0.287209 0.355555
vt 0.011229 0.514892
vt 0.011229 0.833566
vt 0.287209 0.992904
vt 0.563189 0.833567
vt 0.563189 0.514892
vt 0.287209 0.355555
vt 0.011229 0.514892
vt 0.011229 0.833566
vt 0.287209 0.992904
vt 0.563189 0.833567
vt 0.563189 0.514892
vt 0.287209 0.355555
vt 0.011229 0.514892
vt 0.011229 0.833566
vt 0.287209 0.992904
vt 0.563189 0.833567
vt 0.563189 0.514892
vt 0.287209 0.355555
vt 0.011229 0.514892
vt 0.011229 0.833566
vt 0.287209 0.992904
vt 0.563189 0.833567
vt 0.563189 0.514892
vt 0.287209 0.355555
vt 0.011229 0.514892
vt 0.011229 0.833566
vt 0.287209 0.992904
vt 0.563189 0.833567
vt 0.563189 0.514892
vt 0.287209 0.355555
vt 0.011229 0.514892
vt 0.011229 0.833566
vt 0.287209 0.992904
vt 0.563189 0.833567
vt 0.563189 0.514892
vt 0.287209 0.355555
vt 0.011229 0.514892
vt 0.011229 0.833566
vt 0.287209 0.992904
vt 0.563189 0.833567
vt 0.563189 0.514892
vt 0.287209 0.355555
vt 0.011229 0.514892
vt 0.011229 0.833566
vt 0.287209 0.992904
vt 0.563189 0.833567
vt 0.563189 0.514892
vt 0.287209 0.355555
vt 0.011229 0.514892
vt 0.011229 0.833566
vt 0.287209 0.992904
vt 0.563189 0.833567
vt 0.563189 0.514892
vt 0.287209 0.355555
vt 0.011229 0.514892
vt 0.011229 0.833566
vt 0.287209 0.992904
vt 0.563189 0.833567
vt 0.563189 0.514892
vt 0.287209 0.355555
vt 0.011229 0.514892
vt 0.011229 0.833566
vt 0.287209 0.992904
vt 0.563189 0.833567
vt 0.563189 0.514892
vt 0.287209 0.355555
vt 0.011229 0.514892
vt 0.011229 0.833566
vt 0.287209 0.992904
vt 0.563189 0.833567
vt 0.563189 0.514892
vt 0.287209 0.355555
vt 0.011229 0.514892
vt 0.011229 0.833566
vt 0.287209 0.992904
vt 0.563189 0.833567
vt 0.563189 0.514892
vt 0.287209 0.355555
vt 0.011229 0.514892
vt 0.011229 0.833566
vt 0.287209 0.992904
vt 0.563189 0.833567
vt 0.563189 0.514892
vt 0.287209 0.355555
vt 0.011229 0.514892
vt 0.011229 0.833566
vt 0.287209 0.992904
vt 0.563189 0.833567
vt 0.563189 0.514892
vt 0.287209 0.355555
vt 0.011229 0.514892
vt 0.011229 0.833566
vt 0.287209 0.992904
vt 0.563189 0.833567
vt 0.563189 0.514892
vt 0.287209 0.355555
vt 0.011229 0.514892
vt 0.011229 0.833566
vt 0.287209 0.992904
vt 0.563189 0.833567
vt 0.563189 0.514892
vt 0.287209 0.355555
vt 0.011229 0.514892
vt 0.011229 0.833566
vt 0.287209 0.992904
vt 0.563189 0.833567
vt 0.563189 0.514892
vt 0.287209 0.355555
vt 0.011229 0.514892
vt 0.011229 0.833566
vt 0.287209 0.992904
vt 0.563189 0.833567
vt 0.563189 0.514892
vt 0.287209 0.355555
vt 0.011229 0.514892
vt 0.011229 0.833566
vt 0.287209 0.992904
vt 0.563189 0.833567
vt 0.563189 0.514892
vt 0.287209 0.355555
vt 0.011229 0.514892
vt 0.011229 0.833566
vt 0.287209 0.992904
vt 0.563189 0.833567
vt 0.563189 0.514892
vt 0.287209 0.355555
vt 0.011229 0.514892
vt 0.011229 0.833566
vt 0.287209 0.992904
vt 0.563189 0.833567
vt 0.563189 0.514892
vt 0.287209 0.355555
vt 0.011229 0.514892
vt 0.011229 0.833566
vt 0.287209 0.992904
vt 0.563189 0.833567
vt 0.563189 0.514892
vt 0.287209 0.355555
vt 0.011229 0.514892
vt 0.011229 0.833566
vt 0.287209 0.992904
vt 0.563189 0.833567
vt 0.563189 0.514892
vt 0.287209 0.355555
vt 0.011229 0.514892
vt 0.011229 0.833566
vt 0.287209 0.992904
vt 0.563189 0.833567
vt 0.563189 0.514892
vt 0.287209 0.355555
vt 0.011229 0.514892
vt 0.011229 0.833566
vt 0.287209 0.992904
vt 0.563189 0.833567
vt 0.563189 0.514892
vt 0.287209 0.355555
vt 0.011229 0.514892
vt 0.011229 0.833566
vt 0.287209 0.992904
vt 0.563189 0.833567
vt 0.563189 0.514892
vt 0.287209 0.355555
vt 0.011229 0.514892
vt 0.011229 0.833566
vt 0.287209 0.992904
vt 0.563189 0.833567
vt 0.563189 0.514892
vt 0.287209 0.355555
vt 0.011229 0.514892
vt 0.011229 0.833566
vt 0.287209 0.992904
vt 0.563189 0.833567
vt 0.563189 0.514892
vt 0.287209 0.355555
vt 0.011229 0.514892
vt 0.011229 0.833566
vt 0.689079 0.586187
vt 0.990464 0.367218
vt 0.875345 0.012919
vt 0.502813 0.012919
vt 0.387694 0.367218
vt 0.287209 0.992904
vt 0.563189 0.833567
vt 0.563189 0.514892
vt 0.287209 0.355555
vt 0.011229 0.514892
vt 0.011229 0.833566
vt 0.287209 0.992904
vt 0.563189 0.833567
vt 0.563189 0.514892
vt 0.287209 0.355555
vt 0.011229 0.514892
vt 0.011229 0.833566
vt 0.287209 0.992904
vt 0.563189 0.833567
vt 0.563189 0.514892
vt 0.287209 0.355555
vt 0.011229 0.514892
vt 0.011229 0.833566
vt 0.287209 0.992904
vt 0.563189 0.833567
vt 0.563189 0.514892
vt 0.287209 0.355555
vt 0.011229 0.514892
vt 0.011229 0.833566
vt 0.287209 0.992904
vt 0.563189 0.833567
vt 0.563189 0.514892
vt 0.287209 0.355555
vt 0.011229 0.514892
vt 0.011229 0.833566
vt 0.287209 0.992904
vt 0.563189 0.833567
vt 0.563189 0.514892
vt 0.287209 0.355555
vt 0.011229 0.514892
vt 0.011229 0.833566
vt 0.287209 0.992904
vt 0.563189 0.833567
vt 0.563189 0.514892
vt 0.287209 0.355555
vt 0.011229 0.514892
vt 0.011229 0.833566
vt 0.287209 0.992904
vt 0.563189 0.833567
vt 0.563189 0.514892
vt 0.287209 0.355555
vt 0.011229 0.514892
vt 0.011229 0.833566
vt 0.287209 0.992904
vt 0.563189 0.833567
vt 0.563189 0.514892
vt 0.287209 0.355555
vt 0.011229 0.514892
vt 0.011229 0.833566
vt 0.287209 0.992904
vt 0.563189 0.833567
vt 0.563189 0.514892
vt 0.287209 0.355555
vt 0.011229 0.514892
vt 0.011229 0.833566
vt 0.287209 0.992904
vt 0.563189 0.833567
vt 0.563189 0.514892
vt 0.287209 0.355555
vt 0.011229 0.514892
vt 0.011229 0.833566
vt 0.287209 0.992904
vt 0.563189 0.833567
vt 0.563189 0.514892
vt 0.287209 0.355555
vt 0.011229 0.514892
vt 0.011229 0.833566
vt 0.287209 0.992904
vt 0.563189 0.833567
vt 0.563189 0.514892
vt 0.287209 0.355555
vt 0.011229 0.514892
vt 0.011229 0.833566
vt 0.287209 0.992904
vt 0.563189 0.833567
vt 0.563189 0.514892
vt 0.287209 0.355555
vt 0.011229 0.514892
vt 0.011229 0.833566
vt 0.287209 0.992904
vt 0.563189 0.833567
vt 0.563189 0.514892
vt 0.287209 0.355555
vt 0.011229 0.514892
vt 0.011229 0.833566
vt 0.287209 0.992904
vt 0.563189 0.833567
vt 0.563189 0.514892
vt 0.287209 0.355555
vt 0.011229 0.514892
vt 0.011229 0.833566
vt 0.287209 0.992904
vt 0.563189 0.833567
vt 0.563189 0.514892
vt 0.287209 0.355555
vt 0.011229 0.514892
vt 0.011229 0.833566
vt 0.287209 0.992904
vt 0.563189 0.833567
vt 0.563189 0.514892
vt 0.287209 0.355555
vt 0.011229 0.514892
vt 0.011229 0.833566
vt 0.287209 0.992904
vt 0.563189 0.833567
vt 0.563189 0.514892
vt 0.287209 0.355555
vt 0.011229 0.514892
vt 0.011229 0.833566
vt 0.287209 0.992904
vt 0.563189 0.833567
vt 0.563189 0.514892
vt 0.287209 0.355555
vt 0.011229 0.514892
vt 0.011229 0.833566
vt 0.287209 0.992904
vt 0.563189 0.833567
vt 0.563189 0.514892
vt 0.287209 0.355555
vt 0.011229 0.514892
vt 0.011229 0.833566
vt 0.287209 0.992904
vt 0.563189 0.833567
vt 0.563189 0.514892
vt 0.287209 0.355555
vt 0.011229 0.514892
vt 0.011229 0.833566
vt 0.287209 0.992904
vt 0.563189 0.833567
vt 0.563189 0.514892
vt 0.287209 0.355555
vt 0.011229 0.514892
vt 0.011229 0.833566
vt 0.287209 0.992904
vt 0.563189 0.833567
vt 0.563189 0.514892
vt 0.287209 0.355555
vt 0.011229 0.514892
vt 0.011229 0.833566
vt 0.287209 0.992904
vt 0.563189 0.833567
vt 0.563189 0.514892
vt 0.287209 0.355555
vt 0.011229 0.514892
vt 0.011229 0.833566
vt 0.287209 0.992904
vt 0.563189 0.833567
vt 0.563189 0.514892
vt 0.287209 0.355555
vt 0.011229 0.514892
vt 0.011229 0.833566
vt 0.287209 0.992904
vt 0.563189 0.833567
vt 0.563189 0.514892
vt 0.287209 0.355555
vt 0.011229 0.514892
vt 0.011229 0.833566
vt 0.287209 0.992904
vt 0.563189 0.833567
vt 0.563189 0.514892
vt 0.287209 0.355555
vt 0.011229 0.514892
vt 0.011229 0.833566
vt 0.287209 0.992904
vt 0.563189 0.833567
vt 0.563189 0.514892
vt 0.287209 0.355555
vt 0.011229 0.514892
vt 0.011229 0.833566
vt 0.287209 0.992904
vt 0.563189 0.833567
vt 0.563189 0.514892
vt 0.287209 0.355555
vt 0.011229 0.514892
vt 0.011229 0.833566
vt 0.287209 0.992904
vt 0.563189 0.833567
vt 0.563189 0.514892
vt 0.287209 0.355555
vt 0.011229 0.514892
vt 0.011229 0.833566
vt 0.287209 0.992904
vt 0.563189 0.833567
vt 0.563189 0.514892
vt 0.287209 0.355555
vt 0.011229 0.514892
vt 0.011229 0.833566
vt 0.287209 0.992904
vt 0.563189 0.833567
vt 0.563189 0.514892
vt 0.287209 0.355555
vt 0.011229 0.514892
vt 0.011229 0.833566
vt 0.287209 0.992904
vt 0.563189 0.833567
vt 0.563189 0.514892
vt 0.287209 0.355555
vt 0.011229 0.514892
vt 0.011229 0.833566
vt 0.287209 0.992904
vt 0.563189 0.833567
vt 0.563189 0.514892
vt 0.287209 0.355555
vt 0.011229 0.514892
vt 0.011229 0.833566
vt 0.287209 0.992904
vt 0.563189 0.833567
vt 0.563189 0.514892
vt 0.287209 0.355555
vt 0.011229 0.514892
vt 0.011229 0.833566
vt 0.287209 0.992904
vt 0.563189 0.833567
vt 0.563189 0.514892
vt 0.287209 0.355555
vt 0.011229 0.514892
vt 0.011229 0.833566
vt 0.287209 0.992904
vt 0.563189 0.833567
vt 0.563189 0.514892
vt 0.287209 0.355555
vt 0.011229 0.514892
vt 0.011229 0.833566
vt 0.287209 0.992904
vt 0.563189 0.833567
vt 0.563189 0.514892
vt 0.287209 0.355555
vt 0.011229 0.514892
vt 0.011229 0.833566
vt 0.287209 0.992904
vt 0.563189 0.833567
vt 0.563189 0.514892
vt 0.287209 0.355555
vt 0.011229 0.514892
vt 0.011229 0.833566
vt 0.287209 0.992904
vt 0.563189 0.833567
vt 0.563189 0.514892
vt 0.287209 0.355555
vt 0.011229 0.514892
vt 0.011229 0.833566
vt 0.287209 0.992904
vt 0.563189 0.833567
vt 0.563189 0.514892
vt 0.287209 0.355555
vt 0.011229 0.514892
vt 0.011229 0.833566
vt 0.287209 0.992904
vt 0.563189 0.833567
vt 0.563189 0.514892
vt 0.287209 0.355555
vt 0.011229 0.514892
vt 0.011229 0.833566
vt 0.287209 0.992904
vt 0.563189 0.833567
vt 0.563189 0.514892
vt 0.287209 0.355555
vt 0.011229 0.514892
vt 0.011229 0.833566
vt 0.287209 0.992904
vt 0.563189 0.833567
vt 0.563189 0.514892
vt 0.287209 0.355555
vt 0.011229 0.514892
vt 0.011229 0.833566
vt 0.287209 0.992904
vt 0.563189 0.833567
vt 0.563189 0.514892
vt 0.287209 0.355555
vt 0.011229 0.514892
vt 0.011229 0.833566
vt 0.287209 0.992904
vt 0.563189 0.833567
vt 0.563189 0.514892
vt 0.287209 0.355555
vt 0.011229 0.514892
vt 0.011229 0.833566
vt 0.287209 0.992904
vt 0.563189 0.833567
vt 0.563189 0.514892
vt 0.287209 0.355555
vt 0.011229 0.514892
vt 0.011229 0.833566
vt 0.287209 0.992904
vt 0.563189 0.833567
vt 0.563189 0.514892
vt 0.287209 0.355555
vt 0.011229 0.514892
vt 0.011229 0.833566
vt 0.287209 0.992904
vt 0.563189 0.833567
vt 0.563189 0.514892
vt 0.287209 0.355555
vt 0.011229 0.514892
vt 0.011229 0.833566
vt 0.287209 0.992904
vt 0.563189 0.833567
vt 0.563189 0.514892
vt 0.287209 0.355555
vt 0.011229 0.514892
vt 0.011229 0.833566
vt 0.287209 0.992904
vt 0.563189 0.833567
vt 0.563189 0.514892
vt 0.287209 0.355555
vt 0.011229 0.514892
vt 0.011229 0.833566
vt 0.287209 0.992904
vt 0.563189 0.833567
vt 0.563189 0.514892
vt 0.287209 0.355555
vt 0.011229 0.514892
vt 0.011229 0.833566
vt 0.287209 0.992904
vt 0.563189 0.833567
vt 0.563189 0.514892
vt 0.287209 0.355555
vt 0.011229 0.514892
vt 0.011229 0.833566
vt 0.287209 0.992904
vt 0.563189 0.833567
vt 0.563189 0.514892
vt 0.287209 0.355555
vt 0.011229 0.514892
vt 0.011229 0.833566
vt 0.287209 0.992904
vt 0.563189 0.833567
vt 0.563189 0.514892
vt 0.287209 0.355555
vt 0.011229 0.514892
vt 0.011229 0.833566
vt 0.287209 0.992904
vt 0.563189 0.833567
vt 0.563189 0.514892
vt 0.287209 0.355555
vt 0.011229 0.514892
vt 0.011229 0.833566
vt 0.287209 0.992904
vt 0.563189 0.833567
vt 0.563189 0.514892
vt 0.287209 0.355555
vt 0.011229 0.514892
vt 0.011229 0.833566
vt 0.287209 0.992904
vt 0.563189 0.833567
vt 0.563189 0.514892
vt 0.287209 0.355555
vt 0.011229 0.514892
vt 0.011229 0.833566
vt 0.287209 0.992904
vt 0.563189 0.833567
vt 0.563189 0.514892
vt 0.287209 0.355555
vt 0.011229 0.514892
vt 0.011229 0.833566
vt 0.287209 0.992904
vt 0.563189 0.833567
vt 0.563189 0.514892
vt 0.287209 0.355555
vt 0.011229 0.514892
vt 0.011229 0.833566
vt 0.287209 0.992904
vt 0.563189 0.833567
vt 0.563189 0.514892
vt 0.287209 0.355555
vt 0.011229 0.514892
vt 0.011229 0.833566
vt 0.287209 0.992904
vt 0.563189 0.833567
vt 0.563189 0.514892
vt 0.287209 0.355555
vt 0.011229 0.514892
vt 0.011229 0.833566
vt 0.287209 0.992904
vt 0.563189 0.833567
vt 0.563189 0.514892
vt 0.287209 0.355555
vt 0.011229 0.514892
vt 0.011229 0.833566
vt 0.287209 0.992904
vt 0.563189 0.833567
vt 0.563189 0.514892
vt 0.287209 0.355555
vt 0.011229 0.514892
vt 0.011229 0.833566
vt 0.287209 0.992904
vt 0.563189 0.833567
vt 0.563189 0.514892
vt 0.287209 0.355555
vt 0.011229 0.514892
vt 0.011229 0.833566
vt 0.287209 0.992904
vt 0.563189 0.833567
vt 0.563189 0.514892
vt 0.287209 0.355555
vt 0.011229 0.514892
vt 0.011229 0.833566
vt 0.287209 0.992904
vt 0.563189 0.833567
vt 0.563189 0.514892
vt 0.287209 0.355555
vt 0.011229 0.514892
vt 0.011229 0.833566
vt 0.287209 0.992904
vt 0.563189 0.833567
vt 0.563189 0.514892
vt 0.287209 0.355555
vt 0.011229 0.514892
vt 0.011229 0.833566
vt 0.287209 0.992904
vt 0.563189 0.833567
vt 0.563189 0.514892
vt 0.287209 0.355555
vt 0.011229 0.514892
vt 0.011229 0.833566
vt 0.287209 0.992904
vt 0.563189 0.833567
vt 0.563189 0.514892
vt 0.287209 0.355555
vt 0.011229 0.514892
vt 0.011229 0.833566
vt 0.287209 0.992904
vt 0.563189 0.833567
vt 0.563189 0.514892
vt 0.287209 0.355555
vt 0.011229 0.514892
vt 0.011229 0.833566
vn -0.0374 -0.9927 0.1150
vn 0.6745 -0.5521 0.4901
vn 0.7724 -0.4774 0.4190
vn -0.1209 -0.9927 0.0000
vn -0.0374 -0.9927 -0.1150
vn 0.0000 -1.0000 -0.0000
vn 0.7955 -0.3564 0.4901
vn -0.1598 -0.4774 0.8641
vn -0.2203 -0.3564 0.9080
vn -0.8712 -0.4774 0.1150
vn -0.9316 -0.3564 0.0711
vn -0.3786 -0.4774 -0.7930
vn -0.3555 -0.3564 -0.8641
vn 0.6372 -0.4774 -0.6051
vn 0.7119 -0.3564 -0.6051
vn 0.7236 -0.4472 0.5257
vn 0.7236 -0.4472 -0.5257
vn 0.3786 0.4774 0.7930
vn -0.6372 0.4774 0.6051
vn -0.7724 0.4774 -0.4190
vn 0.1598 0.4774 -0.8641
vn 0.8712 0.4774 -0.1150
vn 0.1209 0.9927 0.0000
vn 0.0374 0.9927 -0.1150
vn 0.3125 0.9406 -0.1325
vn 0.4529 0.8812 -0.1359
vn 0.5856 0.7991 -0.1359
vn 0.7016 0.7002 -0.1325
vn 0.7957 0.5924 -0.1264
vn 0.0781 0.9675 -0.2405
vn 0.1207 0.9205 -0.3716
vn 0.3657 0.8920 -0.2657
vn 0.2226 0.9406 -0.2562
vn 0.1625 0.8507 -0.5000
vn 0.5063 0.8193 -0.2691
vn 0.4124 0.8193 -0.3984
vn 0.2692 0.8812 -0.3887
vn 0.2004 0.7612 -0.6168
vn 0.6342 0.7260 -0.2657
vn 0.5483 0.7353 -0.3984
vn 0.4487 0.7260 -0.5211
vn 0.3102 0.7991 -0.5149
vn 0.2325 0.6589 -0.7154
vn 0.7418 0.6198 -0.2562
vn 0.6677 0.6348 -0.3887
vn 0.5760 0.6348 -0.5149
vn 0.4729 0.6198 -0.6263
vn 0.3428 0.7002 -0.6263
vn 0.3661 0.5924 -0.7177
vn -0.0665 0.9766 -0.2046
vn 0.2764 0.4472 -0.8506
vn -0.0978 0.9927 -0.0711
vn -0.0295 0.9406 -0.3381
vn 0.0107 0.8812 -0.4727
vn 0.0517 0.7991 -0.5989
vn 0.0908 0.7002 -0.7082
vn 0.1256 0.5924 -0.7958
vn -0.2046 0.9675 -0.1486
vn -0.3161 0.9205 -0.2297
vn -0.1397 0.8920 -0.4299
vn -0.1749 0.9406 -0.2909
vn -0.4253 0.8507 -0.3090
vn -0.0995 0.8193 -0.5647
vn -0.2514 0.8193 -0.5154
vn -0.2865 0.8812 -0.3761
vn -0.5247 0.7612 -0.3812
vn -0.0567 0.7260 -0.6853
vn -0.2094 0.7353 -0.6446
vn -0.3569 0.7260 -0.5878
vn -0.3939 0.7991 -0.4541
vn -0.6086 0.6589 -0.4422
vn 0.2576 0.5521 -0.7930
vn -0.0145 0.6198 -0.7847
vn -0.1634 0.6348 -0.7552
vn -0.3117 0.6348 -0.7070
vn -0.4495 0.6198 -0.6433
vn -0.4897 0.7002 -0.5196
vn 0.1740 0.9766 -0.1264
vn -0.5694 0.5924 -0.5700
vn -0.2151 0.9766 -0.0000
vn -0.7236 0.4472 -0.5257
vn -0.0978 0.9927 0.0711
vn 0.0000 1.0000 0.0000
vn -0.3307 0.9406 -0.0765
vn -0.4463 0.8812 -0.1562
vn -0.5536 0.7991 -0.2342
vn -0.6455 0.7002 -0.3052
vn -0.7180 0.5924 -0.3654
vn -0.2046 0.9675 0.1486
vn -0.3161 0.9205 0.2297
vn -0.4521 0.8920 -0.0000
vn -0.3307 0.9406 0.0765
vn -0.4253 0.8507 0.3090
vn -0.5678 0.8193 -0.0799
vn -0.5678 0.8193 0.0799
vn -0.4463 0.8812 0.1562
vn -0.5247 0.7612 0.3812
vn -0.6693 0.7260 -0.1578
vn -0.6778 0.7353 0.0000
vn -0.6693 0.7260 0.1578
vn -0.5536 0.7991 0.2342
vn -0.6086 0.6589 0.4422
vn -0.6745 0.5521 -0.4901
vn -0.7507 0.6198 -0.2287
vn -0.7687 0.6348 -0.0780
vn -0.7687 0.6348 0.0780
vn -0.7507 0.6198 0.2287
vn -0.6455 0.7002 0.3052
vn -0.7180 0.5924 0.3654
vn -0.0665 0.9766 0.2046
vn -0.7236 0.4472 0.5257
vn 0.0374 0.9927 0.1150
vn -0.1749 0.9406 0.2909
vn -0.2865 0.8812 0.3761
vn -0.3939 0.7991 0.4541
vn -0.4897 0.7002 0.5196
vn -0.5694 0.5924 0.5700
vn 0.0781 0.9675 0.2405
vn 0.1207 0.9205 0.3716
vn -0.1397 0.8920 0.4299
vn -0.0295 0.9406 0.3381
vn 0.1625 0.8507 0.5000
vn -0.2514 0.8193 0.5154
vn -0.0995 0.8193 0.5647
vn 0.0107 0.8812 0.4727
vn 0.2004 0.7612 0.6168
vn -0.3569 0.7260 0.5878
vn -0.2094 0.7353 0.6446
vn -0.0567 0.7260 0.6853
vn 0.0517 0.7991 0.5989
vn 0.2325 0.6589 0.7154
vn -0.6745 0.5521 0.4901
vn -0.4495 0.6198 0.6433
vn -0.3117 0.6348 0.7070
vn -0.1634 0.6348 0.7552
vn -0.0145 0.6198 0.7847
vn 0.0908 0.7002 0.7082
vn 0.1256 0.5924 0.7958
vn 0.1740 0.9766 0.1264
vn 0.2764 0.4472 0.8506
vn 0.2226 0.9406 0.2562
vn 0.2692 0.8812 0.3887
vn 0.3102 0.7991 0.5149
vn 0.3428 0.7002 0.6263
vn 0.3661 0.5924 0.7177
vn 0.3657 0.8920 0.2657
vn 0.3125 0.9406 0.1325
vn 0.2529 0.9675 0.0000
vn 0.4124 0.8193 0.3984
vn 0.5063 0.8193 0.2691
vn 0.4529 0.8812 0.1359
vn 0.3907 0.9205 -0.0000
vn 0.4487 0.7260 0.5211
vn 0.5483 0.7353 0.3984
vn 0.6342 0.7260 0.2657
vn 0.5856 0.7991 0.1359
vn 0.5257 0.8507 0.0000
vn 0.2576 0.5521 0.7930
vn 0.4729 0.6198 0.6263
vn 0.5760 0.6348 0.5149
vn 0.6677 0.6348 0.3887
vn 0.7418 0.6198 0.2562
vn 0.7016 0.7002 0.1325
vn 0.6486 0.7611 -0.0000
vn 0.8338 0.5521 -0.0000
vn 0.7957 0.5924 0.1264
vn 0.9032 0.3773 -0.2046
vn 0.7522 0.6589 0.0000
vn 0.9316 0.3564 -0.0711
vn 0.9196 0.2642 -0.2909
vn 0.9163 0.1378 -0.3761
vn 0.8909 0.0051 -0.4541
vn 0.8452 -0.1249 -0.5196
vn 0.7845 -0.2444 -0.5700
vn 0.8603 0.2740 -0.4299
vn 0.8545 0.3943 -0.3381
vn 0.8304 0.5026 -0.2405
vn 0.8452 0.1415 -0.5154
vn 0.7773 0.2774 -0.5647
vn 0.7833 0.4036 -0.4727
vn 0.7693 0.5197 -0.3716
vn 0.8090 0.0054 -0.5878
vn 0.7513 0.1415 -0.6446
vn 0.6747 0.2740 -0.6853
vn 0.6916 0.4036 -0.5989
vn 0.6882 0.5257 -0.5000
vn 0.7554 -0.1249 -0.6433
vn 0.7072 0.0051 -0.7070
vn 0.6409 0.1378 -0.7552
vn 0.5608 0.2642 -0.7847
vn 0.5856 0.3943 -0.7082
vn 0.5912 0.5197 -0.6168
vn 0.4737 0.3773 -0.7958
vn 0.0846 0.3773 -0.9222
vn 0.4854 0.5026 -0.7154
vn 0.2203 0.3564 -0.9080
vn 0.0075 0.2642 -0.9644
vn -0.0746 0.1378 -0.9876
vn -0.1566 0.0051 -0.9876
vn -0.2330 -0.1249 -0.9644
vn -0.2996 -0.2444 -0.9222
vn 0.3786 0.4774 -0.7930
vn -0.1431 0.2740 -0.9510
vn -0.0575 0.3943 -0.9172
vn 0.0279 0.5026 -0.8641
vn -0.2290 0.1415 -0.9631
vn -0.2969 0.2774 -0.9137
vn -0.2075 0.4036 -0.8911
vn -0.1157 0.5197 -0.8465
vn -0.3090 0.0054 -0.9510
vn -0.3809 0.1415 -0.9137
vn -0.4433 0.2740 -0.8535
vn -0.3559 0.4036 -0.8429
vn -0.2629 0.5257 -0.8090
vn -0.3784 -0.1249 -0.9172
vn -0.4538 0.0051 -0.8911
vn -0.5202 0.1378 -0.8429
vn -0.5730 0.2642 -0.7758
vn -0.4926 0.3943 -0.7758
vn -0.4040 0.5197 -0.7528
vn -0.6105 0.3773 -0.6964
vn -0.8510 0.3773 -0.3654
vn -0.5304 0.5026 -0.6827
vn -0.7955 0.3564 -0.4901
vn -0.9149 0.2642 -0.3052
vn -0.9624 0.1378 -0.2342
vn -0.9877 0.0051 -0.1562
vn -0.9892 -0.1249 -0.0765
vn -0.9697 -0.2444 0.0000
vn -0.6372 0.4774 -0.6051
vn -0.9487 0.2740 -0.1578
vn -0.8901 0.3943 -0.2287
vn -0.8132 0.5026 -0.2935
vn -0.9867 0.1415 -0.0799
vn -0.9608 0.2774 0.0000
vn -0.9116 0.4036 -0.0780
vn -0.8408 0.5197 -0.1516
vn -1.0000 0.0054 0.0000
vn -0.9867 0.1415 0.0799
vn -0.9487 0.2740 0.1578
vn -0.9116 0.4036 0.0780
vn -0.8506 0.5257 0.0000
vn -0.9892 -0.1249 0.0765
vn -0.9877 0.0051 0.1562
vn -0.9624 0.1378 0.2343
vn -0.9149 0.2642 0.3052
vn -0.8901 0.3943 0.2287
vn -0.8408 0.5197 0.1516
vn -0.8510 0.3773 0.3654
vn -0.6105 0.3773 0.6964
vn -0.8132 0.5026 0.2935
vn -0.7119 0.3564 0.6051
vn -0.5730 0.2642 0.7758
vn -0.5202 0.1378 0.8429
vn -0.4538 0.0051 0.8911
vn -0.3784 -0.1249 0.9172
vn -0.2996 -0.2444 0.9222
vn -0.7724 0.4774 0.4190
vn -0.4433 0.2740 0.8535
vn -0.4926 0.3943 0.7758
vn -0.5304 0.5026 0.6827
vn -0.3809 0.1415 0.9137
vn -0.2969 0.2774 0.9137
vn -0.3559 0.4036 0.8429
vn -0.4040 0.5197 0.7528
vn -0.3090 0.0054 0.9510
vn -0.2290 0.1415 0.9631
vn -0.1431 0.2740 0.9510
vn -0.2075 0.4036 0.8911
vn -0.2629 0.5257 0.8090
vn -0.2330 -0.1249 0.9644
vn -0.1566 0.0051 0.9876
vn -0.0746 0.1378 0.9876
vn 0.0075 0.2642 0.9644
vn -0.0575 0.3943 0.9172
vn -0.1157 0.5197 0.8465
vn 0.0846 0.3773 0.9222
vn 0.4737 0.3773 0.7958
vn 0.0279 0.5026 0.8641
vn 0.3555 0.3564 0.8641
vn 0.5608 0.2642 0.7847
vn 0.6409 0.1378 0.7552
vn 0.7072 0.0051 0.7070
vn 0.7554 -0.1249 0.6433
vn 0.7845 -0.2444 0.5700
vn 0.1598 0.4774 0.8641
vn 0.6747 0.2740 0.6853
vn 0.5856 0.3943 0.7082
vn 0.4854 0.5026 0.7154
vn 0.7513 0.1415 0.6446
vn 0.7773 0.2774 0.5647
vn 0.6916 0.4036 0.5989
vn 0.5912 0.5197 0.6168
vn 0.8090 0.0054 0.5878
vn 0.8452 0.1415 0.5154
vn 0.8603 0.2740 0.4299
vn 0.7833 0.4036 0.4727
vn 0.6882 0.5257 0.5000
vn 0.8452 -0.1249 0.5196
vn 0.8909 0.0051 0.4541
vn 0.9163 0.1378 0.3761
vn 0.9196 0.2642 0.2909
vn 0.8545 0.3943 0.3381
vn 0.7693 0.5197 0.3716
vn 0.9032 0.3773 0.2046
vn 0.2996 0.2444 -0.9222
vn 0.8304 0.5026 0.2405
vn 0.8944 0.4472 0.0000
vn 0.3784 0.1249 -0.9172
vn 0.4538 -0.0051 -0.8911
vn 0.5202 -0.1378 -0.8429
vn 0.5730 -0.2642 -0.7758
vn 0.6105 -0.3773 -0.6964
vn 0.4371 0.2497 -0.8641
vn 0.8712 0.4774 0.1150
vn 0.5165 0.1289 -0.8465
vn 0.5878 0.0000 -0.8090
vn 0.3090 -0.0054 -0.9510
vn 0.2330 0.1249 -0.9644
vn 0.1543 0.2497 -0.9560
vn 0.6455 -0.1289 -0.7528
vn 0.3809 -0.1415 -0.9137
vn 0.2290 -0.1415 -0.9631
vn 0.1566 -0.0051 -0.9876
vn 0.0797 0.1289 -0.9884
vn 0.6867 -0.2497 -0.6827
vn 0.4433 -0.2740 -0.8535
vn 0.2969 -0.2774 -0.9137
vn 0.1431 -0.2740 -0.9510
vn 0.0746 -0.1378 -0.9876
vn 0.0000 -0.0000 -1.0000
vn 0.4926 -0.3943 -0.7758
vn 0.3559 -0.4036 -0.8429
vn 0.2075 -0.4036 -0.8911
vn 0.0575 -0.3943 -0.9172
vn -0.0075 -0.2642 -0.9644
vn -0.0797 -0.1289 -0.9884
vn -0.2203 -0.3564 -0.9080
vn -0.0846 -0.3773 -0.9222
vn -0.7845 0.2444 -0.5700
vn -0.1543 -0.2497 -0.9560
vn -0.7554 0.1249 -0.6433
vn -0.7072 -0.0051 -0.7070
vn -0.6409 -0.1378 -0.7552
vn -0.5608 -0.2642 -0.7847
vn -0.4737 -0.3773 -0.7958
vn -0.6867 0.2497 -0.6827
vn 0.3555 0.3564 -0.8641
vn -0.6455 0.1289 -0.7528
vn -0.5878 -0.0000 -0.8090
vn -0.8090 -0.0054 -0.5878
vn -0.8452 0.1249 -0.5196
vn -0.8615 0.2497 -0.4422
vn -0.5165 -0.1289 -0.8465
vn -0.7513 -0.1415 -0.6446
vn -0.8452 -0.1415 -0.5154
vn -0.8909 -0.0051 -0.4541
vn -0.9154 0.1289 -0.3812
vn -0.4371 -0.2497 -0.8641
vn -0.6747 -0.2740 -0.6853
vn -0.7773 -0.2774 -0.5647
vn -0.8603 -0.2740 -0.4299
vn -0.9163 -0.1378 -0.3761
vn -0.9511 0.0000 -0.3090
vn -0.5856 -0.3943 -0.7082
vn -0.6916 -0.4036 -0.5989
vn -0.7833 -0.4036 -0.4727
vn -0.8545 -0.3943 -0.3381
vn -0.9196 -0.2642 -0.2909
vn -0.9647 -0.1289 -0.2297
vn -0.9316 -0.3564 -0.0711
vn -0.9032 -0.3773 -0.2046
vn -0.7845 0.2444 0.5700
vn -0.9569 -0.2497 -0.1487
vn -0.8452 0.1249 0.5196
vn -0.8909 -0.0051 0.4541
vn -0.9163 -0.1378 0.3761
vn -0.9196 -0.2642 0.2909
vn -0.9032 -0.3773 0.2046
vn -0.8615 0.2497 0.4422
vn -0.7119 0.3564 -0.6051
vn -0.9154 0.1289 0.3812
vn -0.9511 -0.0000 0.3090
vn -0.8090 -0.0054 0.5878
vn -0.7554 0.1249 0.6433
vn -0.6867 0.2497 0.6827
vn -0.9647 -0.1289 0.2297
vn -0.8452 -0.1415 0.5154
vn -0.7513 -0.1415 0.6446
vn -0.7072 -0.0051 0.7070
vn -0.6455 0.1289 0.7528
vn -0.9569 -0.2497 0.1487
vn -0.8603 -0.2740 0.4299
vn -0.7773 -0.2774 0.5647
vn -0.6747 -0.2740 0.6853
vn -0.6409 -0.1378 0.7552
vn -0.5878 -0.0000 0.8090
vn -0.8545 -0.3943 0.3381
vn -0.7833 -0.4036 0.4727
vn -0.6916 -0.4036 0.5989
vn -0.5856 -0.3943 0.7082
vn -0.5608 -0.2642 0.7847
vn -0.5165 -0.1289 0.8465
vn -0.3555 -0.3564 0.8641
vn -0.4737 -0.3773 0.7958
vn 0.2996 0.2444 0.9222
vn -0.4371 -0.2497 0.8641
vn 0.2330 0.1249 0.9644
vn 0.1566 -0.0051 0.9876
vn 0.0746 -0.1378 0.9876
vn -0.0075 -0.2642 0.9644
vn -0.0846 -0.3773 0.9222
vn 0.1543 0.2497 0.9560
vn -0.7955 0.3564 0.4901
vn 0.0797 0.1289 0.9884
vn 0.0000 -0.0000 1.0000
vn 0.3090 -0.0054 0.9510
vn 0.3784 0.1249 0.9172
vn 0.4371 0.2497 0.8641
vn -0.0797 -0.1289 0.9884
vn 0.2290 -0.1415 0.9631
vn 0.3809 -0.1415 0.9137
vn 0.4538 -0.0051 0.8911
vn 0.5165 0.1289 0.8465
vn -0.1543 -0.2497 0.9560
vn 0.1431 -0.2740 0.9510
vn 0.2969 -0.2774 0.9137
vn 0.4433 -0.2740 0.8535
vn 0.5202 -0.1378 0.8429
vn 0.5878 0.0000 0.8090
vn 0.0575 -0.3943 0.9172
vn 0.2075 -0.4036 0.8911
vn 0.3559 -0.4036 0.8429
vn 0.4926 -0.3943 0.7758
vn 0.5730 -0.2642 0.7758
vn 0.6455 -0.1289 0.7528
vn 0.7119 -0.3564 0.6051
vn 0.6105 -0.3773 0.6964
vn 0.9697 0.2444 -0.0000
vn 0.6867 -0.2497 0.6827
vn 0.9892 0.1249 0.0765
vn 0.9877 -0.0051 0.1562
vn 0.9624 -0.1378 0.2342
vn 0.9149 -0.2642 0.3052
vn 0.8510 -0.3773 0.3654
vn 0.9569 0.2497 0.1487
vn 0.2203 0.3564 0.9080
vn 0.9647 0.1289 0.2297
vn 0.9511 -0.0000 0.3090
vn 1.0000 -0.0054 0.0000
vn 0.9892 0.1249 -0.0765
vn 0.9569 0.2497 -0.1486
vn 0.9154 -0.1289 0.3812
vn 0.9867 -0.1415 0.0799
vn 0.9867 -0.1415 -0.0799
vn 0.9877 -0.0051 -0.1562
vn 0.9647 0.1289 -0.2297
vn 0.8615 -0.2497 0.4422
vn 0.9487 -0.2740 0.1578
vn 0.9608 -0.2774 0.0000
vn 0.9487 -0.2740 -0.1578
vn 0.9624 -0.1378 -0.2342
vn 0.9511 0.0000 -0.3090
vn 0.8901 -0.3943 0.2287
vn 0.9116 -0.4036 0.0780
vn 0.9116 -0.4036 -0.0780
vn 0.8901 -0.3943 -0.2287
vn 0.9149 -0.2642 -0.3052
vn 0.9154 -0.1289 -0.3812
vn 0.7955 -0.3564 -0.4901
vn 0.8510 -0.3773 -0.3654
vn 0.5694 -0.5924 -0.5700
vn 0.8615 -0.2497 -0.4422
vn 0.6745 -0.5521 -0.4901
vn 0.4897 -0.7002 -0.5196
vn 0.3939 -0.7991 -0.4541
vn 0.2865 -0.8812 -0.3761
vn 0.1749 -0.9406 -0.2909
vn 0.0665 -0.9766 -0.2046
vn 0.9316 0.3564 0.0711
vn 0.3569 -0.7260 -0.5878
vn 0.4495 -0.6198 -0.6433
vn 0.5304 -0.5026 -0.6827
vn 0.2514 -0.8193 -0.5154
vn 0.2094 -0.7353 -0.6446
vn 0.3117 -0.6348 -0.7070
vn 0.4040 -0.5197 -0.7528
vn 0.1397 -0.8920 -0.4299
vn 0.0995 -0.8193 -0.5647
vn 0.0567 -0.7260 -0.6853
vn 0.1634 -0.6348 -0.7552
vn 0.2629 -0.5257 -0.8090
vn 0.0295 -0.9406 -0.3381
vn -0.0107 -0.8812 -0.4727
vn -0.0517 -0.7991 -0.5989
vn -0.0908 -0.7002 -0.7082
vn 0.0145 -0.6198 -0.7847
vn 0.1157 -0.5197 -0.8465
vn -0.1256 -0.5924 -0.7958
vn -0.3661 -0.5924 -0.7177
vn -0.0279 -0.5026 -0.8641
vn -0.2764 -0.4472 -0.8506
vn -0.3428 -0.7002 -0.6263
vn -0.3102 -0.7991 -0.5149
vn -0.2692 -0.8812 -0.3887
vn -0.2226 -0.9406 -0.2562
vn -0.1740 -0.9766 -0.1264
vn -0.2325 -0.6589 -0.7154
vn -0.1598 -0.4774 -0.8641
vn -0.2004 -0.7612 -0.6168
vn -0.1625 -0.8507 -0.5000
vn -0.4487 -0.7260 -0.5211
vn -0.4729 -0.6198 -0.6263
vn -0.4854 -0.5026 -0.7154
vn -0.1207 -0.9205 -0.3716
vn -0.4124 -0.8193 -0.3984
vn -0.5483 -0.7353 -0.3984
vn -0.5760 -0.6348 -0.5149
vn -0.5912 -0.5197 -0.6168
vn -0.0781 -0.9675 -0.2405
vn -0.3657 -0.8920 -0.2657
vn -0.5063 -0.8193 -0.2691
vn -0.6342 -0.7260 -0.2657
vn -0.6677 -0.6348 -0.3887
vn -0.6882 -0.5257 -0.5000
vn -0.3125 -0.9406 -0.1325
vn -0.4529 -0.8812 -0.1359
vn -0.5856 -0.7991 -0.1359
vn -0.7016 -0.7001 -0.1325
vn -0.7418 -0.6197 -0.2562
vn -0.7693 -0.5197 -0.3716
vn -0.8712 -0.4774 -0.1150
vn -0.7957 -0.5924 -0.1264
vn -0.7957 -0.5924 0.1264
vn -0.8304 -0.5026 -0.2405
vn -0.8944 -0.4472 -0.0000
vn -0.7016 -0.7001 0.1325
vn -0.5856 -0.7991 0.1359
vn -0.4529 -0.8812 0.1359
vn -0.3125 -0.9406 0.1325
vn -0.1740 -0.9766 0.1264
vn -0.7522 -0.6589 0.0000
vn -0.2576 -0.5521 -0.7930
vn -0.6486 -0.7611 0.0000
vn -0.5257 -0.8507 0.0000
vn -0.6342 -0.7260 0.2657
vn -0.7418 -0.6198 0.2562
vn -0.8304 -0.5026 0.2405
vn -0.3907 -0.9205 0.0000
vn -0.5063 -0.8193 0.2691
vn -0.5483 -0.7353 0.3984
vn -0.6677 -0.6348 0.3887
vn -0.7693 -0.5197 0.3716
vn -0.2529 -0.9675 0.0000
vn -0.3657 -0.8920 0.2657
vn -0.4124 -0.8193 0.3984
vn -0.4487 -0.7260 0.5211
vn -0.5760 -0.6348 0.5149
vn -0.6882 -0.5257 0.5000
vn -0.2226 -0.9406 0.2562
vn -0.2692 -0.8812 0.3887
vn -0.3102 -0.7991 0.5149
vn -0.3428 -0.7002 0.6263
vn -0.4729 -0.6198 0.6263
vn -0.5912 -0.5197 0.6168
vn -0.3786 -0.4774 0.7930
vn -0.3661 -0.5924 0.7177
vn 0.7180 -0.5924 -0.3654
vn -0.4854 -0.5026 0.7154
vn -0.2764 -0.4472 0.8506
vn 0.7507 -0.6198 -0.2287
vn 0.7687 -0.6348 -0.0780
vn 0.7687 -0.6348 0.0780
vn 0.7507 -0.6198 0.2287
vn 0.7180 -0.5924 0.3654
vn 0.8132 -0.5026 -0.2935
vn -0.8338 -0.5521 0.0000
vn 0.8408 -0.5197 -0.1516
vn 0.8506 -0.5257 -0.0000
vn 0.6693 -0.7260 -0.1578
vn 0.6455 -0.7002 -0.3052
vn 0.6086 -0.6589 -0.4422
vn 0.8408 -0.5197 0.1516
vn 0.6778 -0.7353 -0.0000
vn 0.5678 -0.8193 -0.0799
vn 0.5536 -0.7991 -0.2342
vn 0.5247 -0.7612 -0.3812
vn 0.8132 -0.5026 0.2935
vn 0.6693 -0.7260 0.1578
vn 0.5678 -0.8193 0.0799
vn 0.4521 -0.8920 0.0000
vn 0.4463 -0.8812 -0.1562
vn 0.4253 -0.8507 -0.3090
vn 0.6455 -0.7002 0.3052
vn 0.5536 -0.7991 0.2343
vn 0.4463 -0.8812 0.1562
vn 0.3307 -0.9406 0.0765
vn 0.3307 -0.9406 -0.0765
vn 0.3161 -0.9205 -0.2297
vn 0.0978 -0.9927 -0.0711
vn 0.2151 -0.9766 0.0000
vn -0.1256 -0.5924 0.7958
vn 0.2046 -0.9675 -0.1486
vn -0.0908 -0.7002 0.7082
vn -0.0517 -0.7991 0.5989
vn -0.0107 -0.8812 0.4727
vn 0.0295 -0.9406 0.3381
vn 0.0665 -0.9766 0.2046
vn -0.2325 -0.6589 0.7154
vn 0.7724 -0.4774 -0.4190
vn -0.2004 -0.7612 0.6168
vn -0.1625 -0.8507 0.5000
vn 0.0567 -0.7260 0.6853
vn 0.0145 -0.6198 0.7847
vn -0.0279 -0.5026 0.8641
vn -0.1207 -0.9205 0.3716
vn 0.0995 -0.8193 0.5647
vn 0.2094 -0.7353 0.6446
vn 0.1634 -0.6348 0.7552
vn 0.1157 -0.5197 0.8465
vn -0.0781 -0.9675 0.2405
vn 0.1397 -0.8920 0.4299
vn 0.2514 -0.8193 0.5154
vn 0.3569 -0.7260 0.5878
vn 0.3117 -0.6348 0.7070
vn 0.2629 -0.5257 0.8090
vn 0.1749 -0.9406 0.2909
vn 0.2865 -0.8812 0.3761
vn 0.3939 -0.7991 0.4541
vn 0.4897 -0.7002 0.5196
vn 0.4495 -0.6198 0.6433
vn 0.4040 -0.5197 0.7528
vn 0.0978 -0.9927 0.0711
vn 0.2046 -0.9675 0.1486
vn 0.3161 -0.9205 0.2297
vn 0.4253 -0.8507 0.3090
vn 0.5247 -0.7611 0.3812
vn 0.6086 -0.6589 0.4422
vn 0.5694 -0.5924 0.5700
vn 0.6372 -0.4774 0.6051
vn 0.5304 -0.5026 0.6827
vn -0.2576 -0.5521 0.7930
usemtl None
s off
f 1283/1/1 1281/2/1 3813/3/1 3727/4/1 3563/5/1 3561/6/1
f 1290/7/2 3839/8/2 3837/9/2 3835/10/2 3689/11/2 3687/12/2
f 1291/13/3 1289/14/3 3688/15/3 3601/16/3 3185/17/3 3183/18/3
f 1285/19/4 1284/20/4 3562/21/4 3475/22/4 3437/23/4 3435/24/4
f 1287/25/5 1286/26/5 3436/27/5 3349/28/5 3311/29/5 3309/30/5
f 1282/31/6 3/32/6 4/33/6 1288/34/6 3713/35/6
f 1293/36/7 1292/37/7 3184/38/7 3097/39/7 2555/40/7 2553/41/7
f 1296/42/8 3715/43/8 3730/44/8 3731/45/8 3059/46/8 3057/47/8
f 1297/48/9 1295/49/9 3058/50/9 2971/51/9 2429/52/9 2427/53/9
f 1300/54/10 3463/55/10 3478/56/10 3479/57/10 2933/58/10 2931/59/10
f 1301/60/11 1299/61/11 2932/62/11 2845/63/11 2303/64/11 2301/65/11
f 1304/66/12 3337/67/12 3352/68/12 3353/69/12 2807/70/12 2805/71/12
f 1305/72/13 1303/73/13 2806/74/13 2719/75/13 2177/76/13 2175/77/13
f 1308/78/14 3211/79/14 3216/80/14 3217/81/14 2681/82/14 2679/83/14
f 1309/84/15 1307/85/15 2680/86/15 2593/87/15 2051/88/15 2049/89/15
f 3083/90/16 3840/91/16 2/92/16 6/93/16 1294/94/16
f 3209/95/17 3589/96/17 3212/97/17 10/98/17 1310/99/17
f 1822/100/18 2455/101/18 2460/102/18 2461/103/18 1925/104/18 1923/105/18
f 1694/106/19 2329/107/19 2334/108/19 2335/109/19 1797/110/19 1795/111/19
f 1566/112/20 2203/113/20 2208/114/20 2209/115/20 1669/116/20 1667/117/20
f 1438/118/21 2077/119/21 2082/120/21 2083/121/21 1541/122/21 1539/123/21
f 1409/124/22 1951/125/22 1956/126/22 1957/127/22 1413/128/22 1411/129/22
f 1315/130/23 1825/131/23 1840/132/23 1841/133/23 1311/134/23 1313/135/23
f 1441/136/24 1316/137/24 1314/138/24 1317/139/24 1443/140/24 1455/141/24
f 1319/142/25 1332/143/25 1333/144/25 1335/145/25 1323/146/25 1321/147/25
f 1329/148/26 1346/149/26 1347/150/26 1349/151/26 1334/152/26 1331/153/26
f 1343/154/27 1364/155/27 1365/156/27 1367/157/27 1348/158/27 1345/159/27
f 1361/160/28 1386/161/28 1387/162/28 1389/163/28 1366/164/28 1363/165/28
f 1383/166/29 1412/167/29 1414/168/29 1415/169/29 1388/170/29 1385/171/29
f 1444/172/30 1318/173/30 1326/174/30 1327/175/30 1445/176/30 1459/177/30
f 1446/178/31 1328/179/31 1340/180/31 1341/181/31 1447/182/31 1467/183/31
f 35/184/32 1350/185/32 1351/186/32 1353/187/32 1337/188/32 1336/189/32
f 1324/190/33 36/191/33 1338/192/33 1339/193/33 33/194/33 1325/195/33
f 1448/196/34 1342/197/34 1358/198/34 1359/199/34 1449/200/34 1479/201/34
f 41/202/35 1368/203/35 1369/204/35 1371/205/35 1352/206/35 42/207/35
f 43/208/36 1372/209/36 1373/210/36 1375/211/36 1355/212/36 1354/213/36
f 37/214/37 44/215/37 1356/216/37 1357/217/37 39/218/37 38/219/37
f 1450/220/38 1360/221/38 1380/222/38 1381/223/38 1451/224/38 1495/225/38
f 49/226/39 1390/227/39 1391/228/39 1393/229/39 1370/230/39 50/231/39
f 51/232/40 1394/233/40 1395/234/40 1397/235/40 1374/236/40 52/237/40
f 53/238/41 1398/239/41 1399/240/41 1401/241/41 1377/242/41 1376/243/41
f 45/244/42 54/245/42 1378/246/42 1379/247/42 47/248/42 46/249/42
f 1452/250/43 1382/251/43 1406/252/43 1407/253/43 1453/254/43 1515/255/43
f 59/256/44 1416/257/44 1417/258/44 1419/259/44 1392/260/44 60/261/44
f 61/262/45 1420/263/45 1421/264/45 1423/265/45 1396/266/45 62/267/45
f 63/268/46 1424/269/46 1425/270/46 1427/271/46 1400/272/46 64/273/46
f 65/274/47 1428/275/47 1429/276/47 1431/277/47 1403/278/47 1402/279/47
f 55/280/48 66/281/48 1404/282/48 1405/283/48 57/284/48 56/285/48
f 67/286/49 1432/287/49 1433/288/49 1435/289/49 1408/290/49 68/291/49
f 85/292/50 1460/293/50 1461/294/50 1463/295/50 1457/296/50 1456/297/50
f 2075/298/51 2581/299/51 2078/300/51 1437/301/51 1439/302/51
f 1569/303/52 1442/304/52 91/305/52 1458/306/52 1571/307/52 1583/308/52
f 86/309/53 1468/310/53 1469/311/53 1471/312/53 1462/313/53 93/314/53
f 87/315/54 1480/316/54 1481/317/54 1483/318/54 1470/319/54 97/320/54
f 88/321/55 1496/322/55 1497/323/55 1499/324/55 1482/325/55 103/326/55
f 89/327/56 1516/328/56 1517/329/56 1519/330/56 1498/331/56 111/332/56
f 1454/333/57 1540/334/57 1542/335/57 1543/336/57 1518/337/57 121/338/57
f 1572/339/58 92/340/58 1464/341/58 1465/342/58 1573/343/58 1587/344/58
f 1574/345/59 1466/346/59 1476/347/59 1477/348/59 1575/349/59 1595/350/59
f 98/351/60 1484/352/60 1485/353/60 1487/354/60 1473/355/60 1472/356/60
f 94/357/61 99/358/61 1474/359/61 1475/360/61 96/361/61 95/362/61
f 1576/363/62 1478/364/62 1492/365/62 1493/366/62 1577/367/62 1607/368/62
f 104/369/63 1500/370/63 1501/371/63 1503/372/63 1486/373/63 105/374/63
f 106/375/64 1504/376/64 1505/377/64 1507/378/64 1489/379/64 1488/380/64
f 100/381/65 107/382/65 1490/383/65 1491/384/65 102/385/65 101/386/65
f 1578/387/66 1494/388/66 1512/389/66 1513/390/66 1579/391/66 1623/392/66
f 112/393/67 1520/394/67 1521/395/67 1523/396/67 1502/397/67 113/398/67
f 114/399/68 1524/400/68 1525/401/68 1527/402/68 1506/403/68 115/404/68
f 116/405/69 1528/406/69 1529/407/69 1531/408/69 1509/409/69 1508/410/69
f 108/411/70 117/412/70 1510/413/70 1511/414/70 110/415/70 109/416/70
f 1580/417/71 1514/418/71 1536/419/71 1537/420/71 1581/421/71 1643/422/71
f 90/423/72 69/424/72 1436/425/72 1440/426/72 19/427/72 133/428/72
f 122/429/73 1544/430/73 1545/431/73 1547/432/73 1522/433/73 123/434/73
f 124/435/74 1548/436/74 1549/437/74 1551/438/74 1526/439/74 125/440/74
f 126/441/75 1552/442/75 1553/443/75 1555/444/75 1530/445/75 127/446/75
f 128/447/76 1556/448/76 1557/449/76 1559/450/76 1533/451/76 1532/452/76
f 118/453/77 129/454/77 1534/455/77 1535/456/77 120/457/77 119/458/77
f 1312/459/78 1322/460/78 31/461/78 32/462/78 29/463/78 28/464/78
f 130/465/79 1560/466/79 1561/467/79 1563/468/79 1538/469/79 131/470/79
f 148/471/80 1588/472/80 1589/473/80 1591/474/80 1585/475/80 1584/476/80
f 2201/477/81 2707/478/81 2204/479/81 1565/480/81 1567/481/81
f 1697/482/82 1570/483/82 154/484/82 1586/485/82 1699/486/82 1711/487/82
f 1698/488/83 1826/489/83 21/490/83 84/491/83 147/492/83
f 149/493/84 1596/494/84 1597/495/84 1599/496/84 1590/497/84 156/498/84
f 150/499/85 1608/500/85 1609/501/85 1611/502/85 1598/503/85 160/504/85
f 151/505/86 1624/506/86 1625/507/86 1627/508/86 1610/509/86 166/510/86
f 152/511/87 1644/512/87 1645/513/87 1647/514/87 1626/515/87 174/516/87
f 1582/517/88 1668/518/88 1670/519/88 1671/520/88 1646/521/88 184/522/88
f 1700/523/89 155/524/89 1592/525/89 1593/526/89 1701/527/89 1715/528/89
f 1702/529/90 1594/530/90 1604/531/90 1605/532/90 1703/533/90 1723/534/90
f 161/535/91 1612/536/91 1613/537/91 1615/538/91 1601/539/91 1600/540/91
f 157/541/92 162/542/92 1602/543/92 1603/544/92 159/545/92 158/546/92
f 1704/547/93 1606/548/93 1620/549/93 1621/550/93 1705/551/93 1735/552/93
f 167/553/94 1628/554/94 1629/555/94 1631/556/94 1614/557/94 168/558/94
f 169/559/95 1632/560/95 1633/561/95 1635/562/95 1617/563/95 1616/564/95
f 163/565/96 170/566/96 1618/567/96 1619/568/96 165/569/96 164/570/96
f 1706/571/97 1622/572/97 1640/573/97 1641/574/97 1707/575/97 1751/576/97
f 175/577/98 1648/578/98 1649/579/98 1651/580/98 1630/581/98 176/582/98
f 177/583/99 1652/584/99 1653/585/99 1655/586/99 1634/587/99 178/588/99
f 179/589/100 1656/590/100 1657/591/100 1659/592/100 1637/593/100 1636/594/100
f 171/595/101 180/596/101 1638/597/101 1639/598/101 173/599/101 172/600/101
f 1708/601/102 1642/602/102 1664/603/102 1665/604/102 1709/605/102 1771/606/102
f 153/607/103 132/608/103 1564/609/103 1568/610/103 18/611/103 196/612/103
f 185/613/104 1672/614/104 1673/615/104 1675/616/104 1650/617/104 186/618/104
f 187/619/105 1676/620/105 1677/621/105 1679/622/105 1654/623/105 188/624/105
f 189/625/106 1680/626/106 1681/627/106 1683/628/106 1658/629/106 190/630/106
f 191/631/107 1684/632/107 1685/633/107 1687/634/107 1661/635/107 1660/636/107
f 181/637/108 192/638/108 1662/639/108 1663/640/108 183/641/108 182/642/108
f 193/643/109 1688/644/109 1689/645/109 1691/646/109 1666/647/109 194/648/109
f 211/649/110 1716/650/110 1717/651/110 1719/652/110 1713/653/110 1712/654/110
f 2327/655/111 2833/656/111 2330/657/111 1693/658/111 1695/659/111
f 273/660/112 210/661/112 217/662/112 1714/663/112 1827/664/112 1839/665/112
f 212/666/113 1724/667/113 1725/668/113 1727/669/113 1718/670/113 219/671/113
f 213/672/114 1736/673/114 1737/674/114 1739/675/114 1726/676/114 223/677/114
f 214/678/115 1752/679/115 1753/680/115 1755/681/115 1738/682/115 229/683/115
f 215/684/116 1772/685/116 1773/686/116 1775/687/116 1754/688/116 237/689/116
f 1710/690/117 1796/691/117 1798/692/117 1799/693/117 1774/694/117 247/695/117
f 1828/696/118 218/697/118 1720/698/118 1721/699/118 1829/700/118 1843/701/118
f 1830/702/119 1722/703/119 1732/704/119 1733/705/119 1831/706/119 1851/707/119
f 224/708/120 1740/709/120 1741/710/120 1743/711/120 1729/712/120 1728/713/120
f 220/714/121 225/715/121 1730/716/121 1731/717/121 222/718/121 221/719/121
f 1832/720/122 1734/721/122 1748/722/122 1749/723/122 1833/724/122 1863/725/122
f 230/726/123 1756/727/123 1757/728/123 1759/729/123 1742/730/123 231/731/123
f 232/732/124 1760/733/124 1761/734/124 1763/735/124 1745/736/124 1744/737/124
f 226/738/125 233/739/125 1746/740/125 1747/741/125 228/742/125 227/743/125
f 1834/744/126 1750/745/126 1768/746/126 1769/747/126 1835/748/126 1879/749/126
f 238/750/127 1776/751/127 1777/752/127 1779/753/127 1758/754/127 239/755/127
f 240/756/128 1780/757/128 1781/758/128 1783/759/128 1762/760/128 241/761/128
f 242/762/129 1784/763/129 1785/764/129 1787/765/129 1765/766/129 1764/767/129
f 234/768/130 243/769/130 1766/770/130 1767/771/130 236/772/130 235/773/130
f 1836/774/131 1770/775/131 1792/776/131 1793/777/131 1837/778/131 1899/779/131
f 216/780/132 195/781/132 1692/782/132 1696/783/132 17/784/132 259/785/132
f 248/786/133 1800/787/133 1801/788/133 1803/789/133 1778/790/133 249/791/133
f 250/792/134 1804/793/134 1805/794/134 1807/795/134 1782/796/134 251/797/134
f 252/798/135 1808/799/135 1809/800/135 1811/801/135 1786/802/135 253/803/135
f 254/804/136 1812/805/136 1813/806/136 1815/807/136 1789/808/136 1788/809/136
f 244/810/137 255/811/137 1790/812/137 1791/813/137 246/814/137 245/815/137
f 256/816/138 1816/817/138 1817/818/138 1819/819/138 1794/820/138 257/821/138
f 274/822/139 1844/823/139 1845/824/139 1847/825/139 1842/826/139 280/827/139
f 2453/828/140 2959/829/140 2456/830/140 1821/831/140 1823/832/140
f 275/833/141 1852/834/141 1853/835/141 1855/836/141 1846/837/141 282/838/141
f 276/839/142 1864/840/142 1865/841/142 1867/842/142 1854/843/142 286/844/142
f 277/845/143 1880/846/143 1881/847/143 1883/848/143 1866/849/143 292/850/143
f 278/851/144 1900/852/144 1901/853/144 1903/854/144 1882/855/144 300/856/144
f 1838/857/145 1924/858/145 1926/859/145 1927/860/145 1902/861/145 310/862/145
f 287/863/146 1868/864/146 1869/865/146 1871/866/146 1857/867/146 1856/868/146
f 283/869/147 288/870/147 1858/871/147 1859/872/147 1850/873/147 1848/874/147
f 22/875/148 281/876/148 284/877/148 1849/878/148 1320/879/148 30/880/148
f 293/881/149 1884/882/149 1885/883/149 1887/884/149 1870/885/149 294/886/149
f 295/887/150 1888/888/150 1889/889/150 1891/890/150 1873/891/150 1872/892/150
f 289/893/151 296/894/151 1874/895/151 1875/896/151 1862/897/151 1860/898/151
f 23/899/152 285/900/152 290/901/152 1861/902/152 1330/903/152 34/904/152
f 301/905/153 1904/906/153 1905/907/153 1907/908/153 1886/909/153 302/910/153
f 303/911/154 1908/912/154 1909/913/154 1911/914/154 1890/915/154 304/916/154
f 305/917/155 1912/918/155 1913/919/155 1915/920/155 1893/921/155 1892/922/155
f 297/923/156 306/924/156 1894/925/156 1895/926/156 1878/927/156 1876/928/156
f 24/929/157 291/930/157 298/931/157 1877/932/157 1344/933/157 40/934/157
f 279/935/158 258/936/158 1820/937/158 1824/938/158 16/939/158 322/940/158
f 311/941/159 1928/942/159 1929/943/159 1931/944/159 1906/945/159 312/946/159
f 313/947/160 1932/948/160 1933/949/160 1935/950/160 1910/951/160 314/952/160
f 315/953/161 1936/954/161 1937/955/161 1939/956/161 1914/957/161 316/958/161
f 317/959/162 1940/960/162 1941/961/162 1943/962/162 1917/963/162 1916/964/162
f 307/965/163 318/966/163 1918/967/163 1919/968/163 1898/969/163 1896/970/163
f 25/971/164 299/972/164 308/973/164 1897/974/164 1362/975/164 48/976/164
f 1384/977/165 1921/978/165 1948/979/165 1949/980/165 1410/981/165 70/982/165
f 319/983/166 1944/984/166 1945/985/166 1947/986/166 1922/987/166 1920/988/166
f 1953/989/167 1962/990/167 1963/991/167 1965/992/167 1958/993/167 1955/994/167
f 26/995/168 309/996/168 320/997/168 321/998/168 27/999/168 58/1000/168
f 1952/1001/169 3085/1002/169 3100/1003/169 3101/1004/169 1954/1005/169 343/1006/169
f 1959/1007/170 1972/1008/170 1973/1009/170 1975/1010/170 1964/1011/170 1961/1012/170
f 1969/1013/171 1986/1014/171 1987/1015/171 1989/1016/171 1974/1017/171 1971/1018/171
f 1983/1019/172 2004/1020/172 2005/1021/172 2007/1022/172 1988/1023/172 1985/1024/172
f 2001/1025/173 2026/1026/173 2027/1027/173 2029/1028/173 2006/1029/173 2003/1030/173
f 2023/1031/174 2050/1032/174 2052/1033/174 2053/1034/174 2028/1035/174 2025/1036/174
f 350/1037/175 1990/1038/175 1991/1039/175 1993/1040/175 1977/1041/175 1976/1042/175
f 346/1043/176 351/1044/176 1978/1045/176 1979/1046/176 1968/1047/176 1966/1048/176
f 71/1049/177 344/1050/177 347/1051/177 1967/1052/177 1418/1053/177 72/1054/177
f 356/1055/178 2008/1056/178 2009/1057/178 2011/1058/178 1992/1059/178 357/1060/178
f 358/1061/179 2012/1062/179 2013/1063/179 2015/1064/179 1995/1065/179 1994/1066/179
f 352/1067/180 359/1068/180 1996/1069/180 1997/1070/180 1982/1071/180 1980/1072/180
f 73/1073/181 348/1074/181 353/1075/181 1981/1076/181 1422/1077/181 74/1078/181
f 364/1079/182 2030/1080/182 2031/1081/182 2033/1082/182 2010/1083/182 365/1084/182
f 366/1085/183 2034/1086/183 2035/1087/183 2037/1088/183 2014/1089/183 367/1090/183
f 368/1091/184 2038/1092/184 2039/1093/184 2041/1094/184 2017/1095/184 2016/1096/184
f 360/1097/185 369/1098/185 2018/1099/185 2019/1100/185 2000/1101/185 1998/1102/185
f 75/1103/186 354/1104/186 361/1105/186 1999/1106/186 1426/1107/186 76/1108/186
f 374/1109/187 2054/1110/187 2055/1111/187 2057/1112/187 2032/1113/187 375/1114/187
f 376/1115/188 2058/1116/188 2059/1117/188 2061/1118/188 2036/1119/188 377/1120/188
f 378/1121/189 2062/1122/189 2063/1123/189 2065/1124/189 2040/1125/189 379/1126/189
f 380/1127/190 2066/1128/190 2067/1129/190 2069/1130/190 2043/1131/190 2042/1132/190
f 370/1133/191 381/1134/191 2044/1135/191 2045/1136/191 2022/1137/191 2020/1138/191
f 77/1139/192 362/1140/192 371/1141/192 2021/1142/192 1430/1143/192 78/1144/192
f 382/1145/193 2070/1146/193 2071/1147/193 2073/1148/193 2048/1149/193 2046/1150/193
f 2079/1151/194 2088/1152/194 2089/1153/194 2091/1154/194 2084/1155/194 2081/1156/194
f 79/1157/195 372/1158/195 383/1159/195 2047/1160/195 1434/1161/195 80/1162/195
f 399/1163/196 2582/1164/196 2596/1165/196 2597/1166/196 2080/1167/196 406/1168/196
f 2085/1169/197 2098/1170/197 2099/1171/197 2101/1172/197 2090/1173/197 2087/1174/197
f 2095/1175/198 2112/1176/198 2113/1177/198 2115/1178/198 2100/1179/198 2097/1180/198
f 2109/1181/199 2130/1182/199 2131/1183/199 2133/1184/199 2114/1185/199 2111/1186/199
f 2127/1187/200 2152/1188/200 2153/1189/200 2155/1190/200 2132/1191/200 2129/1192/200
f 2149/1193/201 2176/1194/201 2178/1195/201 2179/1196/201 2154/1197/201 2151/1198/201
f 81/1199/202 384/1200/202 2074/1201/202 2076/1202/202 83/1203/202 82/1204/202
f 413/1205/203 2116/1206/203 2117/1207/203 2119/1208/203 2103/1209/203 2102/1210/203
f 409/1211/204 414/1212/204 2104/1213/204 2105/1214/204 2094/1215/204 2092/1216/204
f 134/1217/205 407/1218/205 410/1219/205 2093/1220/205 1546/1221/205 135/1222/205
f 419/1223/206 2134/1224/206 2135/1225/206 2137/1226/206 2118/1227/206 420/1228/206
f 421/1229/207 2138/1230/207 2139/1231/207 2141/1232/207 2121/1233/207 2120/1234/207
f 415/1235/208 422/1236/208 2122/1237/208 2123/1238/208 2108/1239/208 2106/1240/208
f 136/1241/209 411/1242/209 416/1243/209 2107/1244/209 1550/1245/209 137/1246/209
f 427/1247/210 2156/1248/210 2157/1249/210 2159/1250/210 2136/1251/210 428/1252/210
f 429/1253/211 2160/1254/211 2161/1255/211 2163/1256/211 2140/1257/211 430/1258/211
f 431/1259/212 2164/1260/212 2165/1261/212 2167/1262/212 2143/1263/212 2142/1264/212
f 423/1265/213 432/1266/213 2144/1267/213 2145/1268/213 2126/1269/213 2124/1270/213
f 138/1271/214 417/1272/214 424/1273/214 2125/1274/214 1554/1275/214 139/1276/214
f 437/1277/215 2180/1278/215 2181/1279/215 2183/1280/215 2158/1281/215 438/1282/215
f 439/1283/216 2184/1284/216 2185/1285/216 2187/1286/216 2162/1287/216 440/1288/216
f 441/1289/217 2188/1290/217 2189/1291/217 2191/1292/217 2166/1293/217 442/1294/217
f 443/1295/218 2192/1296/218 2193/1297/218 2195/1298/218 2169/1299/218 2168/1300/218
f 433/1301/219 444/1302/219 2170/1303/219 2171/1304/219 2148/1305/219 2146/1306/219
f 140/1307/220 425/1308/220 434/1309/220 2147/1310/220 1558/1311/220 141/1312/220
f 445/1313/221 2196/1314/221 2197/1315/221 2199/1316/221 2174/1317/221 2172/1318/221
f 2205/1319/222 2214/1320/222 2215/1321/222 2217/1322/222 2210/1323/222 2207/1324/222
f 142/1325/223 435/1326/223 446/1327/223 2173/1328/223 1562/1329/223 143/1330/223
f 462/1331/224 2708/1332/224 2722/1333/224 2723/1334/224 2206/1335/224 469/1336/224
f 2211/1337/225 2224/1338/225 2225/1339/225 2227/1340/225 2216/1341/225 2213/1342/225
f 2221/1343/226 2238/1344/226 2239/1345/226 2241/1346/226 2226/1347/226 2223/1348/226
f 2235/1349/227 2256/1350/227 2257/1351/227 2259/1352/227 2240/1353/227 2237/1354/227
f 2253/1355/228 2278/1356/228 2279/1357/228 2281/1358/228 2258/1359/228 2255/1360/228
f 2275/1361/229 2302/1362/229 2304/1363/229 2305/1364/229 2280/1365/229 2277/1366/229
f 144/1367/230 447/1368/230 2200/1369/230 2202/1370/230 146/1371/230 145/1372/230
f 476/1373/231 2242/1374/231 2243/1375/231 2245/1376/231 2229/1377/231 2228/1378/231
f 472/1379/232 477/1380/232 2230/1381/232 2231/1382/232 2220/1383/232 2218/1384/232
f 197/1385/233 470/1386/233 473/1387/233 2219/1388/233 1674/1389/233 198/1390/233
f 482/1391/234 2260/1392/234 2261/1393/234 2263/1394/234 2244/1395/234 483/1396/234
f 484/1397/235 2264/1398/235 2265/1399/235 2267/1400/235 2247/1401/235 2246/1402/235
f 478/1403/236 485/1404/236 2248/1405/236 2249/1406/236 2234/1407/236 2232/1408/236
f 199/1409/237 474/1410/237 479/1411/237 2233/1412/237 1678/1413/237 200/1414/237
f 490/1415/238 2282/1416/238 2283/1417/238 2285/1418/238 2262/1419/238 491/1420/238
f 492/1421/239 2286/1422/239 2287/1423/239 2289/1424/239 2266/1425/239 493/1426/239
f 494/1427/240 2290/1428/240 2291/1429/240 2293/1430/240 2269/1431/240 2268/1432/240
f 486/1433/241 495/1434/241 2270/1435/241 2271/1436/241 2252/1437/241 2250/1438/241
f 201/1439/242 480/1440/242 487/1441/242 2251/1442/242 1682/1443/242 202/1444/242
f 500/1445/243 2306/1446/243 2307/1447/243 2309/1448/243 2284/1449/243 501/1450/243
f 502/1451/244 2310/1452/244 2311/1453/244 2313/1454/244 2288/1455/244 503/1456/244
f 504/1457/245 2314/1458/245 2315/1459/245 2317/1460/245 2292/1461/245 505/1462/245
f 506/1463/246 2318/1464/246 2319/1465/246 2321/1466/246 2295/1467/246 2294/1468/246
f 496/1469/247 507/1470/247 2296/1471/247 2297/1472/247 2274/1473/247 2272/1474/247
f 203/1475/248 488/1476/248 497/1477/248 2273/1478/248 1686/1479/248 204/1480/248
f 508/1481/249 2322/1482/249 2323/1483/249 2325/1484/249 2300/1485/249 2298/1486/249
f 2331/1487/250 2340/1488/250 2341/1489/250 2343/1490/250 2336/1491/250 2333/1492/250
f 205/1493/251 498/1494/251 509/1495/251 2299/1496/251 1690/1497/251 206/1498/251
f 525/1499/252 2834/1500/252 2848/1501/252 2849/1502/252 2332/1503/252 532/1504/252
f 2337/1505/253 2350/1506/253 2351/1507/253 2353/1508/253 2342/1509/253 2339/1510/253
f 2347/1511/254 2364/1512/254 2365/1513/254 2367/1514/254 2352/1515/254 2349/1516/254
f 2361/1517/255 2382/1518/255 2383/1519/255 2385/1520/255 2366/1521/255 2363/1522/255
f 2379/1523/256 2404/1524/256 2405/1525/256 2407/1526/256 2384/1527/256 2381/1528/256
f 2401/1529/257 2428/1530/257 2430/1531/257 2431/1532/257 2406/1533/257 2403/1534/257
f 207/1535/258 510/1536/258 2326/1537/258 2328/1538/258 209/1539/258 208/1540/258
f 539/1541/259 2368/1542/259 2369/1543/259 2371/1544/259 2355/1545/259 2354/1546/259
f 535/1547/260 540/1548/260 2356/1549/260 2357/1550/260 2346/1551/260 2344/1552/260
f 260/1553/261 533/1554/261 536/1555/261 2345/1556/261 1802/1557/261 261/1558/261
f 545/1559/262 2386/1560/262 2387/1561/262 2389/1562/262 2370/1563/262 546/1564/262
f 547/1565/263 2390/1566/263 2391/1567/263 2393/1568/263 2373/1569/263 2372/1570/263
f 541/1571/264 548/1572/264 2374/1573/264 2375/1574/264 2360/1575/264 2358/1576/264
f 262/1577/265 537/1578/265 542/1579/265 2359/1580/265 1806/1581/265 263/1582/265
f 553/1583/266 2408/1584/266 2409/1585/266 2411/1586/266 2388/1587/266 554/1588/266
f 555/1589/267 2412/1590/267 2413/1591/267 2415/1592/267 2392/1593/267 556/1594/267
f 557/1595/268 2416/1596/268 2417/1597/268 2419/1598/268 2395/1599/268 2394/1600/268
f 549/1601/269 558/1602/269 2396/1603/269 2397/1604/269 2378/1605/269 2376/1606/269
f 264/1607/270 543/1608/270 550/1609/270 2377/1610/270 1810/1611/270 265/1612/270
f 563/1613/271 2432/1614/271 2433/1615/271 2435/1616/271 2410/1617/271 564/1618/271
f 565/1619/272 2436/1620/272 2437/1621/272 2439/1622/272 2414/1623/272 566/1624/272
f 567/1625/273 2440/1626/273 2441/1627/273 2443/1628/273 2418/1629/273 568/1630/273
f 569/1631/274 2444/1632/274 2445/1633/274 2447/1634/274 2421/1635/274 2420/1636/274
f 559/1637/275 570/1638/275 2422/1639/275 2423/1640/275 2400/1641/275 2398/1642/275
f 266/1643/276 551/1644/276 560/1645/276 2399/1646/276 1814/1647/276 267/1648/276
f 571/1649/277 2448/1650/277 2449/1651/277 2451/1652/277 2426/1653/277 2424/1654/277
f 2457/1655/278 2466/1656/278 2467/1657/278 2469/1658/278 2462/1659/278 2459/1660/278
f 268/1661/279 561/1662/279 572/1663/279 2425/1664/279 1818/1665/279 269/1666/279
f 588/1667/280 2960/1668/280 2974/1669/280 2975/1670/280 2458/1671/280 595/1672/280
f 2463/1673/281 2476/1674/281 2477/1675/281 2479/1676/281 2468/1677/281 2465/1678/281
f 2473/1679/282 2490/1680/282 2491/1681/282 2493/1682/282 2478/1683/282 2475/1684/282
f 2487/1685/283 2508/1686/283 2509/1687/283 2511/1688/283 2492/1689/283 2489/1690/283
f 2505/1691/284 2530/1692/284 2531/1693/284 2533/1694/284 2510/1695/284 2507/1696/284
f 2527/1697/285 2554/1698/285 2556/1699/285 2557/1700/285 2532/1701/285 2529/1702/285
f 270/1703/286 573/1704/286 2452/1705/286 2454/1706/286 272/1707/286 271/1708/286
f 602/1709/287 2494/1710/287 2495/1711/287 2497/1712/287 2481/1713/287 2480/1714/287
f 598/1715/288 603/1716/288 2482/1717/288 2483/1718/288 2472/1719/288 2470/1720/288
f 323/1721/289 596/1722/289 599/1723/289 2471/1724/289 1930/1725/289 324/1726/289
f 608/1727/290 2512/1728/290 2513/1729/290 2515/1730/290 2496/1731/290 609/1732/290
f 610/1733/291 2516/1734/291 2517/1735/291 2519/1736/291 2499/1737/291 2498/1738/291
f 604/1739/292 611/1740/292 2500/1741/292 2501/1742/292 2486/1743/292 2484/1744/292
f 325/1745/293 600/1746/293 605/1747/293 2485/1748/293 1934/1749/293 326/1750/293
f 616/1751/294 2534/1752/294 2535/1753/294 2537/1754/294 2514/1755/294 617/1756/294
f 618/1757/295 2538/1758/295 2539/1759/295 2541/1760/295 2518/1761/295 619/1762/295
f 620/1763/296 2542/1764/296 2543/1765/296 2545/1766/296 2521/1767/296 2520/1768/296
f 612/1769/297 621/1770/297 2522/1771/297 2523/1772/297 2504/1773/297 2502/1774/297
f 327/1775/298 606/1776/298 613/1777/298 2503/1778/298 1938/1779/298 328/1780/298
f 626/1781/299 2558/1782/299 2559/1783/299 2561/1784/299 2536/1785/299 627/1786/299
f 628/1787/300 2562/1788/300 2563/1789/300 2565/1790/300 2540/1791/300 629/1792/300
f 630/1793/301 2566/1794/301 2567/1795/301 2569/1796/301 2544/1797/301 631/1798/301
f 632/1799/302 2570/1800/302 2571/1801/302 2573/1802/302 2547/1803/302 2546/1804/302
f 622/1805/303 633/1806/303 2548/1807/303 2549/1808/303 2526/1809/303 2524/1810/303
f 329/1811/304 614/1812/304 623/1813/304 2525/1814/304 1942/1815/304 330/1816/304
f 634/1817/305 2574/1818/305 2575/1819/305 2577/1820/305 2552/1821/305 2550/1822/305
f 2584/1823/306 2600/1824/306 2601/1825/306 2603/1826/306 2598/1827/306 2595/1828/306
f 331/1829/307 624/1830/307 635/1831/307 2551/1832/307 1946/1833/307 332/1834/307
f 2579/1835/308 3086/1836/308 336/1837/308 20/1838/308 1950/1839/308
f 2586/1840/309 2608/1841/309 2609/1842/309 2611/1843/309 2602/1844/309 2599/1845/309
f 2588/1846/310 2620/1847/310 2621/1848/310 2623/1849/310 2610/1850/310 2607/1851/310
f 2590/1852/311 2636/1853/311 2637/1854/311 2639/1855/311 2622/1856/311 2619/1857/311
f 2592/1858/312 2656/1859/312 2657/1860/312 2659/1861/312 2638/1862/312 2635/1863/312
f 2594/1864/313 700/1865/313 2682/1866/313 2683/1867/313 2658/1868/313 2655/1869/313
f 2068/1870/314 2585/1871/314 660/1872/314 2583/1873/314 2072/1874/314 395/1875/314
f 333/1876/315 636/1877/315 2578/1878/315 2580/1879/315 335/1880/315 334/1881/315
f 2064/1882/316 2587/1883/316 664/1884/316 653/1885/316 394/1886/316 393/1887/316
f 2060/1888/317 2589/1889/317 670/1890/317 654/1891/317 392/1892/317 391/1893/317
f 665/1894/318 2624/1895/318 2625/1896/318 2627/1897/318 2613/1898/318 2612/1899/318
f 661/1900/319 666/1901/319 2614/1902/319 2615/1903/319 2606/1904/319 2604/1905/319
f 400/1906/320 659/1907/320 662/1908/320 2605/1909/320 2086/1910/320 408/1911/320
f 2056/1912/321 2591/1913/321 678/1914/321 655/1915/321 390/1916/321 389/1917/321
f 671/1918/322 2640/1919/322 2641/1920/322 2643/1921/322 2626/1922/322 672/1923/322
f 673/1924/323 2644/1925/323 2645/1926/323 2647/1927/323 2629/1928/323 2628/1929/323
f 667/1930/324 674/1931/324 2630/1932/324 2631/1933/324 2618/1934/324 2616/1935/324
f 401/1936/325 663/1937/325 668/1938/325 2617/1939/325 2096/1940/325 412/1941/325
f 386/1942/326 657/1943/326 688/1944/326 656/1945/326 388/1946/326 387/1947/326
f 679/1948/327 2660/1949/327 2661/1950/327 2663/1951/327 2642/1952/327 680/1953/327
f 681/1954/328 2664/1955/328 2665/1956/328 2667/1957/328 2646/1958/328 682/1959/328
f 683/1960/329 2668/1961/329 2669/1962/329 2671/1963/329 2649/1964/329 2648/1965/329
f 675/1966/330 684/1967/330 2650/1968/330 2651/1969/330 2634/1970/330 2632/1971/330
f 402/1972/331 669/1973/331 676/1974/331 2633/1975/331 2110/1976/331 418/1977/331
f 689/1978/332 2684/1979/332 2685/1980/332 2687/1981/332 2662/1982/332 690/1983/332
f 691/1984/333 2688/1985/333 2689/1986/333 2691/1987/333 2666/1988/333 692/1989/333
f 693/1990/334 2692/1991/334 2693/1992/334 2695/1993/334 2670/1994/334 694/1995/334
f 695/1996/335 2696/1997/335 2697/1998/335 2699/1999/335 2673/2000/335 2672/2001/335
f 685/2002/336 696/2003/336 2674/2004/336 2675/2005/336 2654/2006/336 2652/2007/336
f 403/2008/337 677/2009/337 686/2010/337 2653/2011/337 2128/2012/337 426/2013/337
f 2150/2014/338 2677/2015/338 2704/2016/338 2705/2017/338 1306/2018/338 448/2019/338
f 697/2020/339 2700/2021/339 2701/2022/339 2703/2023/339 2678/2024/339 2676/2025/339
f 2710/2026/340 2726/2027/340 2727/2028/340 2729/2029/340 2724/2030/340 2721/2031/340
f 404/2032/341 687/2033/341 698/2034/341 699/2035/341 405/2036/341 436/2037/341
f 2712/2038/342 2734/2039/342 2735/2040/342 2737/2041/342 2728/2042/342 2725/2043/342
f 2714/2044/343 2746/2045/343 2747/2046/343 2749/2047/343 2736/2048/343 2733/2049/343
f 2716/2050/344 2762/2051/344 2763/2052/344 2765/2053/344 2748/2054/344 2745/2055/344
f 2718/2056/345 2782/2057/345 2783/2058/345 2785/2059/345 2764/2060/345 2761/2061/345
f 2720/2062/346 763/2063/346 2808/2064/346 2809/2065/346 2784/2066/346 2781/2067/346
f 2194/2068/347 2711/2069/347 723/2070/347 2709/2071/347 2198/2072/347 458/2073/347
f 396/2074/348 652/2075/348 658/2076/348 651/2077/348 398/2078/348 397/2079/348
f 2190/2080/349 2713/2081/349 727/2082/349 716/2083/349 457/2084/349 456/2085/349
f 2186/2086/350 2715/2087/350 733/2088/350 717/2089/350 455/2090/350 454/2091/350
f 728/2092/351 2750/2093/351 2751/2094/351 2753/2095/351 2739/2096/351 2738/2097/351
f 724/2098/352 729/2099/352 2740/2100/352 2741/2101/352 2732/2102/352 2730/2103/352
f 463/2104/353 722/2105/353 725/2106/353 2731/2107/353 2212/2108/353 471/2109/353
f 2182/2110/354 2717/2111/354 741/2112/354 718/2113/354 453/2114/354 452/2115/354
f 734/2116/355 2766/2117/355 2767/2118/355 2769/2119/355 2752/2120/355 735/2121/355
f 736/2122/356 2770/2123/356 2771/2124/356 2773/2125/356 2755/2126/356 2754/2127/356
f 730/2128/357 737/2129/357 2756/2130/357 2757/2131/357 2744/2132/357 2742/2133/357
f 464/2134/358 726/2135/358 731/2136/358 2743/2137/358 2222/2138/358 475/2139/358
f 449/2140/359 720/2141/359 751/2142/359 719/2143/359 451/2144/359 450/2145/359
f 742/2146/360 2786/2147/360 2787/2148/360 2789/2149/360 2768/2150/360 743/2151/360
f 744/2152/361 2790/2153/361 2791/2154/361 2793/2155/361 2772/2156/361 745/2157/361
f 746/2158/362 2794/2159/362 2795/2160/362 2797/2161/362 2775/2162/362 2774/2163/362
f 738/2164/363 747/2165/363 2776/2166/363 2777/2167/363 2760/2168/363 2758/2169/363
f 465/2170/364 732/2171/364 739/2172/364 2759/2173/364 2236/2174/364 481/2175/364
f 752/2176/365 2810/2177/365 2811/2178/365 2813/2179/365 2788/2180/365 753/2181/365
f 754/2182/366 2814/2183/366 2815/2184/366 2817/2185/366 2792/2186/366 755/2187/366
f 756/2188/367 2818/2189/367 2819/2190/367 2821/2191/367 2796/2192/367 757/2193/367
f 758/2194/368 2822/2195/368 2823/2196/368 2825/2197/368 2799/2198/368 2798/2199/368
f 748/2200/369 759/2201/369 2800/2202/369 2801/2203/369 2780/2204/369 2778/2205/369
f 466/2206/370 740/2207/370 749/2208/370 2779/2209/370 2254/2210/370 489/2211/370
f 2276/2212/371 2803/2213/371 2830/2214/371 2831/2215/371 1302/2216/371 511/2217/371
f 760/2218/372 2826/2219/372 2827/2220/372 2829/2221/372 2804/2222/372 2802/2223/372
f 2836/2224/373 2852/2225/373 2853/2226/373 2855/2227/373 2850/2228/373 2847/2229/373
f 467/2230/374 750/2231/374 761/2232/374 762/2233/374 468/2234/374 499/2235/374
f 2838/2236/375 2860/2237/375 2861/2238/375 2863/2239/375 2854/2240/375 2851/2241/375
f 2840/2242/376 2872/2243/376 2873/2244/376 2875/2245/376 2862/2246/376 2859/2247/376
f 2842/2248/377 2888/2249/377 2889/2250/377 2891/2251/377 2874/2252/377 2871/2253/377
f 2844/2254/378 2908/2255/378 2909/2256/378 2911/2257/378 2890/2258/378 2887/2259/378
f 2846/2260/379 826/2261/379 2934/2262/379 2935/2263/379 2910/2264/379 2907/2265/379
f 2320/2266/380 2837/2267/380 786/2268/380 2835/2269/380 2324/2270/380 521/2271/380
f 459/2272/381 715/2273/381 721/2274/381 714/2275/381 461/2276/381 460/2277/381
f 2316/2278/382 2839/2279/382 790/2280/382 779/2281/382 520/2282/382 519/2283/382
f 2312/2284/383 2841/2285/383 796/2286/383 780/2287/383 518/2288/383 517/2289/383
f 791/2290/384 2876/2291/384 2877/2292/384 2879/2293/384 2865/2294/384 2864/2295/384
f 787/2296/385 792/2297/385 2866/2298/385 2867/2299/385 2858/2300/385 2856/2301/385
f 526/2302/386 785/2303/386 788/2304/386 2857/2305/386 2338/2306/386 534/2307/386
f 2308/2308/387 2843/2309/387 804/2310/387 781/2311/387 516/2312/387 515/2313/387
f 797/2314/388 2892/2315/388 2893/2316/388 2895/2317/388 2878/2318/388 798/2319/388
f 799/2320/389 2896/2321/389 2897/2322/389 2899/2323/389 2881/2324/389 2880/2325/389
f 793/2326/390 800/2327/390 2882/2328/390 2883/2329/390 2870/2330/390 2868/2331/390
f 527/2332/391 789/2333/391 794/2334/391 2869/2335/391 2348/2336/391 538/2337/391
f 512/2338/392 783/2339/392 814/2340/392 782/2341/392 514/2342/392 513/2343/392
f 805/2344/393 2912/2345/393 2913/2346/393 2915/2347/393 2894/2348/393 806/2349/393
f 807/2350/394 2916/2351/394 2917/2352/394 2919/2353/394 2898/2354/394 808/2355/394
f 809/2356/395 2920/2357/395 2921/2358/395 2923/2359/395 2901/2360/395 2900/2361/395
f 801/2362/396 810/2363/396 2902/2364/396 2903/2365/396 2886/2366/396 2884/2367/396
f 528/2368/397 795/2369/397 802/2370/397 2885/2371/397 2362/2372/397 544/2373/397
f 815/2374/398 2936/2375/398 2937/2376/398 2939/2377/398 2914/2378/398 816/2379/398
f 817/2380/399 2940/2381/399 2941/2382/399 2943/2383/399 2918/2384/399 818/2385/399
f 819/2386/400 2944/2387/400 2945/2388/400 2947/2389/400 2922/2390/400 820/2391/400
f 821/2392/401 2948/2393/401 2949/2394/401 2951/2395/401 2925/2396/401 2924/2397/401
f 811/2398/402 822/2399/402 2926/2400/402 2927/2401/402 2906/2402/402 2904/2403/402
f 529/2404/403 803/2405/403 812/2406/403 2905/2407/403 2380/2408/403 552/2409/403
f 2402/2410/404 2929/2411/404 2956/2412/404 2957/2413/404 1298/2414/404 574/2415/404
f 823/2416/405 2952/2417/405 2953/2418/405 2955/2419/405 2930/2420/405 2928/2421/405
f 2962/2422/406 2978/2423/406 2979/2424/406 2981/2425/406 2976/2426/406 2973/2427/406
f 530/2428/407 813/2429/407 824/2430/407 825/2431/407 531/2432/407 562/2433/407
f 2964/2434/408 2986/2435/408 2987/2436/408 2989/2437/408 2980/2438/408 2977/2439/408
f 2966/2440/409 2998/2441/409 2999/2442/409 3001/2443/409 2988/2444/409 2985/2445/409
f 2968/2446/410 3014/2447/410 3015/2448/410 3017/2449/410 3000/2450/410 2997/2451/410
f 2970/2452/411 3034/2453/411 3035/2454/411 3037/2455/411 3016/2456/411 3013/2457/411
f 2972/2458/412 889/2459/412 3060/2460/412 3061/2461/412 3036/2462/412 3033/2463/412
f 2446/2464/413 2963/2465/413 849/2466/413 2961/2467/413 2450/2468/413 584/2469/413
f 522/2470/414 778/2471/414 784/2472/414 777/2473/414 524/2474/414 523/2475/414
f 2442/2476/415 2965/2477/415 853/2478/415 842/2479/415 583/2480/415 582/2481/415
f 2438/2482/416 2967/2483/416 859/2484/416 843/2485/416 581/2486/416 580/2487/416
f 854/2488/417 3002/2489/417 3003/2490/417 3005/2491/417 2991/2492/417 2990/2493/417
f 850/2494/418 855/2495/418 2992/2496/418 2993/2497/418 2984/2498/418 2982/2499/418
f 589/2500/419 848/2501/419 851/2502/419 2983/2503/419 2464/2504/419 597/2505/419
f 2434/2506/420 2969/2507/420 867/2508/420 844/2509/420 579/2510/420 578/2511/420
f 860/2512/421 3018/2513/421 3019/2514/421 3021/2515/421 3004/2516/421 861/2517/421
f 862/2518/422 3022/2519/422 3023/2520/422 3025/2521/422 3007/2522/422 3006/2523/422
f 856/2524/423 863/2525/423 3008/2526/423 3009/2527/423 2996/2528/423 2994/2529/423
f 590/2530/424 852/2531/424 857/2532/424 2995/2533/424 2474/2534/424 601/2535/424
f 575/2536/425 846/2537/425 877/2538/425 845/2539/425 577/2540/425 576/2541/425
f 868/2542/426 3038/2543/426 3039/2544/426 3041/2545/426 3020/2546/426 869/2547/426
f 870/2548/427 3042/2549/427 3043/2550/427 3045/2551/427 3024/2552/427 871/2553/427
f 872/2554/428 3046/2555/428 3047/2556/428 3049/2557/428 3027/2558/428 3026/2559/428
f 864/2560/429 873/2561/429 3028/2562/429 3029/2563/429 3012/2564/429 3010/2565/429
f 591/2566/430 858/2567/430 865/2568/430 3011/2569/430 2488/2570/430 607/2571/430
f 878/2572/431 3062/2573/431 3063/2574/431 3065/2575/431 3040/2576/431 879/2577/431
f 880/2578/432 3066/2579/432 3067/2580/432 3069/2581/432 3044/2582/432 881/2583/432
f 882/2584/433 3070/2585/433 3071/2586/433 3073/2587/433 3048/2588/433 883/2589/433
f 884/2590/434 3074/2591/434 3075/2592/434 3077/2593/434 3051/2594/434 3050/2595/434
f 874/2596/435 885/2597/435 3052/2598/435 3053/2599/435 3032/2600/435 3030/2601/435
f 592/2602/436 866/2603/436 875/2604/436 3031/2605/436 2506/2606/436 615/2607/436
f 2528/2608/437 3055/2609/437 3082/2610/437 3084/2611/437 11/2612/437 637/2613/437
f 886/2614/438 3078/2615/438 3079/2616/438 3081/2617/438 3056/2618/438 3054/2619/438
f 3088/2620/439 3104/2621/439 3105/2622/439 3107/2623/439 3102/2624/439 3099/2625/439
f 593/2626/440 876/2627/440 887/2628/440 888/2629/440 594/2630/440 625/2631/440
f 3090/2632/441 3112/2633/441 3113/2634/441 3115/2635/441 3106/2636/441 3103/2637/441
f 3092/2638/442 3124/2639/442 3125/2640/442 3127/2641/442 3114/2642/442 3111/2643/442
f 3094/2644/443 3140/2645/443 3141/2646/443 3143/2647/443 3126/2648/443 3123/2649/443
f 3096/2650/444 3160/2651/444 3161/2652/444 3163/2653/444 3142/2654/444 3139/2655/444
f 3098/2656/445 952/2657/445 3186/2658/445 3187/2659/445 3162/2660/445 3159/2661/445
f 2572/2662/446 3089/2663/446 912/2664/446 3087/2665/446 2576/2666/446 647/2667/446
f 585/2668/447 841/2669/447 847/2670/447 840/2671/447 587/2672/447 586/2673/447
f 2568/2674/448 3091/2675/448 916/2676/448 905/2677/448 646/2678/448 645/2679/448
f 2564/2680/449 3093/2681/449 922/2682/449 906/2683/449 644/2684/449 643/2685/449
f 917/2686/450 3128/2687/450 3129/2688/450 3131/2689/450 3117/2690/450 3116/2691/450
f 913/2692/451 918/2693/451 3118/2694/451 3119/2695/451 3110/2696/451 3108/2697/451
f 337/2698/452 911/2699/452 914/2700/452 3109/2701/452 1960/2702/452 345/2703/452
f 2560/2704/453 3095/2705/453 930/2706/453 907/2707/453 642/2708/453 641/2709/453
f 923/2710/454 3144/2711/454 3145/2712/454 3147/2713/454 3130/2714/454 924/2715/454
f 925/2716/455 3148/2717/455 3149/2718/455 3151/2719/455 3133/2720/455 3132/2721/455
f 919/2722/456 926/2723/456 3134/2724/456 3135/2725/456 3122/2726/456 3120/2727/456
f 338/2728/457 915/2729/457 920/2730/457 3121/2731/457 1970/2732/457 349/2733/457
f 638/2734/458 909/2735/458 940/2736/458 908/2737/458 640/2738/458 639/2739/458
f 931/2740/459 3164/2741/459 3165/2742/459 3167/2743/459 3146/2744/459 932/2745/459
f 933/2746/460 3168/2747/460 3169/2748/460 3171/2749/460 3150/2750/460 934/2751/460
f 935/2752/461 3172/2753/461 3173/2754/461 3175/2755/461 3153/2756/461 3152/2757/461
f 927/2758/462 936/2759/462 3154/2760/462 3155/2761/462 3138/2762/462 3136/2763/462
f 339/2764/463 921/2765/463 928/2766/463 3137/2767/463 1984/2768/463 355/2769/463
f 941/2770/464 3188/2771/464 3189/2772/464 3191/2773/464 3166/2774/464 942/2775/464
f 943/2776/465 3192/2777/465 3193/2778/465 3195/2779/465 3170/2780/465 944/2781/465
f 945/2782/466 3196/2783/466 3197/2784/466 3199/2785/466 3174/2786/466 946/2787/466
f 947/2788/467 3200/2789/467 3201/2790/467 3203/2791/467 3177/2792/467 3176/2793/467
f 937/2794/468 948/2795/468 3178/2796/468 3179/2797/468 3158/2798/468 3156/2799/468
f 340/2800/469 929/2801/469 938/2802/469 3157/2803/469 2002/2804/469 363/2805/469
f 2024/2806/470 3181/2807/470 3208/2808/470 3210/2809/470 15/2810/470 385/2811/470
f 949/2812/471 3204/2813/471 3205/2814/471 3207/2815/471 3182/2816/471 3180/2817/471
f 3213/2818/472 3222/2819/472 3223/2820/472 3225/2821/472 3218/2822/472 3215/2823/472
f 341/2824/473 939/2825/473 950/2826/473 951/2827/473 342/2828/473 373/2829/473
f 966/2830/474 3590/2831/474 3604/2832/474 3605/2833/474 3214/2834/474 973/2835/474
f 3219/2836/475 3232/2837/475 3233/2838/475 3235/2839/475 3224/2840/475 3221/2841/475
f 3229/2842/476 3246/2843/476 3247/2844/476 3249/2845/476 3234/2846/476 3231/2847/476
f 3243/2848/477 3264/2849/477 3265/2850/477 3267/2851/477 3248/2852/477 3245/2853/477
f 3261/2854/478 3286/2855/478 3287/2856/478 3289/2857/478 3266/2858/478 3263/2859/478
f 3283/2860/479 3310/2861/479 3312/2862/479 3313/2863/479 3288/2864/479 3285/2865/479
f 648/2866/480 904/2867/480 910/2868/480 903/2869/480 650/2870/480 649/2871/480
f 980/2872/481 3250/2873/481 3251/2874/481 3253/2875/481 3237/2876/481 3236/2877/481
f 976/2878/482 981/2879/482 3238/2880/482 3239/2881/482 3228/2882/482 3226/2883/482
f 701/2884/483 974/2885/483 977/2886/483 3227/2887/483 2686/2888/483 702/2889/483
f 986/2890/484 3268/2891/484 3269/2892/484 3271/2893/484 3252/2894/484 987/2895/484
f 988/2896/485 3272/2897/485 3273/2898/485 3275/2899/485 3255/2900/485 3254/2901/485
f 982/2902/486 989/2903/486 3256/2904/486 3257/2905/486 3242/2906/486 3240/2907/486
f 703/2908/487 978/2909/487 983/2910/487 3241/2911/487 2690/2912/487 704/2913/487
f 994/2914/488 3290/2915/488 3291/2916/488 3293/2917/488 3270/2918/488 995/2919/488
f 996/2920/489 3294/2921/489 3295/2922/489 3297/2923/489 3274/2924/489 997/2925/489
f 998/2926/490 3298/2927/490 3299/2928/490 3301/2929/490 3277/2930/490 3276/2931/490
f 990/2932/491 999/2933/491 3278/2934/491 3279/2935/491 3260/2936/491 3258/2937/491
f 705/2938/492 984/2939/492 991/2940/492 3259/2941/492 2694/2942/492 706/2943/492
f 1004/2944/493 3314/2945/493 3315/2946/493 3317/2947/493 3292/2948/493 1005/2949/493
f 1006/2950/494 3318/2951/494 3319/2952/494 3321/2953/494 3296/2954/494 1007/2955/494
f 1008/2956/495 3322/2957/495 3323/2958/495 3325/2959/495 3300/2960/495 1009/2961/495
f 1010/2962/496 3326/2963/496 3327/2964/496 3329/2965/496 3303/2966/496 3302/2967/496
f 1000/2968/497 1011/2969/497 3304/2970/497 3305/2971/497 3282/2972/497 3280/2973/497
f 707/2974/498 992/2975/498 1001/2976/498 3281/2977/498 2698/2978/498 708/2979/498
f 1012/2980/499 3330/2981/499 3331/2982/499 3333/2983/499 3308/2984/499 3306/2985/499
f 3340/2986/500 3356/2987/500 3357/2988/500 3359/2989/500 3354/2990/500 3351/2991/500
f 709/2992/501 1002/2993/501 1013/2994/501 3307/2995/501 2702/2996/501 710/2997/501
f 3335/2998/502 3338/2999/502 9/3000/502 14/3001/502 2706/3002/502
f 3342/3003/503 3364/3004/503 3365/3005/503 3367/3006/503 3358/3007/503 3355/3008/503
f 3344/3009/504 3376/3010/504 3377/3011/504 3379/3012/504 3366/3013/504 3363/3014/504
f 3346/3015/505 3392/3016/505 3393/3017/505 3395/3018/505 3378/3019/505 3375/3020/505
f 3348/3021/506 3412/3022/506 3413/3023/506 3415/3024/506 3394/3025/506 3391/3026/506
f 3350/3027/507 1078/3028/507 3438/3029/507 3439/3030/507 3414/3031/507 3411/3032/507
f 3328/3033/508 3341/3034/508 1038/3035/508 3339/3036/508 3332/3037/508 1025/3038/508
f 711/3039/509 1014/3040/509 3334/3041/509 3336/3042/509 713/3043/509 712/3044/509
f 3324/3045/510 3343/3046/510 1042/3047/510 1031/3048/510 1024/3049/510 1023/3050/510
f 3320/3051/511 3345/3052/511 1048/3053/511 1032/3054/511 1022/3055/511 1021/3056/511
f 1043/3057/512 3380/3058/512 3381/3059/512 3383/3060/512 3369/3061/512 3368/3062/512
f 1039/3063/513 1044/3064/513 3370/3065/513 3371/3066/513 3362/3067/513 3360/3068/513
f 764/3069/514 1037/3070/514 1040/3071/514 3361/3072/514 2812/3073/514 765/3074/514
f 3316/3075/515 3347/3076/515 1056/3077/515 1033/3078/515 1020/3079/515 1019/3080/515
f 1049/3081/516 3396/3082/516 3397/3083/516 3399/3084/516 3382/3085/516 1050/3086/516
f 1051/3087/517 3400/3088/517 3401/3089/517 3403/3090/517 3385/3091/517 3384/3092/517
f 1045/3093/518 1052/3094/518 3386/3095/518 3387/3096/518 3374/3097/518 3372/3098/518
f 766/3099/519 1041/3100/519 1046/3101/519 3373/3102/519 2816/3103/519 767/3104/519
f 1016/3105/520 1035/3106/520 1066/3107/520 1034/3108/520 1018/3109/520 1017/3110/520
f 1057/3111/521 3416/3112/521 3417/3113/521 3419/3114/521 3398/3115/521 1058/3116/521
f 1059/3117/522 3420/3118/522 3421/3119/522 3423/3120/522 3402/3121/522 1060/3122/522
f 1061/3123/523 3424/3124/523 3425/3125/523 3427/3126/523 3405/3127/523 3404/3128/523
f 1053/3129/524 1062/3130/524 3406/3131/524 3407/3132/524 3390/3133/524 3388/3134/524
f 768/3135/525 1047/3136/525 1054/3137/525 3389/3138/525 2820/3139/525 769/3140/525
f 1067/3141/526 3440/3142/526 3441/3143/526 3443/3144/526 3418/3145/526 1068/3146/526
f 1069/3147/527 3444/3148/527 3445/3149/527 3447/3150/527 3422/3151/527 1070/3152/527
f 1071/3153/528 3448/3154/528 3449/3155/528 3451/3156/528 3426/3157/528 1072/3158/528
f 1073/3159/529 3452/3160/529 3453/3161/529 3455/3162/529 3429/3163/529 3428/3164/529
f 1063/3165/530 1074/3166/530 3430/3167/530 3431/3168/530 3410/3169/530 3408/3170/530
f 770/3171/531 1055/3172/531 1064/3173/531 3409/3174/531 2824/3175/531 771/3176/531
f 2828/3177/532 3433/3178/532 3460/3179/532 3461/3180/532 2832/3181/532 775/3182/532
f 1075/3183/533 3456/3184/533 3457/3185/533 3459/3186/533 3434/3187/533 3432/3188/533
f 3466/3189/534 3482/3190/534 3483/3191/534 3485/3192/534 3480/3193/534 3477/3194/534
f 772/3195/535 1065/3196/535 1076/3197/535 1077/3198/535 774/3199/535 773/3200/535
f 3462/3201/536 3464/3202/536 8/3203/536 13/3204/536 776/3205/536
f 3468/3206/537 3490/3207/537 3491/3208/537 3493/3209/537 3484/3210/537 3481/3211/537
f 3470/3212/538 3502/3213/538 3503/3214/538 3505/3215/538 3492/3216/538 3489/3217/538
f 3472/3218/539 3518/3219/539 3519/3220/539 3521/3221/539 3504/3222/539 3501/3223/539
f 3474/3224/540 3538/3225/540 3539/3226/540 3541/3227/540 3520/3228/540 3517/3229/540
f 3476/3230/541 1141/3231/541 3564/3232/541 3565/3233/541 3540/3234/541 3537/3235/541
f 3454/3236/542 3467/3237/542 1101/3238/542 3465/3239/542 3458/3240/542 1088/3241/542
f 1026/3242/543 1030/3243/543 1036/3244/543 1029/3245/543 1028/3246/543 1027/3247/543
f 3450/3248/544 3469/3249/544 1105/3250/544 1094/3251/544 1087/3252/544 1086/3253/544
f 3446/3254/545 3471/3255/545 1111/3256/545 1095/3257/545 1085/3258/545 1084/3259/545
f 1106/3260/546 3506/3261/546 3507/3262/546 3509/3263/546 3495/3264/546 3494/3265/546
f 1102/3266/547 1107/3267/547 3496/3268/547 3497/3269/547 3488/3270/547 3486/3271/547
f 827/3272/548 1100/3273/548 1103/3274/548 3487/3275/548 2938/3276/548 828/3277/548
f 3442/3278/549 3473/3279/549 1119/3280/549 1096/3281/549 1083/3282/549 1082/3283/549
f 1112/3284/550 3522/3285/550 3523/3286/550 3525/3287/550 3508/3288/550 1113/3289/550
f 1114/3290/551 3526/3291/551 3527/3292/551 3529/3293/551 3511/3294/551 3510/3295/551
f 1108/3296/552 1115/3297/552 3512/3298/552 3513/3299/552 3500/3300/552 3498/3301/552
f 829/3302/553 1104/3303/553 1109/3304/553 3499/3305/553 2942/3306/553 830/3307/553
f 1079/3308/554 1098/3309/554 1129/3310/554 1097/3311/554 1081/3312/554 1080/3313/554
f 1120/3314/555 3542/3315/555 3543/3316/555 3545/3317/555 3524/3318/555 1121/3319/555
f 1122/3320/556 3546/3321/556 3547/3322/556 3549/3323/556 3528/3324/556 1123/3325/556
f 1124/3326/557 3550/3327/557 3551/3328/557 3553/3329/557 3531/3330/557 3530/3331/557
f 1116/3332/558 1125/3333/558 3532/3334/558 3533/3335/558 3516/3336/558 3514/3337/558
f 831/3338/559 1110/3339/559 1117/3340/559 3515/3341/559 2946/3342/559 832/3343/559
f 1130/3344/560 3566/3345/560 3567/3346/560 3569/3347/560 3544/3348/560 1131/3349/560
f 1132/3350/561 3570/3351/561 3571/3352/561 3573/3353/561 3548/3354/561 1133/3355/561
f 1134/3356/562 3574/3357/562 3575/3358/562 3577/3359/562 3552/3360/562 1135/3361/562
f 1136/3362/563 3578/3363/563 3579/3364/563 3581/3365/563 3555/3366/563 3554/3367/563
f 1126/3368/564 1137/3369/564 3556/3370/564 3557/3371/564 3536/3372/564 3534/3373/564
f 833/3374/565 1118/3375/565 1127/3376/565 3535/3377/565 2950/3378/565 834/3379/565
f 2954/3380/566 3559/3381/566 3586/3382/566 3587/3383/566 2958/3384/566 838/3385/566
f 1138/3386/567 3582/3387/567 3583/3388/567 3585/3389/567 3560/3390/567 3558/3391/567
f 3592/3392/568 3608/3393/568 3609/3394/568 3611/3395/568 3606/3396/568 3603/3397/568
f 835/3398/569 1128/3399/569 1139/3400/569 1140/3401/569 837/3402/569 836/3403/569
f 3588/3404/570 3716/3405/570 7/3406/570 12/3407/570 839/3408/570
f 3594/3409/571 3616/3410/571 3617/3411/571 3619/3412/571 3610/3413/571 3607/3414/571
f 3596/3415/572 3628/3416/572 3629/3417/572 3631/3418/572 3618/3419/572 3615/3420/572
f 3598/3421/573 3644/3422/573 3645/3423/573 3647/3424/573 3630/3425/573 3627/3426/573
f 3600/3427/574 3664/3428/574 3665/3429/574 3667/3430/574 3646/3431/574 3643/3432/574
f 3602/3433/575 1204/3434/575 3690/3435/575 3691/3436/575 3666/3437/575 3663/3438/575
f 3202/3439/576 3593/3440/576 1164/3441/576 3591/3442/576 3206/3443/576 962/3444/576
f 1089/3445/577 1093/3446/577 1099/3447/577 1092/3448/577 1091/3449/577 1090/3450/577
f 3198/3451/578 3595/3452/578 1168/3453/578 1157/3454/578 961/3455/578 960/3456/578
f 3194/3457/579 3597/3458/579 1174/3459/579 1158/3460/579 959/3461/579 958/3462/579
f 1169/3463/580 3632/3464/580 3633/3465/580 3635/3466/580 3621/3467/580 3620/3468/580
f 1165/3469/581 1170/3470/581 3622/3471/581 3623/3472/581 3614/3473/581 3612/3474/581
f 967/3475/582 1163/3476/582 1166/3477/582 3613/3478/582 3220/3479/582 975/3480/582
f 3190/3481/583 3599/3482/583 1182/3483/583 1159/3484/583 957/3485/583 956/3486/583
f 1175/3487/584 3648/3488/584 3649/3489/584 3651/3490/584 3634/3491/584 1176/3492/584
f 1177/3493/585 3652/3494/585 3653/3495/585 3655/3496/585 3637/3497/585 3636/3498/585
f 1171/3499/586 1178/3500/586 3638/3501/586 3639/3502/586 3626/3503/586 3624/3504/586
f 968/3505/587 1167/3506/587 1172/3507/587 3625/3508/587 3230/3509/587 979/3510/587
f 953/3511/588 1161/3512/588 1192/3513/588 1160/3514/588 955/3515/588 954/3516/588
f 1183/3517/589 3668/3518/589 3669/3519/589 3671/3520/589 3650/3521/589 1184/3522/589
f 1185/3523/590 3672/3524/590 3673/3525/590 3675/3526/590 3654/3527/590 1186/3528/590
f 1187/3529/591 3676/3530/591 3677/3531/591 3679/3532/591 3657/3533/591 3656/3534/591
f 1179/3535/592 1188/3536/592 3658/3537/592 3659/3538/592 3642/3539/592 3640/3540/592
f 969/3541/593 1173/3542/593 1180/3543/593 3641/3544/593 3244/3545/593 985/3546/593
f 1193/3547/594 3692/3548/594 3693/3549/594 3695/3550/594 3670/3551/594 1194/3552/594
f 1195/3553/595 3696/3554/595 3697/3555/595 3699/3556/595 3674/3557/595 1196/3558/595
f 1197/3559/596 3700/3560/596 3701/3561/596 3703/3562/596 3678/3563/596 1198/3564/596
f 1199/3565/597 3704/3566/597 3705/3567/597 3707/3568/597 3681/3569/597 3680/3570/597
f 1189/3571/598 1200/3572/598 3682/3573/598 3683/3574/598 3662/3575/598 3660/3576/598
f 970/3577/599 1181/3578/599 1190/3579/599 3661/3580/599 3262/3581/599 993/3582/599
f 3284/3583/600 3685/3584/600 3712/3585/600 3714/3586/600 5/3587/600 1015/3588/600
f 1201/3589/601 3708/3590/601 3709/3591/601 3711/3592/601 3686/3593/601 3684/3594/601
f 3718/3595/602 3734/3596/602 3735/3597/602 3737/3598/602 3732/3599/602 3729/3600/602
f 971/3601/603 1191/3602/603 1202/3603/603 1203/3604/603 972/3605/603 1003/3606/603
f 3720/3607/604 3742/3608/604 3743/3609/604 3745/3610/604 3736/3611/604 3733/3612/604
f 3722/3613/605 3754/3614/605 3755/3615/605 3757/3616/605 3744/3617/605 3741/3618/605
f 3724/3619/606 3770/3620/606 3771/3621/606 3773/3622/606 3756/3623/606 3753/3624/606
f 3726/3625/607 3790/3626/607 3791/3627/607 3793/3628/607 3772/3629/607 3769/3630/607
f 3728/3631/608 3814/3632/608 3816/3633/608 3817/3634/608 3792/3635/608 3789/3636/608
f 3580/3637/609 3719/3638/609 1227/3639/609 3717/3640/609 3584/3641/609 1151/3642/609
f 963/3643/610 1156/3644/610 1162/3645/610 1155/3646/610 965/3647/610 964/3648/610
f 3576/3649/611 3721/3650/611 1231/3651/611 1220/3652/611 1150/3653/611 1149/3654/611
f 3572/3655/612 3723/3656/612 1237/3657/612 1221/3658/612 1148/3659/612 1147/3660/612
f 1232/3661/613 3758/3662/613 3759/3663/613 3761/3664/613 3747/3665/613 3746/3666/613
f 1228/3667/614 1233/3668/614 3748/3669/614 3749/3670/614 3740/3671/614 3738/3672/614
f 890/3673/615 1226/3674/615 1229/3675/615 3739/3676/615 3064/3677/615 891/3678/615
f 3568/3679/616 3725/3680/616 1245/3681/616 1222/3682/616 1146/3683/616 1145/3684/616
f 1238/3685/617 3774/3686/617 3775/3687/617 3777/3688/617 3760/3689/617 1239/3690/617
f 1240/3691/618 3778/3692/618 3779/3693/618 3781/3694/618 3763/3695/618 3762/3696/618
f 1234/3697/619 1241/3698/619 3764/3699/619 3765/3700/619 3752/3701/619 3750/3702/619
f 892/3703/620 1230/3704/620 1235/3705/620 3751/3706/620 3068/3707/620 893/3708/620
f 1142/3709/621 1224/3710/621 1255/3711/621 1223/3712/621 1144/3713/621 1143/3714/621
f 1246/3715/622 3794/3716/622 3795/3717/622 3797/3718/622 3776/3719/622 1247/3720/622
f 1248/3721/623 3798/3722/623 3799/3723/623 3801/3724/623 3780/3725/623 1249/3726/623
f 1250/3727/624 3802/3728/624 3803/3729/624 3805/3730/624 3783/3731/624 3782/3732/624
f 1242/3733/625 1251/3734/625 3784/3735/625 3785/3736/625 3768/3737/625 3766/3738/625
f 894/3739/626 1236/3740/626 1243/3741/626 3767/3742/626 3072/3743/626 895/3744/626
f 1256/3745/627 3818/3746/627 3820/3747/627 3821/3748/627 3796/3749/627 1257/3750/627
f 1258/3751/628 3822/3752/628 3824/3753/628 3825/3754/628 3800/3755/628 1259/3756/628
f 1260/3757/629 3826/3758/629 3828/3759/629 3829/3760/629 3804/3761/629 1261/3762/629
f 1262/3763/630 3830/3764/630 3832/3765/630 3833/3766/630 3807/3767/630 3806/3768/630
f 1252/3769/631 1263/3770/631 3808/3771/631 3809/3772/631 3788/3773/631 3786/3774/631
f 896/3775/632 1244/3776/632 1253/3777/632 3787/3778/632 3076/3779/632 897/3780/632
f 3710/3781/633 3815/3782/633 1267/3783/633 1/3784/633 1217/3785/633 1216/3786/633
f 3706/3787/634 3819/3788/634 1269/3789/634 1268/3790/634 1215/3791/634 1214/3792/634
f 3702/3793/635 3823/3794/635 1271/3795/635 1270/3796/635 1213/3797/635 1212/3798/635
f 3698/3799/636 3827/3800/636 1273/3801/636 1272/3802/636 1211/3803/636 1210/3804/636
f 3694/3805/637 3831/3806/637 1275/3807/637 1274/3808/637 1209/3809/637 1208/3810/637
f 1205/3811/638 3836/3812/638 3834/3813/638 1276/3814/638 1207/3815/638 1206/3816/638
f 1264/3817/639 1277/3818/639 1278/3819/639 3838/3820/639 3812/3821/639 3810/3822/639
f 3080/3823/640 3811/3824/640 1279/3825/640 1280/3826/640 902/3827/640 901/3828/640
f 898/3829/641 1254/3830/641 1265/3831/641 1266/3832/641 900/3833/641 899/3834/641
f 1152/3835/642 1219/3836/642 1225/3837/642 1218/3838/642 1154/3839/642 1153/3840/642
