# Blender v3.2.2 OBJ File: 'cherry.blend'
# www.blender.org
mtllib cherry2.mtl
o Cherry_Circle.007
v 0.530789 -0.358485 -0.621659
v 0.497183 -0.359787 -0.618502
v 0.464623 -0.362899 -0.608814
v 0.434131 -0.367121 -0.592560
v 0.406588 -0.373252 -0.570445
v 0.383042 -0.381779 -0.544076
v 0.365048 -0.388766 -0.514492
v 0.353900 -0.390250 -0.482108
v 0.349887 -0.388920 -0.448170
v 0.352934 -0.389150 -0.414124
v 0.362808 -0.392924 -0.381287
v 0.379243 -0.398782 -0.350845
v 0.401848 -0.404364 -0.323852
v 0.429612 -0.409951 -0.301558
v 0.461308 -0.416055 -0.284943
v 0.495478 -0.422374 -0.274475
v 0.530789 -0.425362 -0.270925
v 0.566100 -0.422374 -0.274476
v 0.600270 -0.416055 -0.284943
v 0.631966 -0.409950 -0.301558
v 0.659730 -0.404364 -0.323852
v 0.682335 -0.398782 -0.350845
v 0.698770 -0.392924 -0.381287
v 0.708644 -0.389150 -0.414124
v 0.711691 -0.388920 -0.448170
v 0.707678 -0.390250 -0.482108
v 0.696530 -0.388766 -0.514492
v 0.678535 -0.381779 -0.544076
v 0.654989 -0.373252 -0.570445
v 0.627446 -0.367121 -0.592560
v 0.596955 -0.362898 -0.608814
v 0.564395 -0.359787 -0.618502
v 0.530789 -0.056655 -0.554166
v 0.502479 -0.057186 -0.551289
v 0.475052 -0.058087 -0.542643
v 0.449366 -0.058779 -0.528340
v 0.426165 -0.060042 -0.508800
v 0.406330 -0.062537 -0.485245
v 0.391172 -0.063223 -0.459374
v 0.381781 -0.058947 -0.432444
v 0.378401 -0.052109 -0.404892
v 0.380967 -0.046519 -0.376868
v 0.389284 -0.044019 -0.348992
v 0.403129 -0.043618 -0.322569
v 0.422171 -0.043570 -0.299005
v 0.445559 -0.044317 -0.279249
v 0.472259 -0.046443 -0.263873
v 0.501044 -0.049824 -0.253839
v 0.530789 -0.051660 -0.250243
v 0.560534 -0.049824 -0.253839
v 0.589319 -0.046443 -0.263873
v 0.616019 -0.044317 -0.279250
v 0.639407 -0.043571 -0.299006
v 0.658449 -0.043618 -0.322569
v 0.672294 -0.044019 -0.348992
v 0.680611 -0.046519 -0.376868
v 0.683177 -0.052109 -0.404892
v 0.679797 -0.058947 -0.432444
v 0.670406 -0.063223 -0.459374
v 0.655248 -0.062537 -0.485245
v 0.635413 -0.060042 -0.508800
v 0.612211 -0.058779 -0.528341
v 0.586526 -0.058087 -0.542644
v 0.559098 -0.057186 -0.551289
v 0.530789 0.488007 -0.494846
v 0.504864 0.487521 -0.492212
v 0.479746 0.486696 -0.484293
v 0.456223 0.486062 -0.471193
v 0.434976 0.484906 -0.453313
v 0.416811 0.482621 -0.431724
v 0.402930 0.481992 -0.408008
v 0.394330 0.485908 -0.383342
v 0.391234 0.492170 -0.358082
v 0.393585 0.497290 -0.332388
v 0.401201 0.499579 -0.306833
v 0.413880 0.499947 -0.282613
v 0.431319 0.499990 -0.261019
v 0.452737 0.499306 -0.242934
v 0.477189 0.497360 -0.228987
v 0.503549 0.494263 -0.219792
v 0.530789 0.492582 -0.216495
v 0.558029 0.494263 -0.219792
v 0.584389 0.497360 -0.228987
v 0.608841 0.499307 -0.242934
v 0.630259 0.499990 -0.261019
v 0.647698 0.499947 -0.282613
v 0.660377 0.499579 -0.306833
v 0.667993 0.497290 -0.332388
v 0.670344 0.492170 -0.358082
v 0.667248 0.485908 -0.383342
v 0.658648 0.481992 -0.408008
v 0.644766 0.482621 -0.431724
v 0.626602 0.484905 -0.453313
v 0.605354 0.486062 -0.471194
v 0.581832 0.486696 -0.484293
v 0.556714 0.487521 -0.492212
v 0.530789 1.133183 -0.505727
v 0.504864 1.132419 -0.503169
v 0.479746 1.130759 -0.495398
v 0.456223 1.128738 -0.482457
v 0.434976 1.125691 -0.464750
v 0.416811 1.121129 -0.443457
v 0.402930 1.117986 -0.419950
v 0.394330 1.119256 -0.394976
v 0.391234 1.122795 -0.369127
v 0.393585 1.125152 -0.343006
v 0.401201 1.124713 -0.317355
v 0.413880 1.122506 -0.293231
v 0.431319 1.120256 -0.271758
v 0.452737 1.117656 -0.253880
v 0.477189 1.114242 -0.240242
v 0.503549 1.110189 -0.231482
v 0.530789 1.108169 -0.228402
v 0.558029 1.110188 -0.231482
v 0.584389 1.114242 -0.240242
v 0.608841 1.117657 -0.253880
v 0.630259 1.120256 -0.271758
v 0.647698 1.122506 -0.293231
v 0.660377 1.124713 -0.317355
v 0.667993 1.125152 -0.343006
v 0.670344 1.122795 -0.369127
v 0.667248 1.119256 -0.394976
v 0.658648 1.117986 -0.419950
v 0.644766 1.121129 -0.443457
v 0.626602 1.125690 -0.464750
v 0.605354 1.128738 -0.482457
v 0.581832 1.130759 -0.495398
v 0.556714 1.132419 -0.503169
v 0.530789 1.839647 -0.498063
v 0.506860 1.838536 -0.495726
v 0.483677 1.835756 -0.488749
v 0.461966 1.831802 -0.477121
v 0.442354 1.826148 -0.461339
v 0.425589 1.818539 -0.442479
v 0.412776 1.811836 -0.421402
v 0.404838 1.808884 -0.398596
v 0.401981 1.807843 -0.374810
v 0.404151 1.805684 -0.350875
v 0.411181 1.801072 -0.327631
v 0.422883 1.795113 -0.305956
v 0.438979 1.789552 -0.286701
v 0.458748 1.784260 -0.270724
v 0.481316 1.778931 -0.258685
v 0.505647 1.773823 -0.251124
v 0.530789 1.771488 -0.248564
v 0.555931 1.773822 -0.251124
v 0.580262 1.778931 -0.258685
v 0.602830 1.784261 -0.270724
v 0.622599 1.789552 -0.286701
v 0.638695 1.795113 -0.305956
v 0.650397 1.801072 -0.327631
v 0.657427 1.805684 -0.350875
v 0.659597 1.807843 -0.374810
v 0.656739 1.808884 -0.398596
v 0.648802 1.811836 -0.421402
v 0.635989 1.818539 -0.442479
v 0.619224 1.826147 -0.461339
v 0.599612 1.831802 -0.477121
v 0.577901 1.835756 -0.488749
v 0.554718 1.838536 -0.495726
v 0.530789 2.208825 -0.484030
v 0.506860 2.207443 -0.481929
v 0.483677 2.203822 -0.475471
v 0.461966 2.198440 -0.464563
v 0.442354 2.190850 -0.449777
v 0.425589 2.180947 -0.432214
v 0.412776 2.171634 -0.412292
v 0.404838 2.165751 -0.390070
v 0.401981 2.161601 -0.366576
v 0.404151 2.156339 -0.343088
v 0.411181 2.148773 -0.320659
v 0.422883 2.140102 -0.299998
v 0.438979 2.132136 -0.281672
v 0.458748 2.124863 -0.266554
v 0.481316 2.118074 -0.255364
v 0.505647 2.112089 -0.248586
v 0.530789 2.109468 -0.246362
v 0.555931 2.112089 -0.248586
v 0.580262 2.118074 -0.255364
v 0.602830 2.124864 -0.266554
v 0.622599 2.132136 -0.281672
v 0.638695 2.140102 -0.299998
v 0.650397 2.148773 -0.320659
v 0.657427 2.156339 -0.343088
v 0.659597 2.161601 -0.366576
v 0.656739 2.165751 -0.390070
v 0.648802 2.171634 -0.412292
v 0.635989 2.180947 -0.432214
v 0.619224 2.190850 -0.449777
v 0.599612 2.198440 -0.464563
v 0.577901 2.203822 -0.475471
v 0.554718 2.207443 -0.481929
v 0.530789 2.566331 -0.437410
v 0.507281 2.564973 -0.435430
v 0.484505 2.561416 -0.429256
v 0.463175 2.556128 -0.418783
v 0.443909 2.548672 -0.404618
v 0.427438 2.538943 -0.387808
v 0.414851 2.529793 -0.368659
v 0.407052 2.524014 -0.347125
v 0.404245 2.519937 -0.324277
v 0.406377 2.514767 -0.301472
v 0.413283 2.507335 -0.279769
v 0.424780 2.498816 -0.259823
v 0.440592 2.490989 -0.242127
v 0.460014 2.483844 -0.227587
v 0.482186 2.477175 -0.216869
v 0.506089 2.471295 -0.210430
v 0.530789 2.468720 -0.208320
v 0.555489 2.471294 -0.210430
v 0.579392 2.477175 -0.216869
v 0.601564 2.483845 -0.227588
v 0.620986 2.490989 -0.242127
v 0.636798 2.498816 -0.259823
v 0.648295 2.507335 -0.279769
v 0.655201 2.514767 -0.301472
v 0.657333 2.519937 -0.324277
v 0.654526 2.524014 -0.347125
v 0.646727 2.529793 -0.368659
v 0.634140 2.538943 -0.387808
v 0.617669 2.548672 -0.404619
v 0.598402 2.556128 -0.418783
v 0.577073 2.561416 -0.429256
v 0.554297 2.564973 -0.435430
v 0.530789 2.896753 -0.357474
v 0.507458 2.895185 -0.355982
v 0.484854 2.890952 -0.350580
v 0.463686 2.884500 -0.341081
v 0.444565 2.875474 -0.328137
v 0.428218 2.863905 -0.312879
v 0.415726 2.852616 -0.295224
v 0.407987 2.844321 -0.274750
v 0.405201 2.837525 -0.252674
v 0.407316 2.829669 -0.230812
v 0.414171 2.819743 -0.210421
v 0.425581 2.808974 -0.191972
v 0.441274 2.799160 -0.175657
v 0.460549 2.790397 -0.162319
v 0.482553 2.782569 -0.152707
v 0.506275 2.776040 -0.147263
v 0.530789 2.773268 -0.145583
v 0.555303 2.776040 -0.147263
v 0.579025 2.782569 -0.152707
v 0.601029 2.790398 -0.162319
v 0.620304 2.799160 -0.175657
v 0.635997 2.808974 -0.191972
v 0.647407 2.819743 -0.210421
v 0.654262 2.829669 -0.230812
v 0.656377 2.837525 -0.252674
v 0.653591 2.844321 -0.274750
v 0.645852 2.852616 -0.295224
v 0.633359 2.863905 -0.312879
v 0.617013 2.875474 -0.328137
v 0.597892 2.884500 -0.341081
v 0.576723 2.890952 -0.350580
v 0.554119 2.895185 -0.355982
v 0.530789 3.289303 -0.213629
v 0.508359 3.287672 -0.212109
v 0.486628 3.283198 -0.207177
v 0.466277 3.276295 -0.198597
v 0.447895 3.266675 -0.187054
v 0.432179 3.254455 -0.173625
v 0.420170 3.242314 -0.157796
v 0.412729 3.232805 -0.138719
v 0.410051 3.224605 -0.117893
v 0.412084 3.215410 -0.097426
v 0.418674 3.204353 -0.078672
v 0.429644 3.192642 -0.061929
v 0.444731 3.182008 -0.047164
v 0.463261 3.172610 -0.035211
v 0.484416 3.164394 -0.026804
v 0.507222 3.157739 -0.022300
v 0.530789 3.154963 -0.021012
v 0.554356 3.157739 -0.022300
v 0.577162 3.164394 -0.026804
v 0.598317 3.172611 -0.035211
v 0.616847 3.182008 -0.047165
v 0.631934 3.192642 -0.061929
v 0.642904 3.204353 -0.078672
v 0.649493 3.215410 -0.097426
v 0.651527 3.224605 -0.117893
v 0.648849 3.232805 -0.138719
v 0.641408 3.242314 -0.157796
v 0.629398 3.254455 -0.173625
v 0.613683 3.266675 -0.187054
v 0.595300 3.276295 -0.198598
v 0.574950 3.283198 -0.207177
v 0.553218 3.287672 -0.212109
v 0.530789 3.654157 -0.025759
v 0.508359 3.652382 -0.024468
v 0.486628 3.647441 -0.020185
v 0.466277 3.639721 -0.012585
v 0.447895 3.629006 -0.002413
v 0.432179 3.615514 0.009266
v 0.420170 3.601862 0.023386
v 0.412729 3.590502 0.041263
v 0.410051 3.580270 0.061133
v 0.412084 3.569084 0.080474
v 0.418674 3.556218 0.097601
v 0.429644 3.542902 0.112643
v 0.444731 3.530855 0.125933
v 0.463261 3.520316 0.136608
v 0.484416 3.511308 0.143951
v 0.507222 3.504241 0.147639
v 0.530789 3.501354 0.148696
v 0.554356 3.504241 0.147638
v 0.577162 3.511308 0.143951
v 0.598317 3.520318 0.136609
v 0.616847 3.530855 0.125932
v 0.631934 3.542902 0.112643
v 0.642904 3.556218 0.097601
v 0.649493 3.569084 0.080474
v 0.651527 3.580270 0.061133
v 0.648849 3.590502 0.041263
v 0.641408 3.601862 0.023386
v 0.629398 3.615514 0.009266
v 0.613683 3.629006 -0.002413
v 0.595300 3.639722 -0.012585
v 0.574950 3.647441 -0.020185
v 0.553218 3.652382 -0.024468
v 0.530789 4.104372 0.331293
v 0.509494 4.102550 0.332225
v 0.488862 4.097396 0.335508
v 0.469541 4.089245 0.341464
v 0.452088 4.077972 0.349381
v 0.437168 4.063907 0.358284
v 0.425765 4.049416 0.369484
v 0.418701 4.036678 0.384594
v 0.416159 4.024786 0.401785
v 0.418089 4.012050 0.418320
v 0.424346 3.997951 0.432534
v 0.434760 3.983668 0.444642
v 0.449084 3.970789 0.455269
v 0.466677 3.959634 0.463661
v 0.486762 3.950306 0.469109
v 0.508414 3.943230 0.471410
v 0.530789 3.940401 0.471939
v 0.553164 3.943230 0.471410
v 0.574816 3.950306 0.469109
v 0.594901 3.959634 0.463662
v 0.612494 3.970789 0.455268
v 0.626818 3.983668 0.444642
v 0.637232 3.997951 0.432534
v 0.643489 4.012050 0.418320
v 0.645419 4.024786 0.401785
v 0.642876 4.036678 0.384594
v 0.635812 4.049416 0.369484
v 0.624410 4.063907 0.358284
v 0.609490 4.077972 0.349381
v 0.592037 4.089245 0.341463
v 0.572716 4.097396 0.335508
v 0.552084 4.102550 0.332225
v 0.530789 4.394190 0.614035
v 0.509624 4.392379 0.614971
v 0.489118 4.387258 0.618257
v 0.469915 4.379157 0.624229
v 0.452568 4.367951 0.632157
v 0.437739 4.353972 0.641073
v 0.426407 4.339569 0.652281
v 0.419386 4.326910 0.667349
v 0.416858 4.315091 0.684376
v 0.418777 4.302432 0.700723
v 0.424995 4.288418 0.714912
v 0.435346 4.274223 0.727019
v 0.449583 4.261422 0.737620
v 0.467069 4.250335 0.745992
v 0.487030 4.241065 0.751426
v 0.508551 4.234031 0.753703
v 0.530789 4.231220 0.754181
v 0.553027 4.234031 0.753703
v 0.574548 4.241065 0.751426
v 0.594509 4.250337 0.745993
v 0.611995 4.261422 0.737620
v 0.626232 4.274223 0.727019
v 0.636582 4.288418 0.714912
v 0.642801 4.302432 0.700723
v 0.644720 4.315091 0.684376
v 0.642192 4.326910 0.667349
v 0.635171 4.339569 0.652281
v 0.623839 4.353972 0.641073
v 0.609009 4.367951 0.632157
v 0.591663 4.379157 0.624229
v 0.572460 4.387258 0.618257
v 0.551954 4.392379 0.614971
v 0.530789 4.593050 0.839871
v 0.509624 4.591128 0.840542
v 0.489118 4.585622 0.843065
v 0.469915 4.576816 0.847816
v 0.452568 4.564677 0.854059
v 0.437739 4.549649 0.860888
v 0.426407 4.533924 0.869820
v 0.419386 4.519474 0.882721
v 0.416858 4.505618 0.897744
v 0.418777 4.490999 0.912024
v 0.424995 4.475292 0.923999
v 0.435346 4.459655 0.933917
v 0.449583 4.445593 0.942546
v 0.467069 4.433517 0.949214
v 0.487030 4.423613 0.953242
v 0.508551 4.416325 0.954478
v 0.530789 4.413476 0.954513
v 0.553027 4.416325 0.954478
v 0.574548 4.423613 0.953242
v 0.594509 4.433518 0.949214
v 0.611995 4.445593 0.942546
v 0.626232 4.459655 0.933917
v 0.636582 4.475292 0.923999
v 0.642801 4.490999 0.912024
v 0.644720 4.505618 0.897744
v 0.642192 4.519474 0.882721
v 0.635171 4.533924 0.869820
v 0.623839 4.549649 0.860888
v 0.609009 4.564677 0.854058
v 0.591663 4.576816 0.847815
v 0.572460 4.585622 0.843065
v 0.551954 4.591128 0.840542
v 0.530789 4.780705 1.085122
v 0.509624 4.778709 1.085531
v 0.489118 4.772908 1.087284
v 0.469915 4.763543 1.090749
v 0.452568 4.750670 1.095235
v 0.437739 4.734844 1.099909
v 0.426407 4.718052 1.106590
v 0.419386 4.702028 1.117320
v 0.416858 4.686329 1.130178
v 0.418777 4.669965 1.142217
v 0.424995 4.652805 1.151859
v 0.435346 4.635975 1.159492
v 0.449583 4.620881 1.166059
v 0.467069 4.608012 1.170955
v 0.487030 4.597641 1.173550
v 0.508551 4.590230 1.173752
v 0.530789 4.587395 1.173368
v 0.553027 4.590230 1.173751
v 0.574548 4.597641 1.173550
v 0.594509 4.608013 1.170956
v 0.611995 4.620881 1.166059
v 0.626232 4.635975 1.159492
v 0.636582 4.652805 1.151859
v 0.642801 4.669965 1.142217
v 0.644720 4.686329 1.130178
v 0.642192 4.702028 1.117320
v 0.635171 4.718052 1.106590
v 0.623839 4.734844 1.099909
v 0.609009 4.750670 1.095235
v 0.591663 4.763543 1.090749
v 0.572460 4.772908 1.087284
v 0.551954 4.778709 1.085531
v 0.530789 4.940777 1.361670
v 0.509624 4.938741 1.361565
v 0.489118 4.932703 1.361802
v 0.469915 4.922799 1.362828
v 0.452568 4.909249 1.363978
v 0.437739 4.892778 1.364592
v 0.426407 4.874913 1.366903
v 0.419386 4.856880 1.373276
v 0.416858 4.838687 1.381762
v 0.418777 4.820029 1.389305
v 0.424995 4.801135 1.394373
v 0.435346 4.783013 1.397610
v 0.449583 4.766820 1.400249
v 0.467069 4.753170 1.401833
v 0.487030 4.742473 1.401821
v 0.508551 4.735203 1.400236
v 0.530789 4.732528 1.399170
v 0.553027 4.735203 1.400236
v 0.574548 4.742473 1.401821
v 0.594509 4.753171 1.401834
v 0.611995 4.766820 1.400249
v 0.626232 4.783013 1.397610
v 0.636582 4.801135 1.394373
v 0.642801 4.820029 1.389305
v 0.644720 4.838687 1.381762
v 0.642192 4.856880 1.373276
v 0.635171 4.874913 1.366903
v 0.623839 4.892778 1.364592
v 0.609009 4.909249 1.363977
v 0.591663 4.922799 1.362828
v 0.572460 4.932703 1.361802
v 0.551954 4.938741 1.361565
v 0.530789 5.106352 1.667842
v 0.508708 5.104228 1.667732
v 0.487316 5.097929 1.667979
v 0.467282 5.087597 1.669050
v 0.449185 5.073460 1.670249
v 0.433715 5.056278 1.670890
v 0.421892 5.037639 1.673300
v 0.414567 5.018827 1.679949
v 0.411931 4.999846 1.688802
v 0.413932 4.980383 1.696672
v 0.420420 4.960670 1.701959
v 0.431218 4.941763 1.705336
v 0.446070 4.924870 1.708089
v 0.464312 4.910631 1.709741
v 0.485138 4.899471 1.709729
v 0.507589 4.891885 1.708076
v 0.530789 4.889095 1.706966
v 0.553989 4.891885 1.708076
v 0.576440 4.899471 1.709729
v 0.597265 4.910631 1.709742
v 0.615508 4.924870 1.708089
v 0.630360 4.941763 1.705336
v 0.641158 4.960670 1.701959
v 0.647645 4.980383 1.696672
v 0.649647 4.999846 1.688802
v 0.647011 5.018827 1.679949
v 0.639686 5.037639 1.673300
v 0.627863 5.056278 1.670890
v 0.612393 5.073460 1.670249
v 0.594296 5.087597 1.669050
v 0.574262 5.097929 1.667979
v 0.552869 5.104228 1.667732
v 0.459097 5.001293 1.497315
v 0.438668 4.985385 1.495378
v 0.579865 5.012958 1.498515
v 0.555715 5.019988 1.499696
v 0.556979 4.776607 1.495355
v 0.582324 4.784684 1.498940
v 0.421204 4.966214 1.492119
v 0.530789 5.022319 1.500309
v 0.605833 4.797051 1.501533
v 0.407858 4.945077 1.490485
v 0.626426 4.813161 1.502990
v 0.399589 4.922901 1.493508
v 0.643192 4.832433 1.503841
v 0.396613 4.900102 1.498935
v 0.655382 4.854059 1.504467
v 0.398872 4.876961 1.503161
v 0.662705 4.876961 1.503161
v 0.406196 4.854059 1.504467
v 0.664965 4.900102 1.498935
v 0.418386 4.832433 1.503841
v 0.661989 4.922901 1.493508
v 0.435152 4.813161 1.502990
v 0.653720 4.945077 1.490485
v 0.455745 4.797051 1.501532
v 0.640374 4.966214 1.492119
v 0.479254 4.784684 1.498940
v 0.505863 5.019988 1.499696
v 0.622909 4.985385 1.495377
v 0.504599 4.776607 1.495356
v 0.481713 5.012956 1.498515
v 0.602481 5.001293 1.497315
v 0.530789 4.773736 1.493481
v 0.530789 5.271316 2.199814
v 0.504135 5.268913 2.198841
v 0.478311 5.261590 2.196610
v 0.454127 5.249353 2.193718
v 0.432282 5.232699 2.189454
v 0.413607 5.212739 2.183334
v 0.399335 5.190496 2.178665
v 0.390493 5.166596 2.178796
v 0.387310 5.141742 2.181393
v 0.389727 5.116671 2.182666
v 0.397558 5.092205 2.180874
v 0.410593 5.069321 2.177208
v 0.428522 5.048967 2.173629
v 0.450543 5.032039 2.169846
v 0.475681 5.019224 2.165378
v 0.502783 5.011077 2.160452
v 0.530789 5.008255 2.158063
v 0.558795 5.011078 2.160452
v 0.585897 5.019224 2.165378
v 0.611035 5.032039 2.169847
v 0.633056 5.048967 2.173629
v 0.650985 5.069321 2.177208
v 0.664020 5.092205 2.180874
v 0.671851 5.116671 2.182666
v 0.674268 5.141742 2.181393
v 0.671085 5.166596 2.178796
v 0.662243 5.190496 2.178665
v 0.647971 5.212739 2.183334
v 0.629296 5.232699 2.189453
v 0.607451 5.249353 2.193717
v 0.583267 5.261590 2.196610
v 0.557443 5.268913 2.198841
v 0.421892 5.124732 1.919389
v 0.414567 5.105919 1.926038
v 0.615508 5.011964 1.954177
v 0.630360 5.028856 1.951424
v 0.411931 5.086940 1.934891
v 0.641158 5.047763 1.948048
v 0.413932 5.067475 1.942761
v 0.647645 5.067475 1.942761
v 0.420420 5.047763 1.948048
v 0.649647 5.086940 1.934891
v 0.431218 5.028856 1.951424
v 0.647011 5.105919 1.926038
v 0.446070 5.011964 1.954177
v 0.639686 5.124732 1.919389
v 0.464312 4.997724 1.955830
v 0.627863 5.143370 1.916979
v 0.485138 4.986565 1.955818
v 0.530789 5.193445 1.913931
v 0.508708 5.191322 1.913821
v 0.612393 5.160553 1.916337
v 0.507589 4.978979 1.954165
v 0.487316 5.185021 1.914068
v 0.594296 5.174691 1.915138
v 0.530789 4.976188 1.953055
v 0.467282 5.174691 1.915139
v 0.574262 5.185021 1.914068
v 0.553989 4.978979 1.954164
v 0.449185 5.160553 1.916338
v 0.552869 5.191322 1.913821
v 0.576440 4.986565 1.955818
v 0.433715 5.143370 1.916979
v 0.597265 4.997724 1.955831
v 0.530789 5.371054 2.803102
v 0.496104 5.367900 2.801924
v 0.462500 5.358303 2.799293
v 0.431030 5.342291 2.795983
v 0.402603 5.320491 2.791051
v 0.378301 5.294332 2.783827
v 0.359730 5.265249 2.778576
v 0.348224 5.234161 2.779630
v 0.344082 5.201914 2.783926
v 0.347227 5.169342 2.786509
v 0.357417 5.137458 2.785081
v 0.374380 5.107575 2.781158
v 0.397710 5.080982 2.777255
v 0.426366 5.058842 2.772959
v 0.459078 5.042027 2.767620
v 0.494345 5.031274 2.761513
v 0.530789 5.027526 2.758510
v 0.567233 5.031275 2.761513
v 0.602500 5.042027 2.767620
v 0.635213 5.058842 2.772960
v 0.663868 5.080982 2.777255
v 0.687198 5.107575 2.781158
v 0.704161 5.137458 2.785081
v 0.714351 5.169342 2.786509
v 0.717496 5.201914 2.783926
v 0.713354 5.234161 2.779630
v 0.701848 5.265249 2.778576
v 0.683276 5.294332 2.783827
v 0.658975 5.320491 2.791050
v 0.630548 5.342291 2.795982
v 0.599078 5.358303 2.799293
v 0.565474 5.367900 2.801924
v 0.530789 5.404095 3.081198
v 0.488079 5.400211 3.079747
v 0.573499 5.400211 3.079747
v 0.615821 5.007126 2.997465
v 0.654610 5.027065 3.003797
v 0.349975 5.306300 3.016683
v 0.327953 5.271815 3.010456
v 0.688589 5.053318 3.008889
v 0.314310 5.234952 3.011705
v 0.716253 5.084850 3.013517
v 0.309399 5.196716 3.016799
v 0.736367 5.120285 3.018169
v 0.313128 5.158092 3.019862
v 0.748450 5.158092 3.019862
v 0.325211 5.120285 3.018169
v 0.752179 5.196716 3.016799
v 0.345325 5.084850 3.013517
v 0.747268 5.234952 3.011705
v 0.372989 5.053318 3.008890
v 0.733624 5.271815 3.010456
v 0.406968 5.027065 3.003795
v 0.711603 5.306300 3.016683
v 0.445757 5.007126 2.997465
v 0.530789 5.397274 3.039537
v 0.489661 5.393534 3.038141
v 0.682787 5.337318 3.025248
v 0.487575 4.994377 2.990223
v 0.449814 5.382155 3.035022
v 0.649080 5.363169 3.031095
v 0.530789 4.989932 2.986662
v 0.412498 5.363169 3.031096
v 0.611764 5.382155 3.035021
v 0.574003 4.994378 2.990223
v 0.378791 5.337318 3.025248
v 0.571917 5.393534 3.038141
v 0.531564 -0.678509 -0.773895
v 0.485980 -0.680411 -0.769572
v 0.441817 -0.684954 -0.756319
v 0.400459 -0.691118 -0.734094
v 0.363100 -0.700070 -0.703878
v 0.331163 -0.712520 -0.667759
v 0.306756 -0.722721 -0.627309
v 0.291635 -0.724887 -0.583365
v 0.286192 -0.722947 -0.537439
v 0.290324 -0.723282 -0.491236
v 0.303716 -0.728791 -0.446433
v 0.326009 -0.737344 -0.404711
v 0.356670 -0.745495 -0.367628
v 0.394329 -0.753651 -0.336866
v 0.437321 -0.762564 -0.313726
v 0.483669 -0.771791 -0.299214
v 0.531564 -0.776153 -0.294245
v 0.579458 -0.771791 -0.299214
v 0.625806 -0.762564 -0.313726
v 0.668798 -0.753651 -0.336867
v 0.706457 -0.745495 -0.367629
v 0.737118 -0.737344 -0.404711
v 0.759411 -0.728791 -0.446433
v 0.772803 -0.723282 -0.491236
v 0.776936 -0.722947 -0.537439
v 0.771492 -0.724887 -0.583365
v 0.756371 -0.722721 -0.627309
v 0.731964 -0.712520 -0.667759
v 0.700027 -0.700070 -0.703878
v 0.662668 -0.691118 -0.734094
v 0.621310 -0.684954 -0.756319
v 0.577146 -0.680412 -0.769572
v 0.654733 -0.586266 -0.323081
v 0.688533 -0.578945 -0.350690
v 0.329796 -0.558505 -0.583757
v 0.316224 -0.560449 -0.544317
v 0.716051 -0.571630 -0.383972
v 0.311339 -0.558707 -0.503098
v 0.736059 -0.563953 -0.421419
v 0.315049 -0.559008 -0.461630
v 0.748079 -0.559008 -0.461630
v 0.327068 -0.563953 -0.421418
v 0.751788 -0.558707 -0.503098
v 0.347076 -0.571630 -0.383972
v 0.746903 -0.560449 -0.544317
v 0.374594 -0.578945 -0.350690
v 0.733331 -0.558505 -0.583757
v 0.408394 -0.586266 -0.323081
v 0.711426 -0.549349 -0.620061
v 0.446980 -0.594265 -0.302312
v 0.531564 -0.518824 -0.715319
v 0.490652 -0.520532 -0.711439
v 0.682761 -0.538176 -0.652478
v 0.488577 -0.602546 -0.289287
v 0.451015 -0.524609 -0.699544
v 0.649231 -0.530141 -0.679598
v 0.531564 -0.606461 -0.284828
v 0.413895 -0.530141 -0.679598
v 0.612112 -0.524608 -0.699545
v 0.574550 -0.602546 -0.289287
v 0.380366 -0.538175 -0.652478
v 0.572475 -0.520532 -0.711439
v 0.616148 -0.594265 -0.302312
v 0.351701 -0.549349 -0.620061
v 0.531564 -0.965565 -0.792708
v 0.469821 -0.968142 -0.786852
v 0.410001 -0.974295 -0.768901
v 0.353981 -0.982645 -0.738797
v 0.303378 -0.994770 -0.697869
v 0.260118 -1.011633 -0.648945
v 0.227058 -1.025451 -0.594156
v 0.206577 -1.028385 -0.534634
v 0.199204 -1.025756 -0.472426
v 0.204802 -1.026210 -0.409843
v 0.222942 -1.033673 -0.349157
v 0.253138 -1.045258 -0.292643
v 0.294668 -1.056298 -0.242415
v 0.345678 -1.067347 -0.200748
v 0.403911 -1.079418 -0.169404
v 0.466689 -1.091916 -0.149746
v 0.531564 -1.097825 -0.143017
v 0.596438 -1.091916 -0.149746
v 0.659217 -1.079418 -0.169404
v 0.717449 -1.067346 -0.200748
v 0.768459 -1.056299 -0.242415
v 0.809990 -1.045259 -0.292644
v 0.840186 -1.033673 -0.349157
v 0.858325 -1.026210 -0.409844
v 0.863923 -1.025756 -0.472426
v 0.856550 -1.028386 -0.534634
v 0.836069 -1.025451 -0.594156
v 0.803009 -1.011634 -0.648945
v 0.759749 -0.994770 -0.697870
v 0.709146 -0.982645 -0.738798
v 0.653126 -0.974295 -0.768901
v 0.593306 -0.968143 -0.786852
v 0.531564 -0.678509 -0.773895
v 0.485980 -0.680411 -0.769572
v 0.441817 -0.684954 -0.756319
v 0.400459 -0.691118 -0.734094
v 0.363100 -0.700070 -0.703878
v 0.331163 -0.712520 -0.667759
v 0.306756 -0.722721 -0.627309
v 0.291635 -0.724887 -0.583365
v 0.286192 -0.722947 -0.537439
v 0.290324 -0.723282 -0.491236
v 0.303716 -0.728791 -0.446433
v 0.326009 -0.737344 -0.404711
v 0.356670 -0.745495 -0.367628
v 0.394329 -0.753651 -0.336866
v 0.437321 -0.762564 -0.313726
v 0.483669 -0.771791 -0.299214
v 0.531564 -0.776153 -0.294245
v 0.579458 -0.771791 -0.299214
v 0.625806 -0.762564 -0.313726
v 0.668798 -0.753651 -0.336867
v 0.706457 -0.745495 -0.367629
v 0.737118 -0.737344 -0.404711
v 0.759411 -0.728791 -0.446433
v 0.772803 -0.723282 -0.491236
v 0.776936 -0.722947 -0.537439
v 0.771492 -0.724887 -0.583365
v 0.756371 -0.722721 -0.627309
v 0.731964 -0.712520 -0.667759
v 0.700027 -0.700070 -0.703878
v 0.662668 -0.691118 -0.734094
v 0.621310 -0.684954 -0.756319
v 0.577146 -0.680412 -0.769572
v 0.702433 -0.912485 -0.255310
v 0.749322 -0.902330 -0.293611
v 0.251658 -0.873974 -0.616936
v 0.232831 -0.876672 -0.562222
v 0.787497 -0.892182 -0.339782
v 0.226054 -0.874255 -0.505040
v 0.815253 -0.881532 -0.391730
v 0.231200 -0.874672 -0.447514
v 0.831927 -0.874672 -0.447514
v 0.247874 -0.881532 -0.391730
v 0.837073 -0.874255 -0.505040
v 0.275631 -0.892182 -0.339782
v 0.830296 -0.876672 -0.562223
v 0.313806 -0.902329 -0.293611
v 0.811469 -0.873974 -0.616936
v 0.360695 -0.912485 -0.255310
v 0.781080 -0.861273 -0.667300
v 0.414223 -0.923582 -0.226498
v 0.531564 -0.818926 -0.799448
v 0.474809 -0.821295 -0.794065
v 0.741315 -0.845772 -0.712271
v 0.471930 -0.935070 -0.208429
v 0.419821 -0.826951 -0.777564
v 0.694800 -0.834627 -0.749893
v 0.531564 -0.940502 -0.202243
v 0.368327 -0.834626 -0.749893
v 0.643305 -0.826951 -0.777564
v 0.591197 -0.935070 -0.208429
v 0.321812 -0.845772 -0.712271
v 0.588318 -0.821295 -0.794066
v 0.648904 -0.923582 -0.226498
v 0.282047 -0.861273 -0.667299
v 0.554965 5.313788 2.928247
v 0.492545 5.354081 2.933293
v 0.554965 5.313788 2.928247
v 0.539982 5.315152 2.928756
v 0.515816 5.315152 2.928756
v 0.512866 5.314883 2.928656
v 0.489165 5.310456 2.927334
v 0.515852 5.281907 3.510285
v 0.517129 5.301660 3.503670
v 0.541373 5.301571 3.503771
v 0.540040 5.281898 3.510284
v 0.518282 5.282128 3.510368
v 0.494600 5.277700 3.509047
v 0.491952 5.297531 3.502599
v 0.515687 5.301850 3.504024
v 0.549686 5.281021 3.509956
v 0.554917 5.300051 3.502964
v 0.515816 5.444896 3.076109
v 0.539982 5.444896 3.076109
v 0.539934 5.446885 3.095305
v 0.515864 5.446885 3.095305
v 0.467906 5.438175 3.073860
v 0.491592 5.442692 3.075286
v 0.491340 5.444654 3.094472
v 0.467752 5.440275 3.093141
v 0.576514 5.443557 3.094063
v 0.576239 5.441597 3.074877
v 0.515769 5.416149 3.292233
v 0.539874 5.416152 3.292242
v 0.539861 5.409438 3.310253
v 0.515744 5.409427 3.310259
v 0.471957 5.402920 3.307738
v 0.470809 5.409841 3.290133
v 0.494415 5.414253 3.291495
v 0.495593 5.407313 3.309057
v 0.572255 5.406847 3.309736
v 0.573249 5.413023 3.291135
v 0.486153 5.309597 2.927098
v 0.463833 5.300817 2.925060
v 0.460659 5.299202 2.924726
v 0.440514 5.286490 2.921956
v 0.437198 5.283947 2.921381
v 0.419771 5.268075 2.917355
v 0.416780 5.264857 2.916466
v 0.402587 5.246485 2.912339
v 0.400582 5.243345 2.911772
v 0.390435 5.222937 2.910392
v 0.389369 5.220056 2.910490
v 0.384005 5.198288 2.912334
v 0.383626 5.195340 2.912727
v 0.383294 5.172961 2.915098
v 0.383579 5.170015 2.915332
v 0.388207 5.147738 2.915720
v 0.389141 5.144814 2.915589
v 0.398480 5.123621 2.913746
v 0.400153 5.120675 2.913359
v 0.413774 5.101607 2.910716
v 0.416360 5.098660 2.910284
v 0.433654 5.082474 2.907557
v 0.437088 5.079821 2.907042
v 0.457276 5.067033 2.903871
v 0.461384 5.064921 2.903201
v 0.483638 5.055929 2.899453
v 0.488065 5.054578 2.898686
v 0.511584 5.049857 2.895714
v 0.515916 5.049411 2.895357
v 0.539882 5.049412 2.895357
v 0.544214 5.049858 2.895714
v 0.567734 5.054579 2.898686
v 0.572161 5.055929 2.899453
v 0.594415 5.064921 2.903202
v 0.598522 5.067033 2.903872
v 0.618711 5.079821 2.907043
v 0.622145 5.082474 2.907557
v 0.639439 5.098660 2.910283
v 0.642024 5.101607 2.910716
v 0.655646 5.120675 2.913359
v 0.657319 5.123621 2.913746
v 0.666657 5.144814 2.915589
v 0.667592 5.147738 2.915720
v 0.672220 5.170015 2.915332
v 0.672504 5.172961 2.915098
v 0.672173 5.195340 2.912727
v 0.671794 5.198288 2.912334
v 0.666430 5.220056 2.910490
v 0.665363 5.222937 2.910392
v 0.655217 5.243345 2.911772
v 0.653211 5.246485 2.912339
v 0.639018 5.264857 2.916466
v 0.636028 5.268075 2.917355
v 0.618600 5.283947 2.921381
v 0.615284 5.286490 2.921956
v 0.595140 5.299202 2.924726
v 0.591966 5.300817 2.925060
v 0.569645 5.309597 2.927098
v 0.474510 5.269551 3.507184
v 0.467873 5.288780 3.500789
v 0.490180 5.297400 3.502940
v 0.496706 5.278302 3.509212
v 0.476027 5.270324 3.507343
v 0.456143 5.257774 3.504612
v 0.445637 5.275639 3.498291
v 0.465639 5.288100 3.501125
v 0.456925 5.258374 3.504748
v 0.439836 5.242894 3.500825
v 0.425718 5.258592 3.494503
v 0.442824 5.274043 3.498481
v 0.440219 5.243306 3.500939
v 0.426182 5.225357 3.496883
v 0.408792 5.238171 3.490319
v 0.422791 5.256124 3.494433
v 0.426839 5.226386 3.497069
v 0.416563 5.206109 3.495675
v 0.396354 5.215533 3.489024
v 0.406800 5.235889 3.490582
v 0.417248 5.207958 3.495612
v 0.411733 5.186136 3.497453
v 0.389430 5.191943 3.491413
v 0.395406 5.214126 3.489787
v 0.411988 5.188122 3.497188
v 0.411578 5.165759 3.499564
v 0.388139 5.167840 3.494481
v 0.388958 5.190866 3.492277
v 0.411391 5.167696 3.499410
v 0.415915 5.145654 3.499817
v 0.392273 5.143833 3.495480
v 0.387984 5.166552 3.495261
v 0.415413 5.147223 3.499887
v 0.424511 5.126476 3.498099
v 0.401585 5.120521 3.494020
v 0.392650 5.141841 3.496026
v 0.423909 5.127537 3.498238
v 0.437192 5.108906 3.495656
v 0.415967 5.098796 3.491452
v 0.402798 5.117959 3.494248
v 0.436592 5.109589 3.495757
v 0.453510 5.093714 3.493088
v 0.434983 5.079848 3.488639
v 0.418081 5.096158 3.491490
v 0.452963 5.094137 3.493170
v 0.472751 5.081535 3.490060
v 0.457777 5.064561 3.485196
v 0.437960 5.077429 3.488442
v 0.472267 5.081784 3.490139
v 0.494161 5.072840 3.486444
v 0.483356 5.053572 3.480926
v 0.461444 5.062625 3.484711
v 0.493553 5.073026 3.486549
v 0.517003 5.068232 3.483569
v 0.510727 5.047472 3.477165
v 0.487230 5.052395 3.480244
v 0.515876 5.068348 3.483662
v 0.540014 5.068358 3.483664
v 0.538471 5.046834 3.476534
v 0.514065 5.047206 3.476724
v 0.538881 5.068242 3.483570
v 0.562333 5.073053 3.486554
v 0.565540 5.051709 3.479221
v 0.541506 5.047311 3.476442
v 0.561713 5.072865 3.486447
v 0.583607 5.081823 3.490144
v 0.591286 5.061736 3.482895
v 0.568802 5.052944 3.479335
v 0.583112 5.081568 3.490063
v 0.602894 5.094182 3.493174
v 0.614630 5.076202 3.485927
v 0.594413 5.063638 3.482951
v 0.602338 5.093752 3.493091
v 0.619246 5.109634 3.495759
v 0.634450 5.094437 3.488416
v 0.617212 5.078549 3.485890
v 0.618638 5.108942 3.495657
v 0.631913 5.127578 3.498239
v 0.649866 5.115668 3.490783
v 0.636307 5.096979 3.488352
v 0.631303 5.126504 3.498098
v 0.640395 5.147254 3.499886
v 0.660183 5.138896 3.492411
v 0.650942 5.118103 3.490728
v 0.639889 5.145669 3.499815
v 0.644409 5.167713 3.499408
v 0.665178 5.162982 3.491761
v 0.660603 5.140996 3.492212
v 0.644220 5.165759 3.499563
v 0.643811 5.188123 3.497188
v 0.664815 5.187015 3.488996
v 0.665134 5.164733 3.491390
v 0.644068 5.186121 3.497454
v 0.638557 5.207943 3.495614
v 0.659136 5.210489 3.486651
v 0.664436 5.188623 3.488607
v 0.639246 5.206081 3.495677
v 0.628978 5.226357 3.497070
v 0.648501 5.232794 3.487561
v 0.658463 5.212071 3.486521
v 0.629641 5.225319 3.496882
v 0.615614 5.243269 3.500937
v 0.633262 5.253307 3.491772
v 0.647319 5.234715 3.487941
v 0.616004 5.242848 3.500821
v 0.598924 5.258335 3.504744
v 0.614048 5.271400 3.496344
v 0.631336 5.255551 3.492491
v 0.599717 5.257727 3.504607
v 0.579839 5.270289 3.507339
v 0.591925 5.285943 3.499499
v 0.611920 5.273227 3.496892
v 0.581367 5.269512 3.507178
v 0.559174 5.278278 3.509209
v 0.567851 5.295958 3.501791
v 0.590138 5.287075 3.499912
v 0.554870 5.299922 3.503097
v 0.549680 5.280990 3.509953
v 0.750320 5.089231 3.045495
v 0.736503 5.070229 3.042579
v 0.739507 5.070024 3.063727
v 0.752721 5.088596 3.066322
v 0.762261 5.110267 3.048256
v 0.765260 5.110687 3.069223
v 0.774313 5.131337 3.071000
v 0.771885 5.131423 3.050466
v 0.269731 5.198745 3.049561
v 0.269967 5.221146 3.047302
v 0.267640 5.222090 3.067340
v 0.267343 5.199546 3.069817
v 0.271928 5.175988 3.051365
v 0.269570 5.176477 3.071646
v 0.274099 5.154450 3.072035
v 0.276794 5.153698 3.051464
v 0.779004 5.153698 3.051464
v 0.781700 5.154450 3.072035
v 0.786228 5.176477 3.071646
v 0.783870 5.175988 3.051365
v 0.283914 5.131423 3.050466
v 0.281486 5.131337 3.071000
v 0.290539 5.110687 3.069223
v 0.293538 5.110267 3.048256
v 0.786068 5.198745 3.049561
v 0.788455 5.199546 3.069817
v 0.788159 5.222090 3.067340
v 0.785831 5.221146 3.047302
v 0.305479 5.089231 3.045495
v 0.303078 5.088596 3.066322
v 0.316292 5.070024 3.063727
v 0.319296 5.070229 3.042579
v 0.782931 5.243725 3.044294
v 0.785246 5.244765 3.064320
v 0.779975 5.266782 3.062195
v 0.777605 5.265508 3.042495
v 0.335974 5.051219 3.039789
v 0.333767 5.050105 3.060804
v 0.350617 5.034272 3.058114
v 0.353433 5.035129 3.036797
v 0.769532 5.287322 3.041755
v 0.771735 5.289044 3.061440
v 0.761615 5.309386 3.062825
v 0.759400 5.307738 3.043154
v 0.374140 5.019130 3.033692
v 0.372257 5.017553 3.054869
v 0.392023 5.004976 3.051727
v 0.394463 5.006471 3.030251
v 0.746084 5.328591 3.046919
v 0.747843 5.330952 3.066719
v 0.733807 5.348948 3.070925
v 0.732008 5.347066 3.051217
v 0.418248 4.994245 3.026370
v 0.416800 4.992241 3.047684
v 0.438762 4.983306 3.043920
v 0.440585 4.985389 3.022385
v 0.494494 5.424646 3.224043
v 0.470774 5.420098 3.223922
v 0.469657 5.429224 3.209322
v 0.493284 5.433620 3.209482
v 0.714199 5.366238 3.056511
v 0.715387 5.368776 3.076399
v 0.698296 5.384273 3.080354
v 0.696944 5.382328 3.060844
v 0.466185 4.977582 3.017951
v 0.465283 4.975220 3.039327
v 0.488783 4.970409 3.036162
v 0.489717 4.972905 3.014911
v 0.444297 5.431433 3.072012
v 0.443746 5.433420 3.091262
v 0.421609 5.424758 3.089213
v 0.422025 5.422513 3.069808
v 0.676254 5.398194 3.064433
v 0.676993 5.400610 3.084050
v 0.657142 5.413080 3.086798
v 0.656213 5.411096 3.067447
v 0.515916 4.970211 3.012752
v 0.515836 4.967627 3.033933
v 0.539963 4.967628 3.033933
v 0.539882 4.970211 3.012752
v 0.399585 5.411096 3.067448
v 0.398656 5.413080 3.086799
v 0.378805 5.400610 3.084051
v 0.379544 5.398194 3.064434
v 0.633773 5.422513 3.069808
v 0.634189 5.424758 3.089213
v 0.612053 5.433420 3.091261
v 0.611501 5.431433 3.072012
v 0.566082 4.972906 3.014911
v 0.567016 4.970411 3.036162
v 0.590516 4.975221 3.039327
v 0.589614 4.977583 3.017951
v 0.358855 5.382328 3.060845
v 0.357502 5.384273 3.080355
v 0.340411 5.368776 3.076400
v 0.341600 5.366238 3.056511
v 0.576224 5.441507 3.074773
v 0.576516 5.443568 3.094043
v 0.615213 4.985389 3.022385
v 0.617037 4.983307 3.043920
v 0.638999 4.992241 3.047684
v 0.637550 4.994245 3.026370
v 0.323790 5.347066 3.051217
v 0.321991 5.348948 3.070925
v 0.307955 5.330952 3.066719
v 0.309714 5.328591 3.046919
v 0.661336 5.006471 3.030253
v 0.663775 5.004976 3.051728
v 0.683542 5.017553 3.054871
v 0.681659 5.019130 3.033694
v 0.296398 5.307738 3.043154
v 0.294184 5.309386 3.062825
v 0.284063 5.289044 3.061440
v 0.286267 5.287322 3.041755
v 0.702366 5.035129 3.036797
v 0.705181 5.034272 3.058114
v 0.722032 5.050105 3.060804
v 0.719825 5.051219 3.039788
v 0.278193 5.265508 3.042495
v 0.275824 5.266782 3.062195
v 0.270552 5.244765 3.064320
v 0.272867 5.243725 3.044294
v 0.736625 5.083074 3.266438
v 0.723372 5.064507 3.263835
v 0.723912 5.062733 3.284696
v 0.737126 5.081330 3.287315
v 0.284601 5.184318 3.268375
v 0.285063 5.206903 3.265749
v 0.289627 5.204953 3.285352
v 0.289458 5.182436 3.287875
v 0.747836 5.100536 3.289741
v 0.756885 5.121191 3.291527
v 0.756622 5.122808 3.270626
v 0.747554 5.102084 3.268860
v 0.290741 5.163299 3.289986
v 0.295322 5.141294 3.290429
v 0.291120 5.142214 3.270599
v 0.286652 5.164340 3.270009
v 0.763078 5.141167 3.292320
v 0.767603 5.163133 3.291916
v 0.767592 5.164816 3.270769
v 0.763167 5.142632 3.271393
v 0.300976 5.121779 3.290066
v 0.310036 5.101118 3.288290
v 0.306794 5.101440 3.267987
v 0.297720 5.122139 3.269773
v 0.769315 5.182909 3.290236
v 0.769029 5.205348 3.287769
v 0.769238 5.207136 3.266374
v 0.769766 5.184482 3.269051
v 0.320194 5.082145 3.286251
v 0.333407 5.063546 3.283643
v 0.331169 5.063694 3.262947
v 0.317922 5.082257 3.265554
v 0.766294 5.224604 3.285040
v 0.761040 5.246575 3.282957
v 0.761636 5.248347 3.261778
v 0.767065 5.226395 3.263654
v 0.347950 5.046234 3.281482
v 0.364801 5.030378 3.278774
v 0.363498 5.030633 3.257802
v 0.346598 5.046449 3.260515
v 0.753707 5.265383 3.282085
v 0.743570 5.285735 3.283483
v 0.744810 5.287658 3.262400
v 0.754848 5.267443 3.261010
v 0.383125 5.015683 3.276246
v 0.402895 5.003084 3.273083
v 0.402358 5.003695 3.251911
v 0.382528 5.016224 3.255106
v 0.731379 5.304020 3.286496
v 0.717312 5.322002 3.290702
v 0.719119 5.324540 3.269752
v 0.733027 5.306555 3.265687
v 0.424132 4.991751 3.269793
v 0.446095 4.982800 3.266010
v 0.446074 4.983955 3.244711
v 0.424081 4.992781 3.248529
v 0.701093 5.338750 3.294981
v 0.683982 5.354221 3.298958
v 0.686089 5.357635 3.278520
v 0.703155 5.342066 3.274459
v 0.468997 4.975481 3.262188
v 0.492493 4.970662 3.259024
v 0.492665 4.972419 3.237848
v 0.469239 4.977099 3.240851
v 0.452235 5.397092 3.305815
v 0.430059 5.388391 3.303794
v 0.427743 5.395170 3.286424
v 0.449884 5.403874 3.288493
v 0.665526 5.367746 3.301591
v 0.645649 5.380207 3.304347
v 0.647740 5.384597 3.284481
v 0.667598 5.372066 3.281680
v 0.515890 4.968038 3.257193
v 0.540023 4.968044 3.257205
v 0.539994 4.970202 3.236063
v 0.516027 4.970202 3.236062
v 0.411099 5.378647 3.301620
v 0.391232 5.366151 3.298895
v 0.387819 5.372408 3.281511
v 0.407689 5.384944 3.284319
v 0.626113 5.389609 3.305799
v 0.603938 5.398269 3.307847
v 0.605678 5.403617 3.288596
v 0.627809 5.394917 3.286533
v 0.563417 4.970381 3.259163
v 0.586923 4.975201 3.262335
v 0.586627 4.977472 3.241133
v 0.563230 4.972798 3.238137
v 0.373432 5.352509 3.295824
v 0.356356 5.337064 3.291882
v 0.352085 5.342450 3.274216
v 0.369171 5.358029 3.278287
v 0.573246 5.413014 3.291098
v 0.572261 5.406875 3.309714
v 0.609920 4.982242 3.266306
v 0.631887 4.991182 3.270078
v 0.631462 4.993449 3.249055
v 0.609484 4.984635 3.245250
v 0.340733 5.320383 3.287425
v 0.326717 5.302431 3.283312
v 0.322035 5.306929 3.265375
v 0.335963 5.324930 3.269433
v 0.653414 5.002310 3.273571
v 0.673189 5.014899 3.276722
v 0.672653 5.017070 3.255824
v 0.652819 5.004549 3.252635
v 0.314958 5.284405 3.280365
v 0.304874 5.264009 3.279025
v 0.299994 5.267729 3.260607
v 0.310039 5.287947 3.261993
v 0.691966 5.029506 3.279508
v 0.708823 5.045356 3.282213
v 0.708238 5.047341 3.261352
v 0.691329 5.031527 3.258641
v 0.297689 5.245672 3.280161
v 0.292537 5.223610 3.282231
v 0.287507 5.226481 3.263116
v 0.292904 5.248399 3.261283
v 0.576358 5.424991 3.220193
v 0.578165 5.432904 3.203152
v 0.541865 5.435987 3.207178
v 0.541344 5.427377 3.222870
v 0.517148 5.427049 3.224569
v 0.517797 5.435841 3.208880
v 0.772673 5.125115 3.156797
v 0.770288 5.127441 3.136460
v 0.761001 5.106932 3.133091
v 0.763497 5.104630 3.153497
v 0.280973 5.145434 3.191505
v 0.275701 5.145865 3.172293
v 0.271155 5.167793 3.174448
v 0.276455 5.167292 3.193679
v 0.784289 5.169712 3.161091
v 0.782429 5.171605 3.140434
v 0.777942 5.149594 3.138917
v 0.779799 5.147823 3.159549
v 0.296034 5.102895 3.184058
v 0.292264 5.102827 3.163842
v 0.283223 5.123258 3.168531
v 0.287134 5.123373 3.188662
v 0.785652 5.215072 3.161283
v 0.784470 5.216660 3.140284
v 0.785052 5.194191 3.140430
v 0.786123 5.192670 3.161364
v 0.320198 5.063385 3.173404
v 0.317944 5.063397 3.152543
v 0.304727 5.081676 3.158090
v 0.307153 5.081770 3.178977
v 0.776810 5.259478 3.161334
v 0.776540 5.260900 3.140234
v 0.782007 5.239156 3.139467
v 0.782251 5.237618 3.160637
v 0.353060 5.028592 3.162352
v 0.352147 5.029072 3.141074
v 0.335208 5.044566 3.146729
v 0.336311 5.044180 3.167964
v 0.758074 5.301083 3.167528
v 0.758891 5.302789 3.146102
v 0.768916 5.282798 3.142029
v 0.768283 5.281018 3.163101
v 0.393146 5.000183 3.150565
v 0.393302 5.001454 3.129024
v 0.373354 5.013581 3.135075
v 0.373442 5.012426 3.156469
v 0.730415 5.338709 3.181102
v 0.732274 5.341255 3.159741
v 0.746104 5.323546 3.152761
v 0.744480 5.321119 3.173870
v 0.438647 4.979443 3.137686
v 0.439513 4.981750 3.116060
v 0.417328 4.990065 3.122530
v 0.416758 4.987934 3.143977
v 0.695352 5.371734 3.195729
v 0.697976 5.375450 3.175161
v 0.714957 5.360205 3.168123
v 0.712480 5.356661 3.188851
v 0.487535 4.967389 3.125438
v 0.488573 4.970764 3.104247
v 0.464960 4.974986 3.109455
v 0.464143 4.971780 3.130817
v 0.448598 5.413699 3.222288
v 0.426323 5.404984 3.220913
v 0.423364 5.413868 3.206967
v 0.445585 5.422456 3.208389
v 0.654758 5.398304 3.206905
v 0.657726 5.403412 3.187314
v 0.677527 5.391209 3.181737
v 0.674707 5.386279 3.201379
v 0.538027 4.964905 3.119506
v 0.538492 4.969059 3.098811
v 0.514417 4.968902 3.100453
v 0.513935 4.964782 3.121264
v 0.384997 5.381938 3.216077
v 0.380309 5.390008 3.202229
v 0.400337 5.402333 3.204946
v 0.405018 5.394285 3.218707
v 0.610495 5.416540 3.215323
v 0.613296 5.423120 3.196886
v 0.635376 5.414746 3.192340
v 0.632769 5.408365 3.210743
v 0.588487 4.972107 3.122157
v 0.588044 4.976654 3.101703
v 0.564554 4.972126 3.099885
v 0.564879 4.967510 3.120181
v 0.347593 5.351928 3.208230
v 0.341542 5.358714 3.193860
v 0.358915 5.373962 3.198367
v 0.364946 5.367033 3.212563
v 0.578157 5.432885 3.203048
v 0.576410 5.425178 3.220097
v 0.637153 4.988464 3.128840
v 0.635855 4.993062 3.108715
v 0.613728 4.984513 3.105588
v 0.615008 4.979824 3.125691
v 0.315465 5.316244 3.197860
v 0.308737 5.321710 3.182750
v 0.322985 5.339383 3.187711
v 0.329827 5.333807 3.202838
v 0.681845 5.013172 3.135485
v 0.679791 5.017471 3.115547
v 0.659770 5.005198 3.112457
v 0.661887 5.000833 3.132413
v 0.291728 5.276238 3.190960
v 0.284767 5.280500 3.174953
v 0.294922 5.300553 3.177675
v 0.302034 5.296405 3.193772
v 0.720416 5.045165 3.142052
v 0.717857 5.048880 3.122095
v 0.700733 5.033296 3.118905
v 0.703383 5.029531 3.138874
v 0.278437 5.233430 3.191104
v 0.271467 5.236372 3.173963
v 0.276701 5.258233 3.174010
v 0.283590 5.255409 3.191090
v 0.734958 5.067698 3.125564
v 0.737746 5.064675 3.145707
v 0.751142 5.083057 3.149354
v 0.748461 5.086031 3.129209
v 0.268863 5.213415 3.174870
v 0.275175 5.211801 3.193131
v 0.275052 5.189378 3.193253
v 0.268619 5.190925 3.175086
v 0.515805 5.379323 3.398758
v 0.539882 5.379323 3.398762
v 0.544271 5.374247 3.421799
v 0.519073 5.374289 3.421726
v 0.505015 5.373971 3.421720
v 0.480211 5.369429 3.420195
v 0.476665 5.373482 3.396897
v 0.500252 5.377875 3.398230
v 0.570613 5.370865 3.420379
v 0.567483 5.376806 3.397825
v 0.710931 5.090595 3.375833
v 0.697717 5.072040 3.373268
v 0.696252 5.067561 3.396504
v 0.709667 5.086366 3.399046
v 0.315664 5.175639 3.378021
v 0.316036 5.198186 3.375499
v 0.317339 5.198541 3.399608
v 0.316995 5.176298 3.401971
v 0.717515 5.099698 3.400853
v 0.726786 5.120909 3.402760
v 0.728172 5.125489 3.379367
v 0.719112 5.104750 3.377664
v 0.318078 5.161614 3.403195
v 0.322642 5.139583 3.403681
v 0.321567 5.139046 3.379727
v 0.317045 5.161125 3.379170
v 0.731161 5.133963 3.403389
v 0.735880 5.157348 3.403213
v 0.737586 5.162259 3.379255
v 0.733075 5.139953 3.379958
v 0.326928 5.124941 3.403097
v 0.336135 5.103983 3.401358
v 0.335406 5.103593 3.377292
v 0.326348 5.124261 3.379069
v 0.737024 5.168672 3.402330
v 0.736692 5.193780 3.399546
v 0.738896 5.199039 3.375448
v 0.739301 5.176216 3.378084
v 0.343639 5.089932 3.399606
v 0.357103 5.070996 3.396906
v 0.356842 5.070749 3.372842
v 0.343623 5.089304 3.375422
v 0.735319 5.203826 3.398174
v 0.729691 5.228976 3.395011
v 0.732048 5.234705 3.371880
v 0.737451 5.212687 3.373599
v 0.367867 5.058122 3.395113
v 0.385040 5.041996 3.392361
v 0.385202 5.042007 3.368273
v 0.368342 5.057822 3.370952
v 0.725644 5.240030 3.394658
v 0.715186 5.262462 3.395041
v 0.716997 5.268872 3.372794
v 0.727066 5.248617 3.371398
v 0.398528 5.031067 3.390353
v 0.418726 5.018240 3.387195
v 0.419263 5.018602 3.363015
v 0.399481 5.031152 3.366170
v 0.707449 5.275268 3.397519
v 0.693182 5.294052 3.401361
v 0.694168 5.300954 3.379326
v 0.708121 5.282938 3.375321
v 0.434161 5.009826 3.384691
v 0.456688 5.000696 3.380905
v 0.457604 5.001454 3.356606
v 0.435633 5.010337 3.360381
v 0.682412 5.306542 3.405048
v 0.664849 5.322556 3.409019
v 0.664987 5.329631 3.386950
v 0.682081 5.314096 3.382936
v 0.473054 4.995238 3.378089
v 0.497104 4.990350 3.374743
v 0.498504 4.991503 3.350688
v 0.475044 4.996235 3.353612
v 0.442813 5.357332 3.417206
v 0.439239 5.360374 3.393669
v 0.461371 5.369058 3.395698
v 0.466025 5.366338 3.419513
v 0.652762 5.332717 3.411605
v 0.632084 5.345859 3.414278
v 0.631239 5.352864 3.392122
v 0.651092 5.340368 3.389367
v 0.513916 4.988244 3.373386
v 0.538247 4.988192 3.373063
v 0.540019 4.989839 3.349292
v 0.516015 4.989842 3.349279
v 0.428678 5.351125 3.416104
v 0.407942 5.338114 3.413192
v 0.404586 5.340279 3.389347
v 0.424455 5.352786 3.392111
v 0.619333 5.353261 3.416138
v 0.596220 5.362502 3.417995
v 0.594339 5.369107 3.395705
v 0.616461 5.360427 3.393679
v 0.555633 4.989717 3.374516
v 0.579006 4.994409 3.377432
v 0.580760 4.996694 3.353748
v 0.557330 4.991971 3.350813
v 0.394416 5.328764 3.411210
v 0.376524 5.312497 3.407129
v 0.373579 5.313961 3.382898
v 0.390700 5.329521 3.386930
v 0.567483 5.376806 3.397809
v 0.570661 5.370772 3.420548
v 0.596427 4.999485 3.380457
v 0.618252 5.008331 3.384133
v 0.619730 5.011226 3.360648
v 0.597755 5.002356 3.356855
v 0.364663 5.300814 3.403988
v 0.350007 5.282055 3.399412
v 0.347575 5.282772 3.375292
v 0.361552 5.300819 3.379296
v 0.634448 5.016374 3.386783
v 0.654218 5.028933 3.389892
v 0.655490 5.032336 3.366551
v 0.635705 5.019797 3.363386
v 0.340975 5.269081 3.397165
v 0.330565 5.248466 3.395276
v 0.328597 5.248418 3.371401
v 0.338673 5.268672 3.372758
v 0.668172 5.039378 3.391989
v 0.685150 5.055302 3.394644
v 0.686360 5.059134 3.371380
v 0.669504 5.043326 3.368707
v 0.324944 5.234670 3.395845
v 0.319554 5.212904 3.397620
v 0.317936 5.212369 3.373614
v 0.323316 5.234262 3.371879
v 0.470769 5.423086 3.124608
v 0.494353 5.427486 3.125900
v 0.495000 5.423699 3.148232
v 0.471378 5.419305 3.146970
v 0.573499 5.422850 3.147740
v 0.573501 5.426390 3.125491
v 0.750257 5.113528 3.101985
v 0.752261 5.111080 3.122148
v 0.761349 5.131810 3.123936
v 0.759308 5.134178 3.103767
v 0.285441 5.176559 3.104255
v 0.286857 5.174988 3.126721
v 0.291469 5.152878 3.126928
v 0.289986 5.154532 3.104678
v 0.765813 5.154532 3.104678
v 0.767482 5.152586 3.125248
v 0.772140 5.174677 3.124996
v 0.770358 5.176559 3.104255
v 0.296491 5.134178 3.103767
v 0.297594 5.132662 3.125903
v 0.306673 5.111968 3.124095
v 0.305541 5.113528 3.101985
v 0.772313 5.196811 3.102649
v 0.773504 5.195379 3.123803
v 0.773281 5.217925 3.121642
v 0.771931 5.219341 3.100346
v 0.316613 5.094024 3.099424
v 0.317264 5.092521 3.121387
v 0.330484 5.073945 3.118842
v 0.329845 5.075459 3.096876
v 0.769379 5.239214 3.097699
v 0.770023 5.238095 3.119350
v 0.764637 5.259977 3.117532
v 0.763867 5.261146 3.096080
v 0.345299 5.057844 3.094291
v 0.345440 5.056232 3.116050
v 0.362307 5.040374 3.113440
v 0.362170 5.042025 3.091660
v 0.756643 5.280666 3.095418
v 0.756833 5.279445 3.117157
v 0.746783 5.299647 3.118516
v 0.746528 5.301011 3.096791
v 0.381322 5.027227 3.088789
v 0.381005 5.025332 3.110298
v 0.400801 5.012696 3.107291
v 0.401109 5.014672 3.085723
v 0.734394 5.320012 3.100221
v 0.734285 5.318298 3.122149
v 0.720359 5.336281 3.126178
v 0.720470 5.338098 3.104149
v 0.423039 5.003401 3.082144
v 0.422378 5.001066 3.103386
v 0.444375 4.992055 3.099831
v 0.445025 4.994508 3.078509
v 0.704175 5.355638 3.108992
v 0.703896 5.353328 3.131142
v 0.686781 5.368837 3.134969
v 0.687104 5.371159 3.112890
v 0.468466 4.987361 3.074450
v 0.467651 4.984485 3.095400
v 0.491166 4.979706 3.092507
v 0.491999 4.982676 3.071647
v 0.427561 5.408371 3.120973
v 0.449686 5.417066 3.122958
v 0.450664 5.413371 3.145351
v 0.428507 5.404682 3.143374
v 0.668283 5.385592 3.116155
v 0.667955 5.382801 3.138314
v 0.648094 5.395288 3.140988
v 0.648447 5.398089 3.118845
v 0.515836 4.980224 3.069682
v 0.515160 4.976791 3.090120
v 0.539171 4.976782 3.090134
v 0.539963 4.980224 3.069682
v 0.407351 5.398089 3.118846
v 0.408630 5.394605 3.141279
v 0.388741 5.382097 3.138620
v 0.387515 5.385592 3.116156
v 0.628238 5.408371 3.120972
v 0.628011 5.405173 3.143167
v 0.605894 5.413846 3.145163
v 0.606112 5.417066 3.122957
v 0.563800 4.982676 3.071647
v 0.563733 4.978808 3.091662
v 0.587081 4.983515 3.094600
v 0.587333 4.987361 3.074450
v 0.368695 5.371159 3.112891
v 0.370176 5.367991 3.135390
v 0.353047 5.352453 3.131564
v 0.351623 5.355638 3.108993
v 0.573499 5.426379 3.125510
v 0.573500 5.422852 3.147750
v 0.610774 4.994509 3.078509
v 0.611539 4.990499 3.098327
v 0.633429 4.999429 3.101953
v 0.632760 5.003401 3.082145
v 0.335329 5.338098 3.104149
v 0.336863 5.335317 3.126754
v 0.322939 5.317324 3.122695
v 0.321404 5.320012 3.100221
v 0.654690 5.014672 3.085724
v 0.656155 5.010825 3.105362
v 0.675925 5.023445 3.108411
v 0.674476 5.027227 3.088790
v 0.309271 5.301011 3.096791
v 0.310808 5.298677 3.119264
v 0.300743 5.278450 3.117929
v 0.299156 5.280666 3.095418
v 0.693628 5.042025 3.091660
v 0.695573 5.038580 3.111314
v 0.712441 5.054464 3.113932
v 0.710499 5.057844 3.094290
v 0.291931 5.261146 3.096080
v 0.293516 5.259247 3.118549
v 0.288086 5.237281 3.120461
v 0.286420 5.239214 3.097699
v 0.516155 5.425708 3.148934
v 0.515864 5.429443 3.126630
v 0.539934 5.429443 3.126630
v 0.540258 5.425706 3.148903
v 0.741301 5.091143 3.119263
v 0.739186 5.094024 3.099424
v 0.725953 5.075459 3.096875
v 0.728080 5.072526 3.116727
v 0.285141 5.195053 3.125208
v 0.283485 5.196811 3.102649
v 0.283867 5.219341 3.100346
v 0.285441 5.217677 3.123035
v 0.539562 5.404315 3.245097
v 0.515461 5.404338 3.244154
v 0.516128 5.412191 3.228631
v 0.540286 5.412090 3.229669
v 0.496456 5.410709 3.228558
v 0.497303 5.402608 3.242902
v 0.473717 5.398158 3.240951
v 0.472806 5.406332 3.226508
v 0.712453 5.072933 3.243272
v 0.725619 5.091619 3.245231
v 0.724331 5.094057 3.223938
v 0.711176 5.075397 3.221989
v 0.301331 5.209655 3.223146
v 0.300883 5.187034 3.226679
v 0.295011 5.188254 3.208498
v 0.295688 5.210533 3.204864
v 0.569880 5.401583 3.245465
v 0.571794 5.408615 3.228653
v 0.743071 5.131528 3.226464
v 0.734036 5.110814 3.225593
v 0.735090 5.108755 3.246891
v 0.744199 5.129536 3.247839
v 0.302033 5.148126 3.211720
v 0.297641 5.170097 3.209823
v 0.302283 5.170046 3.229101
v 0.306859 5.147887 3.230801
v 0.753595 5.170964 3.224890
v 0.748944 5.148931 3.226519
v 0.749629 5.147211 3.247906
v 0.754434 5.169353 3.246585
v 0.317776 5.109551 3.211085
v 0.308736 5.130302 3.211233
v 0.312193 5.130450 3.231246
v 0.321306 5.109661 3.231031
v 0.755466 5.210698 3.218941
v 0.755686 5.188152 3.222669
v 0.755913 5.186617 3.244387
v 0.755887 5.209270 3.240887
v 0.341626 5.073997 3.208638
v 0.328375 5.092705 3.209527
v 0.330647 5.092678 3.230159
v 0.343907 5.073996 3.229267
v 0.748358 5.249577 3.212655
v 0.753843 5.227577 3.215771
v 0.753530 5.225954 3.237693
v 0.748223 5.247999 3.234266
v 0.372735 5.042993 3.206345
v 0.355849 5.058951 3.207334
v 0.357089 5.058509 3.228403
v 0.373990 5.042556 3.227412
v 0.732540 5.286911 3.210996
v 0.742751 5.266506 3.211134
v 0.741855 5.264508 3.232559
v 0.731763 5.284837 3.232176
v 0.409751 5.017754 3.203451
v 0.389965 5.030455 3.204941
v 0.390487 5.029379 3.226260
v 0.410297 5.016654 3.224774
v 0.708547 5.322178 3.215321
v 0.722517 5.303978 3.213024
v 0.720932 5.301366 3.233803
v 0.706979 5.319492 3.236136
v 0.451180 4.999185 3.199267
v 0.429236 5.008254 3.201458
v 0.429387 5.006418 3.222904
v 0.451350 4.997306 3.220737
v 0.677667 5.354018 3.220952
v 0.694766 5.338325 3.218740
v 0.692484 5.334837 3.238908
v 0.675355 5.350513 3.241112
v 0.495315 4.988337 3.195127
v 0.471840 4.993217 3.196771
v 0.471936 4.990613 3.218275
v 0.495366 4.985718 3.216609
v 0.453396 5.400879 3.225454
v 0.455923 5.392984 3.239137
v 0.433829 5.384202 3.236794
v 0.431208 5.392159 3.223033
v 0.641691 5.380223 3.224415
v 0.661577 5.367564 3.223318
v 0.658900 5.362969 3.242557
v 0.639022 5.375598 3.243670
v 0.540134 4.986389 3.195149
v 0.516007 4.986433 3.194300
v 0.516220 4.983256 3.215740
v 0.540171 4.983243 3.216729
v 0.392754 5.370043 3.218504
v 0.412604 5.382638 3.221287
v 0.416686 5.375389 3.234814
v 0.396887 5.362756 3.232120
v 0.601958 5.399038 3.226732
v 0.624151 5.390178 3.226205
v 0.621593 5.384357 3.244283
v 0.599455 5.393150 3.244845
v 0.584027 4.993563 3.200961
v 0.560507 4.988687 3.197513
v 0.560993 4.985255 3.218998
v 0.584286 4.990159 3.222569
v 0.358577 5.340880 3.211818
v 0.375498 5.356557 3.215475
v 0.380825 5.350316 3.229411
v 0.363841 5.334602 3.225850
v 0.571771 5.408534 3.228695
v 0.569879 5.401580 3.245450
v 0.625954 5.008981 3.208932
v 0.604050 4.999854 3.204909
v 0.604875 4.996459 3.226436
v 0.626659 5.005623 3.230360
v 0.330065 5.306211 3.203722
v 0.343819 5.324421 3.207209
v 0.349856 5.319365 3.222008
v 0.336085 5.301205 3.218509
v 0.664475 5.031506 3.215337
v 0.644793 5.018786 3.212219
v 0.645888 5.015594 3.233588
v 0.665548 5.028361 3.236648
v 0.309233 5.268288 3.199803
v 0.319372 5.288656 3.200344
v 0.325632 5.284787 3.216108
v 0.315551 5.264507 3.215649
v 0.697776 5.060228 3.220090
v 0.680996 5.044297 3.217741
v 0.682270 5.041432 3.239030
v 0.699055 5.057403 3.241369
v 0.297375 5.228719 3.202874
v 0.303111 5.250454 3.199983
v 0.309304 5.248084 3.216952
v 0.303692 5.226138 3.220020
v 0.475578 5.384070 3.318531
v 0.499083 5.388658 3.321151
v 0.500783 5.378739 3.339170
v 0.477253 5.374182 3.336538
v 0.566554 5.377641 3.344037
v 0.568191 5.386892 3.324985
v 0.729491 5.128680 3.344556
v 0.720435 5.107944 3.344504
v 0.717080 5.107022 3.366866
v 0.726246 5.127927 3.367109
v 0.316938 5.142975 3.314007
v 0.312671 5.165036 3.310737
v 0.320319 5.165050 3.331828
v 0.324710 5.142778 3.334946
v 0.739366 5.165671 3.341262
v 0.734580 5.143685 3.343952
v 0.730584 5.142233 3.366488
v 0.735502 5.164660 3.364244
v 0.331429 5.106860 3.316213
v 0.322440 5.127702 3.314910
v 0.329092 5.128663 3.336329
v 0.338165 5.107767 3.337589
v 0.741208 5.202657 3.333623
v 0.741243 5.180201 3.338620
v 0.736620 5.178121 3.361744
v 0.736660 5.201179 3.356860
v 0.353676 5.073331 3.316775
v 0.340455 5.092134 3.316188
v 0.345918 5.093812 3.338021
v 0.359192 5.075026 3.338673
v 0.734573 5.238708 3.325570
v 0.739950 5.216780 3.330092
v 0.734889 5.213995 3.353490
v 0.729641 5.236337 3.348243
v 0.382815 5.044074 3.317420
v 0.365936 5.060114 3.316927
v 0.370123 5.062268 3.339172
v 0.387045 5.046230 3.339680
v 0.719608 5.273472 3.321677
v 0.729825 5.253062 3.323267
v 0.724703 5.249481 3.345852
v 0.714622 5.269979 3.343718
v 0.417584 5.020211 3.317358
v 0.397795 5.032997 3.317418
v 0.400746 5.035332 3.339944
v 0.420565 5.022538 3.339859
v 0.696757 5.306637 3.323030
v 0.710771 5.288370 3.322217
v 0.705807 5.283717 3.343873
v 0.691829 5.301955 3.344654
v 0.456596 5.002551 3.315871
v 0.434636 5.011737 3.316742
v 0.436462 5.014027 3.339475
v 0.458423 5.004836 3.338589
v 0.667349 5.336637 3.325375
v 0.684475 5.320877 3.324644
v 0.679816 5.314926 3.345710
v 0.662694 5.330693 3.346449
v 0.498204 4.992172 3.314154
v 0.474706 4.997157 3.314668
v 0.475528 4.999270 3.337600
v 0.498963 4.994291 3.337063
v 0.459240 5.379471 3.316970
v 0.462707 5.369938 3.334745
v 0.440694 5.361042 3.332012
v 0.437219 5.370565 3.314250
v 0.633259 5.361072 3.325738
v 0.653189 5.348402 3.326020
v 0.649125 5.341164 3.346491
v 0.629238 5.353858 3.346181
v 0.540299 4.990415 3.315925
v 0.516195 4.990440 3.314200
v 0.516124 4.992250 3.337186
v 0.540084 4.992269 3.339144
v 0.401790 5.349723 3.309719
v 0.421485 5.362463 3.312515
v 0.426565 5.353730 3.330265
v 0.406881 5.340982 3.327493
v 0.595816 5.378368 3.325191
v 0.618042 5.369568 3.325893
v 0.614974 5.361174 3.345694
v 0.592821 5.370012 3.344932
v 0.581279 4.997536 3.322541
v 0.557855 4.992497 3.318512
v 0.557099 4.993842 3.341585
v 0.580380 4.998918 3.345829
v 0.370341 5.322273 3.303932
v 0.387120 5.338103 3.307322
v 0.393548 5.330546 3.325341
v 0.376721 5.314680 3.321981
v 0.568202 5.386946 3.324944
v 0.566554 5.377641 3.344022
v 0.620322 5.012499 3.330617
v 0.598545 5.003176 3.326307
v 0.597296 5.003980 3.349326
v 0.619012 5.013322 3.353537
v 0.344074 5.289605 3.297584
v 0.357745 5.307942 3.300556
v 0.365109 5.301824 3.319090
v 0.351431 5.283515 3.316047
v 0.656228 5.034042 3.336739
v 0.636644 5.021187 3.333611
v 0.634957 5.021511 3.356300
v 0.654513 5.034376 3.359379
v 0.324657 5.254070 3.295695
v 0.334939 5.274435 3.295546
v 0.342807 5.269804 3.314531
v 0.332683 5.249458 3.314907
v 0.687288 5.061311 3.340823
v 0.670571 5.045292 3.338746
v 0.668397 5.045213 3.361232
v 0.685108 5.061234 3.363336
v 0.313321 5.217416 3.300683
v 0.319392 5.239118 3.296902
v 0.327605 5.236120 3.316551
v 0.321796 5.214179 3.320896
v 0.539629 5.380149 3.342535
v 0.515553 5.380121 3.340677
v 0.515644 5.389911 3.322220
v 0.539712 5.389977 3.324087
v 0.696177 5.074121 3.364577
v 0.709322 5.092871 3.366033
v 0.712035 5.093320 3.343569
v 0.698917 5.074594 3.342171
v 0.319927 5.201160 3.324086
v 0.319180 5.178484 3.329045
v 0.310738 5.180135 3.308351
v 0.311692 5.202466 3.303540
v 0.526044 5.355951 3.454787
v 0.523712 5.369251 3.436065
v 0.548351 5.367717 3.433814
v 0.550211 5.354561 3.452579
v 0.689179 5.085411 3.451614
v 0.700440 5.081691 3.432292
v 0.685314 5.062858 3.433220
v 0.674762 5.067429 3.452602
v 0.340214 5.179875 3.474103
v 0.326554 5.182180 3.456864
v 0.327842 5.204048 3.451550
v 0.340977 5.202740 3.468397
v 0.510669 5.367855 3.436454
v 0.514548 5.355393 3.455262
v 0.490496 5.352163 3.456714
v 0.486235 5.364717 3.437943
v 0.573688 5.350991 3.450242
v 0.573739 5.364710 3.431571
v 0.707717 5.093445 3.431664
v 0.696073 5.095743 3.451317
v 0.706368 5.115929 3.449611
v 0.718821 5.115221 3.429712
v 0.327581 5.169315 3.459404
v 0.340885 5.170205 3.475608
v 0.344814 5.147453 3.478679
v 0.330971 5.147338 3.462252
v 0.722936 5.126601 3.428357
v 0.710665 5.126712 3.448546
v 0.716339 5.148198 3.444866
v 0.729416 5.151207 3.423853
v 0.334780 5.134120 3.462940
v 0.347615 5.137168 3.478858
v 0.355906 5.115535 3.479100
v 0.342557 5.112808 3.462996
v 0.730742 5.160841 3.421700
v 0.718026 5.158939 3.442635
v 0.718735 5.180863 3.437324
v 0.731392 5.187195 3.415763
v 0.349219 5.099909 3.462313
v 0.361073 5.105052 3.478254
v 0.373505 5.085398 3.477073
v 0.361235 5.080248 3.461036
v 0.730712 5.195899 3.413592
v 0.717878 5.191637 3.434698
v 0.713562 5.213402 3.430427
v 0.725139 5.221260 3.409990
v 0.370774 5.068356 3.459938
v 0.381096 5.075533 3.475965
v 0.397090 5.058515 3.474002
v 0.386625 5.051117 3.457858
v 0.721881 5.231399 3.408648
v 0.710158 5.224344 3.429058
v 0.701109 5.245272 3.428849
v 0.711792 5.253913 3.409406
v 0.398560 5.040937 3.456144
v 0.406860 5.049788 3.472451
v 0.425622 5.035840 3.469357
v 0.417630 5.026593 3.452843
v 0.704702 5.266211 3.410427
v 0.695010 5.256569 3.429943
v 0.682229 5.275755 3.433053
v 0.691494 5.286077 3.413908
v 0.431222 5.018677 3.450264
v 0.437157 5.028693 3.467097
v 0.458025 5.018133 3.462749
v 0.452924 5.007668 3.445616
v 0.681169 5.298186 3.416130
v 0.673597 5.286691 3.435243
v 0.657709 5.303538 3.438691
v 0.664716 5.315707 3.419771
v 0.467183 5.002465 3.442393
v 0.470587 5.013079 3.459915
v 0.493325 5.006559 3.455580
v 0.490834 4.995688 3.438141
v 0.450248 5.353210 3.439360
v 0.473344 5.360841 3.438148
v 0.479097 5.349360 3.456920
v 0.456183 5.341585 3.458138
v 0.652892 5.325289 3.421249
v 0.647504 5.312591 3.440299
v 0.628595 5.326465 3.443186
v 0.633185 5.339770 3.424427
v 0.505443 4.993498 3.435828
v 0.506086 5.004229 3.453681
v 0.530199 5.002865 3.451693
v 0.529893 4.991920 3.434106
v 0.437583 5.346660 3.439647
v 0.445071 5.336415 3.458298
v 0.424221 5.324616 3.459081
v 0.416590 5.335002 3.440353
v 0.620647 5.346320 3.425504
v 0.617677 5.332931 3.444456
v 0.596174 5.343079 3.447374
v 0.598464 5.356826 3.428713
v 0.545385 4.992955 3.433809
v 0.543143 5.003385 3.451676
v 0.567171 5.007250 3.452139
v 0.569379 4.996526 3.434247
v 0.404482 5.325738 3.440267
v 0.413454 5.316921 3.458815
v 0.395256 5.301957 3.458489
v 0.386003 5.310717 3.439837
v 0.573680 5.364827 3.431358
v 0.573738 5.351127 3.450102
v 0.585254 5.000800 3.434934
v 0.580367 5.010441 3.453004
v 0.603058 5.018515 3.453709
v 0.608083 5.008747 3.435513
v 0.375301 5.299380 3.438931
v 0.385509 5.292152 3.457411
v 0.370378 5.274486 3.457042
v 0.359965 5.281702 3.438622
v 0.622833 5.015679 3.435612
v 0.615692 5.024011 3.454105
v 0.636347 5.035714 3.453897
v 0.643952 5.027538 3.435296
v 0.351929 5.269517 3.438553
v 0.363265 5.264176 3.456641
v 0.352231 5.243938 3.459111
v 0.340676 5.249804 3.440799
v 0.656616 5.036601 3.434797
v 0.647579 5.043215 3.453774
v 0.665486 5.058261 3.452928
v 0.675192 5.052150 3.433920
v 0.335938 5.237572 3.443136
v 0.348302 5.234238 3.460578
v 0.342408 5.212186 3.466229
v 0.329583 5.216434 3.448153
v 0.584652 5.277043 3.507997
v 0.602481 5.261605 3.504984
v 0.618054 5.244733 3.500959
v 0.635061 5.228572 3.496932
v 0.649452 5.209797 3.495445
v 0.655363 5.188044 3.497280
v 0.655384 5.165681 3.499652
v 0.648976 5.143988 3.500017
v 0.637511 5.124141 3.498193
v 0.622699 5.106449 3.495624
v 0.604906 5.091382 3.492990
v 0.584682 5.079385 3.489920
v 0.562962 5.070034 3.486187
v 0.539994 5.062899 3.482920
v 0.515856 5.062916 3.482922
v 0.492913 5.070061 3.486188
v 0.471195 5.079397 3.489920
v 0.450962 5.091385 3.492989
v 0.433157 5.106449 3.495624
v 0.418332 5.124141 3.498192
v 0.406851 5.143988 3.500017
v 0.400431 5.165681 3.499652
v 0.400446 5.188044 3.497280
v 0.406350 5.209800 3.495445
v 0.420764 5.228581 3.496932
v 0.437806 5.244742 3.500961
v 0.453380 5.261601 3.504985
v 0.471186 5.277030 3.507996
v 0.492386 5.288022 3.510268
v 0.515808 5.293664 3.511732
v 0.540217 5.234818 3.504489
v 0.531550 -2.414466 -3.147900
v 0.029838 -2.433262 -3.057937
v -0.432075 -2.458611 -2.857317
v -0.828960 -2.490804 -2.575807
v -1.132867 -2.527691 -2.221683
v -1.354745 -2.558656 -1.825511
v -1.504761 -2.579295 -1.401900
v -1.592402 -2.587513 -0.960568
v -1.588164 -2.597064 -0.505393
v -1.525673 -2.597013 -0.050661
v -1.438426 -2.574983 0.405961
v -1.327201 -2.529469 0.869571
v -1.161454 -2.472979 1.326769
v -0.893086 -2.420425 1.736721
v -0.486496 -2.398568 2.030217
v 0.001409 -2.388909 2.207629
v 0.531565 -2.384571 2.264140
v 1.061720 -2.388909 2.207628
v 1.549625 -2.398568 2.030216
v 1.956215 -2.420429 1.736719
v 2.224586 -2.473030 1.326750
v 2.390167 -2.529529 0.869354
v 2.501266 -2.575112 0.405650
v 2.588533 -2.597188 -0.050928
v 2.651149 -2.597220 -0.505544
v 2.655481 -2.587621 -0.960644
v 2.567920 -2.579363 -1.402015
v 2.417938 -2.558685 -1.825685
v 2.196039 -2.527698 -2.221921
v 1.892097 -2.490815 -2.576043
v 1.495071 -2.458654 -2.857040
v 1.032974 -2.433296 -3.056616
v 0.530935 -3.639282 -2.927641
v 0.046965 -3.646315 -2.902327
v -0.397623 -3.638915 -2.726984
v -0.776967 -3.629459 -2.464676
v -1.060484 -3.626491 -2.124244
v -1.251691 -3.628104 -1.740315
v -1.370414 -3.628803 -1.336146
v -1.435351 -3.626865 -0.922836
v -1.442514 -3.625697 -0.502640
v -1.394302 -3.626275 -0.080464
v -1.317728 -3.622988 0.344841
v -1.211756 -3.618092 0.776675
v -1.053949 -3.624533 1.205735
v -0.804205 -3.660770 1.588134
v -0.425095 -3.672045 1.856995
v 0.035460 -3.699603 2.074652
v 0.531565 -3.711361 2.142530
v 1.027669 -3.699603 2.074651
v 1.488225 -3.672046 1.856995
v 1.867431 -3.660831 1.588226
v 2.118191 -3.625150 1.206742
v 2.275264 -3.618096 0.776820
v 2.380847 -3.622902 0.344667
v 2.457308 -3.626235 -0.080686
v 2.505547 -3.625704 -0.502814
v 2.498454 -3.626887 -0.922972
v 2.433604 -3.628817 -1.336343
v 2.314957 -3.628117 -1.740732
v 2.123851 -3.626549 -2.125253
v 1.840479 -3.629704 -2.467063
v 1.461027 -3.639478 -2.731123
v 1.015263 -3.645777 -2.902837
v -1.476119 -3.087109 -1.388514
v -1.553546 -3.089906 -0.952928
v 2.210990 -3.041635 1.315858
v 2.369325 -3.059602 0.852253
v -1.547836 -3.094932 -0.506353
v 2.470475 -3.083706 0.389625
v -1.489341 -3.095725 -0.060070
v 2.552251 -3.095771 -0.060355
v -1.407530 -3.083721 0.389923
v 2.610827 -3.095005 -0.506552
v -1.306173 -3.059659 0.852413
v 2.616634 -3.089968 -0.953062
v -1.147550 -3.041483 1.315623
v 2.539310 -3.087140 -1.388691
v -0.893469 -3.041444 1.742698
v 2.400594 -3.077478 -1.809852
v -0.492772 -3.033929 2.042598
v 0.531683 -3.024140 -3.100887
v 0.023498 -3.028083 -3.045230
v 2.187985 -3.062408 -2.206196
v -0.003770 -3.037016 2.231025
v -0.435087 -3.034753 -2.842515
v 1.891825 -3.045949 -2.562902
v 0.531565 -3.047794 2.302972
v -0.828636 -3.045876 -2.562200
v 1.497837 -3.034933 -2.841794
v 1.066900 -3.037016 2.231025
v -1.124744 -3.062394 -2.205674
v 1.038321 -3.028150 -3.039616
v 1.555901 -3.033929 2.042597
v -1.337349 -3.077471 -1.809550
v 1.956622 -3.041456 1.742716
v 0.529441 -4.188416 -2.568734
v 0.109184 -4.191937 -2.566901
v -0.295737 -4.193177 -2.462493
v -0.652812 -4.189805 -2.255927
v -0.922789 -4.189915 -1.959964
v -1.109349 -4.188141 -1.620215
v -1.221363 -4.182033 -1.254774
v -1.279069 -4.175308 -0.878385
v -1.294022 -4.171306 -0.496633
v -1.259400 -4.171896 -0.111336
v -1.189339 -4.174999 0.275943
v -1.083772 -4.179650 0.665948
v -0.929053 -4.185871 1.051204
v -0.692685 -4.196154 1.391387
v -0.334547 -4.217699 1.638948
v 0.094555 -4.213757 1.754937
v 0.531564 -4.192479 1.757534
v 0.968573 -4.213757 1.754937
v 1.397675 -4.217699 1.638947
v 1.755824 -4.196158 1.391396
v 1.992581 -4.186061 1.051564
v 2.147053 -4.179552 0.665948
v 2.252442 -4.174879 0.275801
v 2.322452 -4.171833 -0.111483
v 2.357094 -4.171291 -0.496737
v 2.342185 -4.175312 -0.878473
v 2.284535 -4.182041 -1.254926
v 2.172606 -4.188162 -1.620652
v 1.986265 -4.190012 -1.961466
v 1.716835 -4.190246 -2.261143
v 1.359886 -4.194939 -2.477839
v 0.946924 -4.192702 -2.561299
v 0.529642 -4.719599 -2.187057
v 0.189507 -4.723384 -2.163744
v -0.142739 -4.737379 -2.088448
v -0.455863 -4.755077 -1.949857
v -0.718428 -4.755930 -1.728001
v -0.905288 -4.748646 -1.451965
v -1.015341 -4.734015 -1.141649
v -1.072178 -4.722254 -0.817577
v -1.089076 -4.717853 -0.488029
v -1.069543 -4.722379 -0.155353
v -1.007979 -4.735074 0.177600
v -0.900291 -4.757287 0.503982
v -0.726554 -4.783548 0.799987
v -0.474379 -4.797160 1.036360
v -0.165669 -4.809991 1.218645
v 0.175696 -4.827447 1.343156
v 0.531564 -4.836056 1.388428
v 0.887432 -4.827447 1.343156
v 1.228798 -4.809991 1.218644
v 1.537508 -4.797160 1.036359
v 1.789689 -4.783550 0.799992
v 1.963419 -4.757254 0.503958
v 2.071084 -4.735033 0.177550
v 2.132642 -4.722358 -0.155399
v 2.152184 -4.717847 -0.488060
v 2.135303 -4.722256 -0.817601
v 2.078482 -4.734023 -1.141688
v 1.968454 -4.748677 -1.452073
v 1.781669 -4.756071 -1.728410
v 1.519543 -4.755934 -1.952087
v 1.206284 -4.739774 -2.097569
v 0.869232 -4.721699 -2.162122
v 0.531466 -5.149863 -1.743630
v 0.279019 -5.158989 -1.726400
v 0.032809 -5.158860 -1.659796
v -0.197892 -5.187999 -1.556929
v -0.399202 -5.204215 -1.400248
v -0.568550 -5.229917 -1.211548
v -0.692476 -5.234801 -0.985060
v -0.762904 -5.232360 -0.736218
v -0.782690 -5.229134 -0.478702
v -0.757878 -5.229287 -0.221101
v -0.688727 -5.233034 0.029314
v -0.572657 -5.237487 0.262197
v -0.410418 -5.239697 0.465766
v -0.209483 -5.240396 0.632035
v 0.020996 -5.240604 0.755381
v 0.271278 -5.240665 0.831308
v 0.531564 -5.240668 0.856944
v 0.791850 -5.240665 0.831307
v 1.042132 -5.240604 0.755380
v 1.272611 -5.240396 0.632035
v 1.473546 -5.239697 0.465765
v 1.635785 -5.237487 0.262196
v 1.751854 -5.233033 0.029313
v 1.821005 -5.229287 -0.221102
v 1.845817 -5.229134 -0.478703
v 1.826032 -5.232360 -0.736220
v 1.755609 -5.234808 -0.985065
v 1.631683 -5.229929 -1.211561
v 1.462322 -5.204220 -1.400259
v 1.261036 -5.188036 -1.557018
v 1.030346 -5.159011 -1.660274
v 0.783830 -5.158839 -1.726220
v 0.531543 -5.428548 -1.107520
v 0.408710 -5.431558 -1.096154
v 0.290123 -5.441451 -1.061822
v 0.181482 -5.457860 -1.003706
v 0.087813 -5.473909 -0.923991
v 0.012311 -5.484770 -0.827500
v -0.042091 -5.493032 -0.718576
v -0.074090 -5.496036 -0.601863
v -0.084538 -5.486534 -0.481685
v -0.072415 -5.472121 -0.361653
v -0.037251 -5.458637 -0.246148
v 0.019761 -5.446655 -0.139665
v 0.096426 -5.435740 -0.046359
v 0.189774 -5.425959 0.030125
v 0.296188 -5.417574 0.086811
v 0.411581 -5.411076 0.121574
v 0.531564 -5.408524 0.133276
v 0.651547 -5.411076 0.121574
v 0.766939 -5.417574 0.086811
v 0.873353 -5.425959 0.030124
v 0.966702 -5.435740 -0.046359
v 1.043366 -5.446655 -0.139666
v 1.100379 -5.458637 -0.246148
v 1.135543 -5.472121 -0.361653
v 1.147665 -5.486534 -0.481686
v 1.137217 -5.496036 -0.601863
v 1.105210 -5.493100 -0.718571
v 1.050813 -5.484830 -0.827493
v 0.975316 -5.473956 -0.923985
v 0.881653 -5.457900 -1.003713
v 0.773012 -5.441470 -1.061877
v 0.654378 -5.431368 -1.096148
v 0.531563 -1.539858 -2.954675
v 0.064039 -1.529444 -2.893490
v -0.379380 -1.535287 -2.727700
v -0.754330 -1.574306 -2.463141
v -1.032804 -1.634555 -2.121435
v -1.234588 -1.694226 -1.742206
v -1.369316 -1.740562 -1.340012
v -1.438180 -1.768235 -0.921530
v -1.444210 -1.776276 -0.493534
v -1.404279 -1.763437 -0.064101
v -1.331160 -1.725634 0.365627
v -1.219748 -1.665665 0.793569
v -1.056332 -1.592152 1.210972
v -0.796932 -1.529862 1.580177
v -0.415315 -1.490205 1.839598
v 0.046042 -1.469258 1.991523
v 0.531565 -1.501604 2.051436
v 1.017088 -1.469258 1.991522
v 1.478442 -1.490207 1.839594
v 1.860023 -1.529896 1.580125
v 2.119317 -1.592334 1.210825
v 2.282638 -1.666037 0.793383
v 2.393984 -1.726209 0.365442
v 2.467100 -1.764153 -0.064245
v 2.507087 -1.776999 -0.493620
v 2.501119 -1.768851 -0.921582
v 2.432321 -1.740994 -1.340053
v 2.297641 -1.694484 -1.742239
v 2.095880 -1.634678 -2.121455
v 1.817442 -1.574336 -2.463161
v 1.442500 -1.535298 -2.727704
v 0.999082 -1.529455 -2.893472
v -1.552186 -2.144185 -0.948434
v -1.467234 -2.126899 -1.383935
v 2.357271 -2.061912 0.846994
v 2.191308 -1.983312 1.288475
v -1.550812 -2.155223 -0.499912
v 2.472053 -2.119742 0.396669
v -1.493722 -2.150476 -0.051765
v 2.556594 -2.150823 -0.051951
v -1.409204 -2.119452 0.396897
v 2.613794 -2.155525 -0.499998
v -1.294324 -2.061739 0.847160
v 2.615228 -2.144410 -0.948468
v -1.128239 -1.983243 1.288534
v 2.530327 -2.127068 -1.383989
v -0.866837 -1.902930 1.685526
v 2.380458 -2.095044 -1.800072
v -0.463733 -1.878444 1.958543
v 0.045181 -1.928820 -2.992857
v 0.531558 -1.916207 -3.065013
v 2.161785 -2.050013 -2.189063
v 0.023810 -1.871646 2.121785
v -0.409871 -1.954095 -2.808674
v 1.862804 -1.998557 -2.535024
v 0.531565 -1.855976 2.197468
v -0.799679 -1.998550 -2.534941
v 1.472970 -1.954105 -2.808642
v 1.039320 -1.871646 2.121784
v -1.098661 -2.049974 -2.188975
v 1.017891 -1.928838 -2.992644
v 1.526862 -1.878444 1.958542
v -1.317334 -2.094946 -1.799997
v 1.929960 -1.902936 1.685519
v 0.531569 -1.123256 -2.779440
v 0.088175 -1.147466 -2.749742
v -0.337489 -1.174836 -2.610594
v -0.687328 -1.198645 -2.352758
v -0.937700 -1.267430 -2.018883
v -1.114402 -1.345518 -1.655143
v -1.230687 -1.407377 -1.275857
v -1.288526 -1.444589 -0.885247
v -1.298367 -1.454139 -0.488317
v -1.271196 -1.435765 -0.089052
v -1.209924 -1.390814 0.310828
v -1.109816 -1.322059 0.708550
v -0.951931 -1.239591 1.091841
v -0.707538 -1.162408 1.429765
v -0.357095 -1.118431 1.680277
v 0.065562 -1.131662 1.837420
v 0.531569 -1.147205 1.893513
v 0.997576 -1.131662 1.837419
v 1.420200 -1.118452 1.680227
v 1.770441 -1.162582 1.429420
v 2.014620 -1.240117 1.091348
v 2.172509 -1.322826 0.708194
v 2.272624 -1.391916 0.310598
v 2.333894 -1.437138 -0.089206
v 2.361083 -1.455563 -0.488434
v 2.351319 -1.445826 -0.885345
v 2.293603 -1.408240 -1.275940
v 2.177383 -1.346050 -1.655187
v 2.000683 -1.267731 -2.018864
v 1.750412 -1.198722 -2.352750
v 1.400612 -1.174849 -2.610595
v 0.974959 -1.147482 -2.749747
v 0.531564 -0.824746 -2.580740
v 0.120923 -0.818691 -2.550763
v -0.267917 -0.835591 -2.414440
v -0.586968 -0.877621 -2.178325
v -0.812194 -0.959662 -1.873634
v -0.962571 -1.058306 -1.538114
v -1.063779 -1.136422 -1.193577
v -1.116691 -1.184575 -0.841387
v -1.129815 -1.197569 -0.484638
v -1.109721 -1.175768 -0.125871
v -1.056626 -1.123275 0.233109
v -0.966137 -1.045258 0.589326
v -0.824542 -0.955020 0.933796
v -0.624109 -0.854977 1.259857
v -0.292897 -0.754349 1.508632
v 0.104980 -0.729993 1.636907
v 0.531564 -0.774462 1.664151
v 0.958149 -0.729993 1.636906
v 1.356022 -0.754344 1.508621
v 1.686541 -0.855352 1.258687
v 1.886612 -0.956137 0.932549
v 2.028586 -1.046511 0.588718
v 2.119267 -1.125064 0.232854
v 2.172415 -1.177992 -0.125982
v 2.192483 -1.199781 -0.484754
v 2.179427 -1.186432 -0.841548
v 2.126700 -1.137671 -1.193760
v 2.025537 -1.059096 -1.538227
v 1.874989 -0.960255 -1.873557
v 1.649964 -0.877795 -2.178277
v 1.331035 -0.835601 -2.414440
v 0.942202 -0.818696 -2.550766
v 0.531563 -0.494444 -1.757455
v 0.278100 -0.504156 -1.744326
v 0.017556 -0.532886 -1.711963
v -0.216971 -0.560362 -1.594926
v -0.417574 -0.629272 -1.431912
v -0.564669 -0.712797 -1.220992
v -0.669113 -0.788224 -0.985855
v -0.727378 -0.836889 -0.735215
v -0.750221 -0.849084 -0.479057
v -0.738358 -0.826775 -0.221740
v -0.679944 -0.768692 0.029354
v -0.558586 -0.665353 0.254688
v -0.392000 -0.599764 0.450086
v -0.197561 -0.534257 0.615567
v 0.024411 -0.508823 0.755981
v 0.268056 -0.509536 0.842853
v 0.531565 -0.510314 0.894436
v 0.795076 -0.509525 0.842852
v 1.038741 -0.508737 0.755966
v 1.259890 -0.534889 0.614196
v 1.454626 -0.600436 0.449369
v 1.621997 -0.666096 0.254748
v 1.744185 -0.771313 0.030016
v 1.802771 -0.830574 -0.220882
v 1.813862 -0.852080 -0.478725
v 1.790452 -0.838897 -0.735293
v 1.732244 -0.789144 -0.986093
v 1.627809 -0.713222 -1.221187
v 1.480368 -0.629821 -1.431852
v 1.279976 -0.560540 -1.594895
v 1.045554 -0.532907 -1.711960
v 0.785024 -0.504157 -1.744326
v -0.945456 -0.996963 -0.481872
v -0.927800 -0.982184 -0.790364
v 1.937437 -0.918164 0.133925
v 1.833168 -0.827958 0.424890
v -0.929266 -0.973568 -0.172166
v 1.992447 -0.976696 -0.171981
v -0.874383 -0.915730 0.133939
v 2.008414 -0.999814 -0.481849
v -0.770626 -0.826486 0.425534
v 1.990667 -0.984375 -0.790541
v -0.612225 -0.725622 0.687700
v 1.936858 -0.929395 -1.094544
v -0.426068 -0.587581 0.929076
v 1.839806 -0.842935 -1.389495
v -0.153576 -0.513594 1.171134
v 0.182736 -0.625280 -2.236294
v 0.531564 -0.621184 -2.274164
v 1.699366 -0.740936 -1.672964
v 0.168619 -0.526060 1.311973
v -0.147812 -0.640421 -2.115583
v 1.490184 -0.669752 -1.920737
v 0.531564 -0.513526 1.349520
v -0.427342 -0.669404 -1.920847
v 1.210919 -0.640441 -2.115576
v 0.894510 -0.526061 1.311973
v -0.636751 -0.740085 -1.673081
v 0.880389 -0.625280 -2.236295
v 1.216961 -0.513106 1.171333
v -0.776695 -0.842180 -1.389251
v 1.485149 -0.590261 0.922286
v -0.873776 -0.928111 -1.094248
v 1.673293 -0.727573 0.685135
v 0.531563 -0.509247 -1.614641
v 0.311449 -0.513637 -1.591437
v 0.102151 -0.528896 -1.517462
v -0.079796 -0.569802 -1.394591
v -0.239201 -0.633800 -1.248526
v -0.373524 -0.695833 -1.082878
v -0.468297 -0.748387 -0.889686
v -0.519239 -0.778584 -0.682832
v -0.544126 -0.784353 -0.475731
v -0.544697 -0.771736 -0.265955
v -0.507211 -0.733311 -0.052349
v -0.424434 -0.655731 0.157142
v -0.265789 -0.610094 0.315061
v -0.097651 -0.572524 0.459260
v 0.099904 -0.566966 0.561033
v 0.310814 -0.561144 0.632744
v 0.531564 -0.545108 0.664191
v 0.752314 -0.561143 0.632744
v 0.963229 -0.566952 0.561032
v 1.160671 -0.572588 0.459072
v 1.328851 -0.610190 0.314940
v 1.487698 -0.655871 0.157175
v 1.571065 -0.734417 -0.051987
v 1.609095 -0.774094 -0.265274
v 1.607859 -0.786047 -0.475571
v 1.582148 -0.779731 -0.682957
v 1.531223 -0.748777 -0.889801
v 1.436561 -0.695966 -1.082942
v 1.302194 -0.633980 -1.248509
v 1.142886 -0.569849 -1.394589
v 0.960971 -0.528901 -1.517462
v 0.751676 -0.513637 -1.591438
v 0.531564 -0.636512 -1.301580
v 0.370728 -0.637161 -1.285666
v 0.216035 -0.645736 -1.238517
v 0.074457 -0.673228 -1.160043
v -0.048189 -0.728566 -1.057133
v -0.149395 -0.797809 -0.934976
v -0.221822 -0.844578 -0.784421
v -0.259130 -0.866555 -0.626622
v -0.283460 -0.863566 -0.474726
v -0.299405 -0.854264 -0.320072
v -0.269699 -0.840172 -0.163550
v -0.183079 -0.801739 -0.018652
v -0.066041 -0.746691 0.113553
v 0.058121 -0.742563 0.238550
v 0.202601 -0.751931 0.323668
v 0.361982 -0.774007 0.371600
v 0.531564 -0.768587 0.374597
v 0.701128 -0.774026 0.371520
v 0.860526 -0.751932 0.323666
v 1.005007 -0.742563 0.238550
v 1.129168 -0.746691 0.113551
v 1.246213 -0.801742 -0.018651
v 1.332928 -0.840242 -0.163524
v 1.363076 -0.854429 -0.320026
v 1.347093 -0.863615 -0.474927
v 1.321511 -0.867285 -0.626831
v 1.284672 -0.844779 -0.784478
v 1.212489 -0.797831 -0.934986
v 1.111306 -0.728577 -1.057133
v 0.988668 -0.673229 -1.160044
v 0.847091 -0.645735 -1.238517
v 0.692398 -0.637160 -1.285666
v 0.531564 -0.965565 -0.792708
v 0.469821 -0.968142 -0.786852
v 0.409996 -0.974275 -0.768911
v 0.353943 -0.982544 -0.738848
v 0.303253 -0.994526 -0.697991
v 0.259848 -1.011228 -0.649142
v 0.226630 -1.024901 -0.594326
v 0.206096 -1.027834 -0.534693
v 0.198732 -1.025275 -0.472400
v 0.204383 -1.025846 -0.409758
v 0.222719 -1.033444 -0.349070
v 0.253076 -1.045150 -0.292602
v 0.294661 -1.056278 -0.242407
v 0.345678 -1.067347 -0.200748
v 0.403911 -1.079418 -0.169404
v 0.466689 -1.091913 -0.149745
v 0.531564 -1.097817 -0.143013
v 0.596438 -1.091913 -0.149745
v 0.659217 -1.079418 -0.169404
v 0.717449 -1.067346 -0.200748
v 0.768466 -1.056279 -0.242408
v 0.810052 -1.045151 -0.292602
v 0.840409 -1.033444 -0.349070
v 0.858746 -1.025846 -0.409758
v 0.864397 -1.025274 -0.472401
v 0.857027 -1.027838 -0.534694
v 0.836497 -1.024901 -0.594326
v 0.803279 -1.011229 -0.649142
v 0.759873 -0.994527 -0.697992
v 0.709183 -0.982544 -0.738849
v 0.653131 -0.974275 -0.768912
v 0.593306 -0.968143 -0.786852
v 0.531564 -1.024708 -0.460744
v 0.531564 -5.304271 -0.486492
vt 0.038124 -4.800867
vt 0.104477 -4.551823
vt 0.195868 -4.557097
vt 0.145523 -4.807006
vt 1.407473 -4.793836
vt 1.281382 -4.541760
vt 1.370858 -4.538633
vt 1.506544 -4.790695
vt -0.067922 -4.795219
vt 0.013774 -4.546830
vt 1.192116 -4.539139
vt 1.308388 -4.789924
vt -0.171775 -4.789036
vt -0.075762 -4.541348
vt 1.208363 -4.787103
vt 1.103038 -4.537597
vt -0.273460 -4.786102
vt -0.164484 -4.538444
vt 1.106271 -4.789607
vt 1.013638 -4.540492
vt -0.373177 -4.788324
vt -0.252719 -4.539847
vt 1.002025 -4.795502
vt 0.923586 -4.546041
vt -0.472060 -4.791464
vt -0.340964 -4.542208
vt 0.895670 -4.800945
vt 0.832498 -4.551141
vt -0.570849 -4.787397
vt -0.429151 -4.538792
vt 0.788035 -4.806982
vt 0.740825 -4.556561
vt -0.669318 -4.771214
vt -0.516792 -4.525557
vt 0.679901 -4.814939
vt 0.649232 -4.563164
vt 1.985747 -4.697256
vt 1.807644 -4.461469
vt 1.888036 -4.445197
vt 2.073982 -4.675552
vt -0.767367 -4.749566
vt -0.604873 -4.508427
vt 0.572546 -4.824403
vt 0.558185 -4.570828
vt 1.895620 -4.717797
vt 1.725390 -4.477709
vt -0.864057 -4.729216
vt -0.691236 -4.492461
vt 0.466638 -4.829117
vt 0.468251 -4.574651
vt 1.801893 -4.736528
vt 1.639565 -4.492990
vt -0.957220 -4.708620
vt -0.773841 -4.476923
vt 0.360750 -4.824436
vt 0.378319 -4.571010
vt 1.704502 -4.755277
vt 1.550464 -4.508730
vt -1.046922 -4.685865
vt -0.852843 -4.460487
vt 0.253488 -4.814991
vt 0.287315 -4.563527
vt 1.605659 -4.775630
vt 1.460248 -4.525596
vt 1.966624 -4.429526
vt 2.163361 -4.653722
vt -0.302032 -4.063477
vt -0.228601 -4.057052
vt 0.702734 -4.023065
vt 0.782800 -4.023085
vt -0.379117 -4.061853
vt 0.622131 -4.025320
vt 1.619384 -4.030312
vt 1.690045 -4.022799
vt -0.457602 -4.056766
vt 0.542458 -4.029807
vt 1.547050 -4.037165
vt -0.534392 -4.052505
vt 0.464324 -4.032544
vt 1.472065 -4.042596
vt -0.608124 -4.048032
vt 0.386160 -4.030575
vt 1.394080 -4.047784
vt -0.679488 -4.042155
vt 0.306502 -4.026884
vt 1.314504 -4.053771
vt 1.760082 -4.015515
vt 0.226090 -4.025435
vt 1.236394 -4.056195
vt 0.146370 -4.026248
vt 1.161839 -4.050417
vt 0.067616 -4.028357
vt 1.089426 -4.040111
vt -0.009813 -4.030990
vt 1.016095 -4.031091
vt -0.084987 -4.036510
vt 0.940121 -4.026284
vt -0.157317 -4.046162
vt 0.862066 -4.024414
vt 1.538498 -3.245924
vt 1.604140 -3.243958
vt 0.237488 -3.245059
vt 0.307738 -3.246871
vt 1.125829 -3.263810
vt 1.195660 -3.262062
vt 0.167474 -3.245105
vt 1.059366 -3.258787
vt 0.098084 -3.246214
vt 0.994728 -3.250224
vt 0.029626 -3.247780
vt 0.929451 -3.243205
vt -0.037136 -3.252023
vt 0.862250 -3.240184
vt -0.101712 -3.260209
vt 0.793532 -3.239875
vt -0.165524 -3.269917
vt 0.723942 -3.240038
vt -0.231325 -3.276140
vt 0.653825 -3.241270
vt -0.300828 -3.275705
vt 0.583622 -3.244366
vt 1.472724 -3.248913
vt -0.372189 -3.272688
vt 0.514123 -3.249146
vt 1.406074 -3.252059
vt -0.442389 -3.271011
vt 0.445830 -3.252054
vt 1.337752 -3.254626
vt -0.510346 -3.269774
vt 0.377422 -3.250385
vt 1.267229 -3.257665
vt -0.576771 -3.267944
vt 0.002210 -2.368204
vt 0.070273 -2.371361
vt 0.896365 -2.357597
vt 0.962069 -2.359360
vt -0.064667 -2.367452
vt 0.829638 -2.359721
vt -0.130283 -2.370569
vt 0.761871 -2.364273
vt -0.195458 -2.375308
vt 0.693079 -2.368799
vt -0.261573 -2.376821
vt 0.623711 -2.373708
vt -0.329847 -2.372100
vt 0.554140 -2.379634
vt 1.432108 -2.334049
vt 1.497310 -2.331370
vt -0.399861 -2.365369
vt 0.485122 -2.386303
vt 1.366464 -2.338024
vt -0.469133 -2.360774
vt 0.416832 -2.389941
vt 1.299533 -2.342551
vt -0.536457 -2.357646
vt 0.348351 -2.387706
vt 1.230742 -2.348581
vt -0.602594 -2.355044
vt 0.278942 -2.382454
vt 1.161333 -2.356759
vt 1.562736 -2.330869
vt 0.209016 -2.377957
vt 1.093510 -2.362888
vt 0.139350 -2.374473
vt 1.027431 -2.362747
vt -0.185176 -1.396286
vt -0.124367 -1.397279
vt 0.648257 -1.416123
vt 0.712198 -1.407426
vt -0.246414 -1.392520
vt 0.583391 -1.424455
vt -0.308881 -1.383365
vt 0.518057 -1.432852
vt 1.329342 -1.336880
vt 1.389369 -1.333863
vt -0.372608 -1.372889
vt 0.452928 -1.440923
vt 1.268933 -1.342081
vt -0.435953 -1.365110
vt 0.388165 -1.444956
vt 1.207422 -1.348805
vt -0.497733 -1.359612
vt 0.323190 -1.442206
vt 1.144500 -1.357839
vt -0.558281 -1.355611
vt 0.257606 -1.435427
vt 1.081377 -1.369581
vt 1.449494 -1.333780
vt 0.191807 -1.428329
vt 1.019443 -1.379974
vt 0.126487 -1.421288
vt 0.958406 -1.384953
vt 0.062074 -1.413865
vt 0.897628 -1.387148
vt -0.001061 -1.405876
vt 0.836547 -1.390909
vt -0.063145 -1.399825
vt 0.774834 -1.398189
vt 1.301351 -0.822297
vt 1.360462 -0.819485
vt -0.383088 -0.860486
vt -0.321254 -0.872161
vt 0.437761 -0.946684
vt 0.503477 -0.937832
vt 1.242072 -0.827677
vt -0.444890 -0.851790
vt 0.372088 -0.951002
vt 1.181966 -0.834993
vt -0.505457 -0.845735
vt 0.306179 -0.948035
vt 1.120797 -0.844971
vt -0.565055 -0.841599
vt 0.239932 -0.940538
vt 1.059785 -0.857923
vt 1.419708 -0.819979
vt 0.173770 -0.932276
vt 0.999851 -0.869860
vt 0.108402 -0.923700
vt 0.940071 -0.876772
vt 0.044339 -0.914453
vt 0.879966 -0.881114
vt -0.018017 -0.904461
vt 0.819603 -0.887061
vt -0.079303 -0.896305
vt 0.758894 -0.896476
vt -0.140018 -0.891609
vt 0.697233 -0.907746
vt -0.200370 -0.888513
vt 0.633818 -0.918304
vt -0.260569 -0.882845
vt 0.569055 -0.928219
vt 1.092821 -0.344217
vt 1.152846 -0.336343
vt -0.565235 -0.344829
vt -0.507193 -0.348143
vt 0.224752 -0.411431
vt 0.290031 -0.417805
vt 1.032661 -0.354610
vt 1.327132 -0.323462
vt 1.384829 -0.323530
vt 0.159518 -0.404930
vt 0.973522 -0.363688
vt 0.095063 -0.398665
vt 0.914902 -0.367530
vt 0.031792 -0.392187
vt 0.856172 -0.368645
vt -0.029821 -0.385280
vt 0.796979 -0.371289
vt -0.090145 -0.380373
vt 0.737013 -0.377427
vt -0.149468 -0.378943
vt 0.675889 -0.385591
vt -0.208230 -0.379030
vt 0.613080 -0.393360
vt -0.267060 -0.376391
vt 0.549074 -0.400943
vt -0.326750 -0.368528
vt 0.484306 -0.408773
vt 1.269532 -0.326048
vt -0.387545 -0.359372
vt 0.419486 -0.416479
vt 1.211665 -0.330550
vt -0.448039 -0.352730
vt 0.354863 -0.420389
vt 0.889849 0.093476
vt 0.947385 0.097895
vt 0.022598 0.066672
vt 0.084507 0.059724
vt 0.831890 0.091734
vt -0.037584 0.074099
vt 0.773612 0.088486
vt -0.096675 0.079576
vt 0.714925 0.081804
vt -0.155140 0.081630
vt 0.655270 0.073151
vt -0.213192 0.082187
vt 0.593857 0.064941
vt -0.270994 0.085427
vt 0.531073 0.057011
vt -0.329384 0.093758
vt 0.467460 0.048939
vt 1.237395 0.137392
vt 1.294170 0.140270
vt -0.388862 0.103321
vt 0.403717 0.041105
vt 1.180523 0.132570
vt -0.448221 0.110357
vt 0.339999 0.037163
vt 1.122816 0.126424
vt -0.506318 0.115325
vt 0.276068 0.039798
vt 1.063977 0.118183
vt -0.563411 0.118982
vt 0.211860 0.046321
vt 1.005179 0.107413
vt 1.351097 0.140232
vt 0.147767 0.053084
vt 0.684595 0.664349
vt 0.741669 0.669306
vt -0.158374 0.661008
vt -0.101599 0.660654
vt 0.626646 0.657348
vt -0.214890 0.659921
vt 0.567040 0.650635
vt -0.270955 0.661548
vt 0.506190 0.643973
vt -0.327211 0.668362
vt 0.444599 0.636890
vt 1.190701 0.707224
vt 1.245221 0.709633
vt -0.384390 0.676522
vt 0.382897 0.629727
vt 1.135916 0.703140
vt -0.441480 0.682343
vt 0.321240 0.626046
vt 1.080250 0.697987
vt -0.497360 0.686342
vt 0.259386 0.628463
vt 1.023502 0.690987
vt -0.552190 0.689288
vt 0.197266 0.634358
vt 0.966830 0.681651
vt 1.299717 0.709649
vt 0.135268 0.640173
vt 0.910999 0.673679
vt 0.074043 0.645582
vt 0.855024 0.670900
vt 0.014063 0.651069
vt 0.798426 0.670825
vt -0.044274 0.656873
vt 0.485892 1.210586
vt 0.546138 1.216307
vt -0.337754 1.224681
vt -0.282344 1.218964
vt 0.424744 1.204231
vt 1.160475 1.261089
vt 1.214613 1.263550
vt -0.394196 1.231945
vt 0.363424 1.197536
vt 1.106201 1.257220
vt -0.450662 1.237037
vt 0.302192 1.194092
vt 1.051157 1.252577
vt -0.506077 1.240539
vt 0.240775 1.196262
vt 0.995157 1.246327
vt -0.560588 1.243287
vt 0.179058 1.201679
vt 0.939310 1.237907
vt 1.268915 1.263869
vt 0.117524 1.206764
vt 0.884382 1.231051
vt 0.056925 1.211231
vt 0.829211 1.229694
vt -0.002275 1.215596
vt 0.773702 1.231239
vt -0.059594 1.220203
vt 0.717776 1.231305
vt -0.115678 1.222668
vt 0.661933 1.227684
vt -0.171616 1.221444
vt 0.604986 1.221895
vt -0.227055 1.218752
vt 0.277936 1.980642
vt 0.335079 1.983817
vt 0.977190 2.030807
vt 1.029336 2.035110
vt -0.475901 2.020104
vt -0.423597 2.016836
vt 0.220627 1.982673
vt 0.924274 2.025045
vt -0.527364 2.022712
vt 0.163122 1.987726
vt 0.871682 2.017271
vt 1.132186 2.041104
vt 1.183600 2.041457
vt 0.105888 1.992330
vt 0.820104 2.011131
vt 0.049581 1.996211
vt 0.768574 2.010412
vt -0.005343 1.999918
vt 0.716742 2.012568
vt -0.058505 2.003798
vt 0.664786 2.013303
vt -0.110623 2.005557
vt 0.612778 2.010503
vt -0.162456 2.003791
vt 0.559869 2.005562
vt -0.214068 2.000602
vt 0.505192 2.000760
vt -0.265559 2.000299
vt 0.449151 1.995757
vt -0.317435 2.005405
vt 0.392232 1.990011
vt 1.080838 2.038743
vt -0.370423 2.012128
vt 0.091126 2.564072
vt 0.147108 2.561112
vt 0.789073 2.564411
vt 0.840513 2.567749
vt 0.035971 2.565838
vt 0.738625 2.566550
vt -0.017951 2.567031
vt 0.688631 2.571487
vt -0.070339 2.568072
vt 0.638343 2.575006
vt -0.121431 2.566878
vt 0.587176 2.575105
vt -0.171408 2.562287
vt 0.534867 2.572943
vt -0.220992 2.556288
vt 0.481038 2.570596
vt -0.271212 2.553072
vt 0.426021 2.567652
vt -0.322790 2.555304
vt 0.370267 2.563496
vt 1.048037 2.581506
vt 1.098560 2.583164
vt -0.375651 2.559361
vt 0.314462 2.558332
vt 0.997246 2.579080
vt -0.428354 2.561790
vt 0.258912 2.555473
vt 0.945683 2.576508
vt -0.479987 2.563251
vt 0.203211 2.557143
vt 0.893119 2.572943
vt -0.530760 2.564576
vt 1.149100 2.583313
vt -0.081981 2.955735
vt -0.030098 2.952930
vt 0.622690 2.964729
vt 0.672590 2.963106
vt -0.132609 2.956398
vt 0.572125 2.962946
vt -0.182335 2.953674
vt 0.520458 2.958999
vt -0.231675 2.949530
vt 0.467145 2.955029
vt -0.281250 2.948142
vt 0.412521 2.950700
vt -0.332062 2.951976
vt 0.357048 2.945460
vt 1.027954 2.981932
vt 1.078276 2.983580
vt -0.384281 2.957335
vt 0.301396 2.939569
vt 0.977435 2.979160
vt -0.436528 2.960784
vt 0.245836 2.936409
vt 0.926261 2.975869
vt -0.487848 2.962928
vt 0.190100 2.938344
vt 0.874252 2.971250
vt -0.538420 2.964563
vt 0.134088 2.943003
vt 0.822408 2.964729
vt 1.128572 2.983365
vt 0.078304 2.947019
vt 0.771868 2.959768
vt 0.023435 2.950140
vt 0.722205 2.960057
vt -0.248012 3.354027
vt -0.198721 3.356832
vt 0.455404 3.353049
vt 0.508830 3.358227
vt -0.297421 3.353871
vt 0.400485 3.347659
vt -0.347753 3.358795
vt 0.344553 3.341578
vt 1.012559 3.391285
vt 1.062477 3.393033
vt -0.399421 3.365131
vt 0.288291 3.335110
vt 0.962497 3.388219
vt -0.451208 3.369384
vt 0.231973 3.331715
vt 0.911848 3.384380
vt -0.502134 3.372124
vt 0.175460 3.333860
vt 0.860430 3.379009
vt -0.552382 3.374115
vt 0.118789 3.339080
vt 0.809267 3.371551
vt 1.112503 3.392753
vt 0.062473 3.343919
vt 0.759335 3.365529
vt 0.007219 3.348086
vt 0.709975 3.364604
vt -0.046532 3.352082
vt 0.660546 3.366326
vt -0.098456 3.356196
vt 0.610851 3.366610
vt -0.149072 3.358208
vt 0.560422 3.363484
vt 0.991336 3.813636
vt 1.040491 3.814869
vt -0.407706 3.783808
vt -0.357804 3.775287
vt 0.276075 3.719068
vt 0.332909 3.727002
vt 0.941984 3.810315
vt -0.457956 3.789694
vt 0.218727 3.715197
vt 0.892171 3.805456
vt -0.507523 3.793384
vt 0.161165 3.717746
vt 0.841913 3.798376
vt -0.556340 3.795551
vt 0.103855 3.724364
vt 0.792283 3.788666
vt 1.089449 3.813412
vt 0.047352 3.731500
vt 0.743719 3.779785
vt -0.007694 3.738714
vt 0.694849 3.775356
vt -0.060797 3.746316
vt 0.645436 3.773121
vt -0.111626 3.754354
vt 0.595928 3.769261
vt -0.161354 3.760455
vt 0.546504 3.761997
vt -0.210870 3.763165
vt 0.496149 3.752773
vt -0.260123 3.764262
vt 0.443510 3.743932
vt -0.308965 3.767558
vt 0.388925 3.735443
vt 0.834544 3.991457
vt 0.843977 4.238767
vt 0.895535 4.244455
vt 0.887582 4.002648
vt -0.581673 3.995211
vt -0.597023 4.230221
vt -0.547424 4.228699
vt -0.526261 3.991532
vt 0.094602 3.870611
vt 0.083436 4.191174
vt 0.142011 4.185927
vt 0.153484 3.861832
vt 0.783929 3.977030
vt 0.792567 4.230673
vt 1.051747 4.017707
vt 1.045569 4.251977
vt 1.094766 4.250658
vt 1.107397 4.015443
vt 0.037239 3.880908
vt 0.025240 4.196108
vt 0.735647 3.963309
vt 0.742209 4.223799
vt -0.017908 3.892048
vt -0.031773 4.200458
vt 0.687103 3.953918
vt 0.692155 4.222001
vt -0.070351 3.904120
vt -0.087107 4.204767
vt 0.637981 3.946568
vt 0.641703 4.222899
vt -0.119925 3.916949
vt -0.140420 4.209344
vt 0.589500 3.937539
vt 0.590745 4.222369
vt -0.168479 3.928019
vt -0.192189 4.211910
vt 0.541807 3.925225
vt 0.539081 4.218426
vt -0.217569 3.935775
vt -0.242950 4.211108
vt 0.493231 3.911132
vt 0.486068 4.212427
vt -0.267175 3.941834
vt -0.293069 4.208911
vt 0.441730 3.897738
vt 0.431038 4.206642
vt -0.316380 3.949927
vt -0.342987 4.209415
vt 0.387464 3.885221
vt 0.374359 4.200768
vt -0.365692 3.962327
vt -0.393591 4.214978
vt 0.330924 3.873514
vt 0.316574 4.194284
vt 0.996331 4.015850
vt 0.996054 4.250957
vt -0.417443 3.975360
vt -0.445295 4.221738
vt 0.272761 3.863293
vt 0.258464 4.187479
vt 0.941617 4.010605
vt 0.946176 4.248262
vt -0.471438 3.985086
vt -0.496907 4.226126
vt 0.213281 3.858390
vt 0.200351 4.183857
vt 0.697814 4.575210
vt 0.735202 4.923368
vt 0.793432 4.925523
vt 0.748911 4.572211
vt -0.119251 4.572978
vt -0.168150 4.893527
vt -0.104050 4.886651
vt -0.061265 4.572050
vt 0.647058 4.580796
vt 0.677238 4.923587
vt -0.174964 4.573613
vt -0.229789 4.900570
vt 0.595335 4.584806
vt 0.618746 4.921508
vt -0.228329 4.571720
vt -0.289590 4.904903
vt 0.541491 4.584997
vt 0.559415 4.914953
vt -0.279140 4.566112
vt -0.348009 4.904793
vt 0.485597 4.582583
vt 0.498581 4.905637
vt -0.328796 4.558984
vt -0.405614 4.902415
vt 0.427508 4.579802
vt 0.435293 4.896416
vt -0.378989 4.554420
vt -0.463743 4.902372
vt 0.367593 4.576253
vt 0.369862 4.887183
vt -0.431310 4.554982
vt -0.523951 4.907302
vt 0.306413 4.571330
vt 0.302876 4.877551
vt 1.011244 4.579427
vt 1.097334 4.945949
vt 1.156314 4.942468
vt 1.060934 4.577942
vt -0.484897 4.556880
vt -0.586212 4.912817
vt 0.244878 4.565293
vt 0.235197 4.868058
vt 0.960710 4.579788
vt 1.037511 4.946607
vt -0.537469 4.556731
vt -0.648191 4.914844
vt 0.183551 4.561774
vt 0.167157 4.863018
vt 0.909003 4.579613
vt 0.976760 4.945126
vt -0.588285 4.555282
vt -0.708702 4.913951
vt 0.122008 4.563354
vt 0.098688 4.865605
vt 0.855725 4.578073
vt 0.914894 4.940689
vt -0.637732 4.553346
vt -0.767979 4.910961
vt 0.060078 4.567437
vt 0.030097 4.872636
vt 0.801706 4.574445
vt 0.853167 4.932759
vt 1.214098 4.935415
vt 1.109850 4.574644
vt -0.001324 4.570411
vt -0.037790 4.879827
vt 0.376877 5.688362
vt 0.460941 5.695098
vt -0.761700 5.662675
vt -0.684015 5.662439
vt 0.291140 5.680068
vt 1.314310 5.698029
vt 1.389859 5.691848
vt -0.842148 5.664241
vt 0.204850 5.670650
vt 1.237597 5.701543
vt -0.921541 5.662155
vt 0.118698 5.665229
vt 1.159533 5.703330
vt -0.998658 5.657351
vt 0.032102 5.667233
vt 1.079597 5.702286
vt -1.074035 5.650916
vt -0.055093 5.673216
vt 0.999135 5.697534
vt 1.464059 5.681979
vt -0.141564 5.678094
vt 0.921324 5.694218
vt -0.226144 5.681482
vt 0.846589 5.697699
vt -0.308272 5.684141
vt 0.772990 5.704432
vt -0.387568 5.686503
vt 0.698247 5.708267
vt -0.464001 5.685214
vt 0.621649 5.706521
vt -0.537866 5.678442
vt 0.542677 5.701013
vt -0.610187 5.668842
vt 1.403325 5.982574
vt 1.491465 5.975019
vt 1.509261 6.025278
vt 1.417838 6.033027
vt 1.578064 5.962996
vt 1.599010 6.012736
vt 1.040054 5.984668
vt 1.132032 5.989277
vt -0.078284 5.964138
vt 0.011410 5.957745
vt -1.199793 5.927644
vt -1.112327 5.936189
vt 1.223930 5.989798
vt 0.100179 5.955372
vt -1.023229 5.942836
vt 1.314187 5.987155
vt 0.188419 5.961346
vt -0.931954 5.946353
vt 0.277085 5.971371
vt -0.839962 5.945767
vt 0.365848 5.980252
vt -0.752071 5.946737
vt 0.453741 5.987469
vt -0.670358 5.955273
vt 0.540192 5.993696
vt -0.591441 5.967132
vt 0.624844 5.999315
vt -0.511376 5.975708
vt 0.707834 6.000702
vt -0.428514 5.977756
vt 0.788905 5.995471
vt -0.343436 5.975645
vt 0.869279 5.986930
vt -0.256467 5.972978
vt 0.952053 5.981858
vt -0.167922 5.969380
vt 1.593708 -5.013367
vt 1.703341 -4.996034
vt 0.120363 -5.034750
vt 0.236781 -5.043726
vt 2.229255 -4.883023
vt 2.329367 -4.859784
vt 1.813296 -4.972940
vt 0.352312 -5.054228
vt -1.199794 -4.896068
vt -1.098461 -4.920677
vt 1.922111 -4.951404
vt 0.466462 -5.059482
vt -0.993364 -4.943565
vt 2.027443 -4.930045
vt 0.580573 -5.054199
vt -0.884652 -4.966608
vt 2.129186 -4.906918
vt 0.695981 -5.043693
vt -0.774733 -4.991090
vt 0.812176 -5.034758
vt -0.664893 -5.009615
vt 0.927893 -5.027740
vt -0.554881 -5.014645
vt 1.042380 -5.021276
vt -0.445183 -5.011734
vt 1.155145 -5.014483
vt -0.335195 -5.009929
vt 1.266071 -5.011204
vt -0.223756 -5.013734
vt 1.375375 -5.013670
vt -0.110571 -5.020923
vt 1.484292 -5.017385
vt 0.004325 -5.027611
vt 0.043173 0.728110
vt 0.104439 0.139359
vt -0.189344 0.165654
vt -0.306441 0.763438
vt -3.689168 -0.400588
vt -3.033772 -0.811508
vt -3.185841 -0.947198
vt -3.876490 -0.562437
vt 0.381644 0.677693
vt 0.390374 0.100802
vt -3.469883 -0.256009
vt -2.850265 -0.689947
vt 0.704451 0.612138
vt 0.665260 0.049757
vt -3.247556 -0.113407
vt -2.662075 -0.569929
vt 1.017559 0.546146
vt 0.933002 -0.002531
vt -3.032754 0.035639
vt -2.477837 -0.444766
vt 1.329605 0.488849
vt 1.199377 -0.048851
vt -2.809789 0.186161
vt -2.286330 -0.319136
vt 1.639305 0.429141
vt 1.463562 -0.097091
vt -2.560389 0.327712
vt -2.074126 -0.201646
vt 1.932980 0.346462
vt 1.714729 -0.164735
vt -2.288460 0.459078
vt -1.844298 -0.092904
vt 2.200108 0.226904
vt 1.945235 -0.262384
vt -1.999217 0.580793
vt -1.601022 0.007637
vt 3.788757 -0.443437
vt 3.310320 -0.821231
vt 3.074902 -0.744749
vt 3.510355 -0.354921
vt 2.459348 0.093622
vt 2.169806 -0.371577
vt -1.695375 0.689667
vt -1.346749 0.097393
vt 4.077471 -0.525798
vt 3.553488 -0.893580
vt 2.724070 -0.029474
vt 2.398513 -0.473191
vt -1.370614 0.766140
vt -1.076182 0.160416
vt 4.376160 -0.609523
vt 3.803549 -0.966358
vt 2.987375 -0.142776
vt 2.625604 -0.567853
vt -1.021648 0.792738
vt -0.786759 0.184592
vt 4.692152 -0.690878
vt 4.064224 -1.037344
vt 3.246742 -0.252552
vt 2.848946 -0.659229
vt -0.663139 0.785641
vt -0.487883 0.181258
vt 5.025745 -0.766194
vt 4.333313 -1.103457
vt -3.284822 -1.103457
vt -4.008537 -0.752240
vt -4.508401 -0.175263
vt -4.666470 -0.381969
vt -0.428584 1.307856
vt -0.833225 1.332279
vt 3.958556 0.048112
vt 3.655126 0.163545
vt 5.666470 -0.411828
vt 5.295244 -0.334312
vt -1.238642 1.340004
vt 3.357512 0.287348
vt 4.939511 -0.245099
vt -1.631308 1.309409
vt 3.055813 0.416592
vt 4.602040 -0.150697
vt -1.998114 1.224831
vt 2.751504 0.556070
vt 4.275266 -0.054850
vt -2.342160 1.103257
vt 2.451425 0.705907
vt -2.671448 0.967273
vt 2.141823 0.839878
vt -2.982640 0.820323
vt 1.803309 0.932880
vt -3.269784 0.661499
vt 1.447746 0.999842
vt -3.528265 0.491800
vt 1.087955 1.064909
vt -3.778096 0.323646
vt 0.726809 1.139375
vt -4.036255 0.163791
vt 0.355993 1.212789
vt -4.290666 0.003495
vt -0.030734 1.268826
vt -0.717798 0.077709
vt -0.654949 0.033833
vt -0.733193 0.071027
vt -0.644822 0.100944
vt -0.640991 0.101726
vt -0.651396 0.112662
vt -0.719707 0.890264
vt -0.713678 0.889906
vt -0.766247 0.691605
vt -0.807339 0.692070
vt -0.815622 0.904142
vt -0.936324 0.700655
vt -1.005212 0.710334
vt -0.842334 0.910760
vt -0.916677 0.364990
vt -0.903908 0.335922
vt -0.964251 0.325195
vt -0.985103 0.356203
vt -0.828132 0.376158
vt -0.819405 0.349344
vt -0.853675 0.344084
vt -0.867485 0.371271
vt 1.054196 0.213434
vt 1.058591 0.219363
vt 1.055869 0.213501
vt 0.777132 0.113980
vt 0.759459 0.113180
vt 0.778136 0.116105
vt 1.076226 0.213845
vt 1.083771 0.220998
vt 1.078463 0.213837
vt 0.796234 0.139348
vt 0.784938 0.140053
vt 0.797691 0.140630
vt 1.100618 0.212869
vt 1.103154 0.212674
vt 1.110963 0.220076
vt 0.824838 0.159697
vt 0.826112 0.160409
vt 0.817937 0.160919
vt 1.126809 0.209301
vt 1.129373 0.208795
vt 1.139351 0.215747
vt 0.855437 0.174722
vt 0.856335 0.175094
vt 0.851218 0.176000
vt 1.153778 0.201635
vt 1.155277 0.201073
vt 1.162753 0.204915
vt 0.883214 0.185253
vt 0.883820 0.185455
vt 0.880541 0.186448
vt 1.179473 0.189246
vt 1.180103 0.188870
vt 1.184144 0.190347
vt 0.907071 0.192639
vt 0.907678 0.192806
vt 0.904564 0.194198
vt 1.202897 0.172608
vt 1.212018 0.173665
vt 1.203913 0.171755
vt 0.927747 0.197947
vt 0.928710 0.198167
vt 0.924215 0.200964
vt -0.659989 0.888754
vt -0.684952 0.693250
vt -0.726141 0.692109
vt -0.666946 0.888705
vt 1.224454 0.151053
vt 1.226063 0.149108
vt 1.241948 0.150948
vt 0.946643 0.201904
vt 0.947531 0.202071
vt 0.943982 0.205102
vt -0.562993 0.109919
vt -0.562237 0.115297
vt -0.561125 0.109964
vt 1.252263 0.099166
vt 1.143887 0.117051
vt 1.244829 0.116447
vt 0.964456 0.204910
vt 0.964933 0.204983
vt 0.963429 0.206791
vt -0.519366 0.109536
vt -0.518255 0.109487
vt -0.517823 0.112567
vt 1.026308 0.715972
vt 1.031892 0.669022
vt 0.993332 0.673722
vt 0.985293 0.721900
vt 0.981470 0.207266
vt 0.980991 0.208938
vt 0.981875 0.207318
vt -0.476291 0.105914
vt -0.473845 0.105583
vt -0.470380 0.112388
vt 0.998377 0.209222
vt 0.998905 0.209278
vt 0.998290 0.211422
vt -0.435198 0.097905
vt -0.431430 0.096841
vt -0.421494 0.107726
vt 1.015793 0.210910
vt 1.016537 0.210975
vt 1.016421 0.213932
vt -0.397568 0.084554
vt -0.394168 0.082968
vt -0.379973 0.093140
vt 1.034239 0.212349
vt 1.035342 0.212424
vt 1.036208 0.216590
vt 0.773655 0.085027
vt 0.751070 0.081491
vt 0.773240 0.087865
vt 0.117508 0.884675
vt -0.061979 0.667275
vt -0.131446 0.670897
vt 0.109864 0.886520
vt 1.040739 0.866148
vt 1.097366 0.729886
vt 1.058522 0.735780
vt 1.032452 0.866167
vt -0.388645 0.925620
vt -0.261772 0.740590
vt -0.310669 0.736282
vt -0.394697 0.924364
vt 0.974710 0.866533
vt 1.020643 0.741371
vt 0.981447 0.747028
vt 0.965076 0.866632
vt -0.440971 0.915719
vt -0.355892 0.731930
vt -0.399161 0.727757
vt -0.447318 0.914660
vt 0.906451 0.867446
vt 0.944357 0.751930
vt 0.905066 0.756669
vt 0.895736 0.867633
vt -0.494197 0.906668
vt -0.439981 0.722538
vt -0.481622 0.715950
vt -0.501740 0.905353
vt 0.836219 0.868983
vt 0.868612 0.760426
vt 0.829418 0.763670
vt 0.824718 0.869302
vt -0.605058 0.107177
vt -0.607006 0.116522
vt -0.601949 0.107505
vt -0.548734 0.897847
vt -0.520675 0.709840
vt -0.563803 0.703742
vt -0.557553 0.896571
vt 0.764368 0.871150
vt 0.793292 0.765971
vt 0.754319 0.767463
vt 0.752716 0.871538
vt 1.619974 0.956847
vt 1.939030 0.749504
vt 1.842318 0.738177
vt 1.588578 0.945804
vt -0.604694 0.891350
vt -0.602889 0.699010
vt -0.645557 0.695658
vt -0.612961 0.890723
vt 0.692412 0.872561
vt 0.718128 0.767923
vt 0.679520 0.767300
vt 0.681584 0.872570
vt 1.537731 0.930354
vt 1.782175 0.733197
vt 1.722985 0.730537
vt 1.530026 0.928361
vt -0.682335 0.091132
vt -0.693964 0.103355
vt -0.678270 0.092399
vt 0.621589 0.872005
vt 0.642842 0.765804
vt 0.603395 0.763073
vt 0.610729 0.871793
vt 1.477180 0.916725
vt 1.670351 0.728517
vt 1.617510 0.726722
vt 1.467759 0.914996
vt 0.549996 0.869725
vt 0.565649 0.759531
vt 0.523916 0.754425
vt 0.538210 0.869153
vt 1.413255 0.906614
vt 1.571870 0.725038
vt 1.525120 0.722665
vt 1.402918 0.905315
vt 0.476684 0.866593
vt 0.484265 0.748745
vt 0.439690 0.741421
vt 0.464861 0.866185
vt 1.347829 0.898615
vt 1.484504 0.720129
vt 1.443749 0.716801
vt 1.338987 0.897574
vt 0.403098 0.864788
vt 0.396888 0.733900
vt 0.348572 0.724715
vt 0.391870 0.864670
vt 1.285158 0.890205
vt 1.405994 0.713374
vt 1.368810 0.709748
vt 1.278020 0.889089
vt 0.329808 0.864831
vt 0.301320 0.716096
vt 0.248649 0.706611
vt 0.319503 0.864995
vt 1.225599 0.880725
vt 1.331301 0.707752
vt 1.293000 0.707543
vt 1.218692 0.879601
vt 0.257060 0.867007
vt 0.195619 0.697916
vt 0.137763 0.689089
vt 0.247997 0.867450
vt 1.166008 0.872395
vt 1.254158 0.709341
vt 1.214692 0.713376
vt 1.159038 0.871617
vt 0.185798 0.872789
vt 0.075533 0.680016
vt 0.006614 0.670402
vt 0.177604 0.873809
vt 1.104582 0.867513
vt 1.175281 0.718296
vt 1.136159 0.724028
vt 1.097201 0.867209
vt -0.211356 0.399247
vt -0.223995 0.365013
vt -0.257575 0.371305
vt -0.253363 0.404922
vt 1.042286 0.452511
vt 1.039140 0.410003
vt 1.015085 0.409872
vt 1.011971 0.453032
vt -0.955777 0.506016
vt -0.950337 0.483826
vt -1.022431 0.479082
vt -1.033626 0.505355
vt -0.302485 0.410315
vt -0.307910 0.377719
vt -0.342792 0.380953
vt -0.343520 0.412958
vt 0.981847 0.453195
vt 0.984132 0.409391
vt 0.960281 0.408736
vt 0.951716 0.453005
vt -0.390772 0.413541
vt -0.392095 0.382741
vt -0.430178 0.382340
vt -0.434287 0.411534
vt 0.922061 0.452288
vt 0.929821 0.407497
vt 0.905964 0.406134
vt 0.891894 0.451083
vt -0.480112 0.408462
vt -0.478358 0.380634
vt -0.518486 0.378253
vt -0.524719 0.404638
vt 0.861933 0.449208
vt 0.875062 0.403854
vt 0.851116 0.401608
vt 0.831569 0.446715
vt 1.864014 0.294743
vt 1.814346 0.258829
vt 1.739375 0.283764
vt 1.782894 0.324146
vt -0.569636 0.400870
vt -0.566029 0.375271
vt -0.604494 0.372765
vt -0.612200 0.397407
vt 0.800324 0.443446
vt 0.818779 0.397829
vt 0.794319 0.394515
vt 0.769341 0.439453
vt 1.726721 0.343332
vt 1.680530 0.303010
vt 1.639974 0.316519
vt 1.678530 0.357844
vt -0.657113 0.393705
vt -0.652036 0.368913
vt -0.687929 0.365401
vt -0.697202 0.390417
vt 0.736399 0.434312
vt 0.760038 0.389133
vt 0.733668 0.384414
vt 0.703619 0.428546
vt 1.628891 0.372842
vt 1.588183 0.332776
vt 1.550386 0.344853
vt 1.583407 0.385268
vt 0.669035 0.421379
vt 0.697403 0.377377
vt 0.668090 0.370884
vt 0.633438 0.413591
vt 1.539262 0.397356
vt 1.504497 0.358047
vt 1.469033 0.368057
vt 1.496788 0.407620
vt 0.596724 0.404499
vt 0.629410 0.361742
vt 0.597227 0.353240
vt 0.558133 0.394564
vt 1.455745 0.417095
vt 1.426066 0.378269
vt 1.394039 0.385256
vt 1.417179 0.424427
vt 0.518511 0.383175
vt 0.555271 0.341486
vt 0.520625 0.330711
vt 0.477058 0.370919
vt 1.377223 0.431081
vt 1.351788 0.392709
vt 1.323531 0.396745
vt 1.342364 0.435578
vt 0.434262 0.356863
vt 0.475392 0.315857
vt 0.439210 0.302694
vt 0.390742 0.342235
vt 1.303456 0.439669
vt 1.281948 0.401533
vt 1.256037 0.403659
vt 1.270913 0.442279
vt 0.345335 0.325538
vt 0.391506 0.284674
vt 0.354963 0.269521
vt 0.301211 0.309181
vt 1.233916 0.444858
vt 1.216346 0.406144
vt 1.191361 0.407274
vt 1.202486 0.446534
vt 0.251880 0.289965
vt 0.303367 0.248839
vt 0.264539 0.232844
vt 0.204763 0.272066
vt 0.148563 0.250145
vt 0.206076 0.210307
vt 0.164046 0.194500
vt 0.097267 0.230336
vt 1.104069 0.450762
vt 1.095726 0.409657
vt 1.071310 0.409915
vt 1.073450 0.451722
vt -0.946173 0.674888
vt -0.953891 0.634153
vt -1.024901 0.638424
vt -1.017432 0.683431
vt 0.114466 0.451712
vt 0.143433 0.403222
vt 0.088182 0.391318
vt 0.052471 0.438240
vt 1.263312 0.563590
vt 1.253361 0.519518
vt 1.221238 0.520465
vt 1.224916 0.564724
vt 1.111578 0.623588
vt 1.112948 0.599193
vt 1.074317 0.603383
vt 1.073319 0.627302
vt -0.063404 0.533944
vt -0.033854 0.460934
vt -0.105275 0.445595
vt -0.130996 0.532579
vt 0.228725 0.477957
vt 0.255392 0.428012
vt 0.204970 0.416261
vt 0.171835 0.465209
vt 1.340827 0.562121
vt 1.328990 0.517463
vt 1.296037 0.518433
vt 1.301807 0.562584
vt 0.334680 0.503861
vt 0.359054 0.452299
vt 0.311005 0.440563
vt 0.280437 0.490791
vt 1.421898 0.559025
vt 1.409116 0.513325
vt 1.373387 0.515537
vt 1.380755 0.560792
vt 0.432031 0.527368
vt 0.454516 0.474218
vt 0.410128 0.463922
vt 0.381916 0.515712
vt 1.509019 0.551709
vt 1.495655 0.505560
vt 1.454921 0.509859
vt 1.463642 0.555716
vt 0.521112 0.547029
vt 0.541899 0.492672
vt 0.501041 0.484082
vt 0.474941 0.537385
vt 1.603790 0.540465
vt 1.589529 0.494426
vt 1.543516 0.500541
vt 1.553284 0.546346
vt 0.603483 0.562787
vt 0.622401 0.507643
vt 0.584859 0.500769
vt 0.560741 0.555163
vt 1.706941 0.527009
vt 1.691418 0.481165
vt 1.641513 0.488105
vt 1.652159 0.533803
vt 0.680854 0.574701
vt 0.697424 0.519039
vt 0.663035 0.514008
vt 0.640869 0.569178
vt -0.676210 0.518296
vt -0.673340 0.502375
vt -0.715427 0.499760
vt -0.720868 0.515623
vt 1.820870 0.511029
vt 1.803788 0.466719
vt 1.750051 0.473965
vt 1.761702 0.518964
vt 0.755044 0.582385
vt 0.768735 0.526943
vt 0.736294 0.523713
vt 0.716552 0.578989
vt -0.584831 0.525024
vt -0.582171 0.508681
vt -0.626380 0.505531
vt -0.631603 0.521365
vt 1.986220 0.481338
vt 1.968547 0.447824
vt 1.871700 0.458787
vt 1.884909 0.499829
vt 0.827276 0.585843
vt 0.837846 0.531368
vt 0.805849 0.529739
vt 0.789193 0.584534
vt -0.492164 0.534636
vt -0.489702 0.515538
vt -0.535548 0.512110
vt -0.540677 0.529232
vt 0.898379 0.585680
vt 0.905607 0.532555
vt 0.873643 0.532321
vt 0.860392 0.586248
vt -0.399572 0.543826
vt -0.398337 0.520843
vt -0.442307 0.518577
vt -0.447231 0.539332
vt 0.969358 0.582560
vt 0.972990 0.531295
vt 0.941039 0.532140
vt 0.931363 0.584602
vt -0.305578 0.546723
vt -0.306998 0.520966
vt -0.349119 0.521748
vt -0.352557 0.546276
vt 1.041001 0.577450
vt 1.040947 0.528449
vt 1.008895 0.529939
vt 1.002877 0.580386
vt -0.205708 0.543390
vt -0.212974 0.514584
vt -0.255570 0.518475
vt -0.255631 0.545610
vt -0.809811 0.321746
vt -0.784053 0.255047
vt -0.813139 0.249918
vt -0.840800 0.316658
vt 1.688636 0.699033
vt 1.705724 0.645480
vt 1.651735 0.645915
vt 1.633188 0.697742
vt -0.810851 0.510773
vt -0.766676 0.513105
vt -0.763553 0.496598
vt -0.804953 0.493809
vt 1.187755 0.566566
vt 1.180717 0.521793
vt 1.148545 0.523185
vt 1.149482 0.568994
vt 1.089930 0.382160
vt 1.085990 0.364187
vt 1.065054 0.364622
vt 1.067653 0.381716
vt -0.250373 0.245138
vt -0.293499 0.187833
vt -0.316985 0.196391
vt -0.281356 0.251256
vt 1.033607 0.332322
vt 1.029221 0.296005
vt 1.015604 0.294938
vt 1.015538 0.332043
vt -0.328231 0.258663
vt -0.359436 0.208462
vt -0.384473 0.214181
vt -0.358647 0.262095
vt 0.990889 0.331568
vt 0.993514 0.292845
vt 0.980016 0.291571
vt 0.972702 0.330833
vt -0.405737 0.264029
vt -0.428067 0.220921
vt -0.455841 0.223308
vt -0.437454 0.263641
vt 0.948658 0.329700
vt 0.959010 0.289146
vt 0.945311 0.287563
vt 0.930106 0.328378
vt -0.484335 0.261460
vt -0.499787 0.225578
vt -0.528495 0.225962
vt -0.516189 0.259230
vt 0.905873 0.326370
vt 0.924530 0.284695
vt 0.910523 0.282692
vt 0.886862 0.324319
vt 1.599769 0.143691
vt 1.562432 0.138219
vt 1.515701 0.170229
vt 1.555072 0.180613
vt -0.561670 0.255899
vt -0.571807 0.225920
vt -0.599060 0.225548
vt -0.591837 0.253492
vt 0.861318 0.321098
vt 0.888694 0.279153
vt 0.874613 0.276654
vt 0.841987 0.318205
vt 1.513431 0.209333
vt 1.475258 0.197539
vt 1.454576 0.211120
vt 1.490715 0.224592
vt -0.636407 0.249178
vt -0.641977 0.224091
vt -0.667278 0.222615
vt -0.664064 0.246174
vt 0.814348 0.313250
vt 0.850607 0.272083
vt 0.836027 0.268874
vt 0.794204 0.309305
vt 1.454114 0.246773
vt 1.419444 0.232614
vt 1.398620 0.244040
vt 1.431282 0.259734
vt 0.764263 0.302448
vt 0.809889 0.262563
vt 0.793507 0.258101
vt 0.742094 0.296945
vt 1.397739 0.277067
vt 1.365121 0.260179
vt 1.343505 0.269226
vt 1.374193 0.287801
vt 0.709645 0.287843
vt 0.765384 0.249363
vt 0.746484 0.242944
vt 0.684876 0.280141
vt 1.339858 0.300513
vt 1.310179 0.281243
vt 1.290091 0.286677
vt 1.317655 0.307568
vt 0.649883 0.267728
vt 0.715680 0.230909
vt 0.694586 0.221670
vt 0.623094 0.257231
vt 1.279434 0.315447
vt 1.254981 0.295597
vt 1.239318 0.297697
vt 1.261431 0.318901
vt 0.586407 0.240539
vt 0.662055 0.204626
vt 0.641031 0.191396
vt 0.559449 0.227011
vt 1.221909 0.323323
vt 1.201737 0.302612
vt 1.189207 0.303050
vt 1.206723 0.324949
vt 0.524131 0.205985
vt 0.611802 0.168455
vt 0.596357 0.151901
vt 0.500400 0.190425
vt 1.170651 0.328047
vt 1.152433 0.303411
vt 1.139739 0.303131
vt 1.154744 0.328934
vt 0.468520 0.165294
vt 0.573536 0.125036
vt 0.561889 0.108079
vt 0.447493 0.147214
vt 0.415514 0.118337
vt 0.539299 0.077880
vt 0.525539 0.058608
vt 0.392317 0.098463
vt 1.077649 0.332186
vt 1.067130 0.298750
vt 1.053107 0.297837
vt 1.059518 0.332270
vt -0.852616 0.212514
vt -0.850029 0.195926
vt -0.898983 0.184407
vt -0.904150 0.200867
vt -0.779718 0.227630
vt -0.779434 0.209548
vt -0.803315 0.205247
vt -0.805205 0.222648
vt -0.856033 0.668875
vt -0.861204 0.630927
vt -0.904634 0.631895
vt -0.900438 0.671153
vt -0.813083 0.667771
vt -0.770348 0.667516
vt -0.772444 0.631005
vt -0.814530 0.630502
vt -0.849215 0.462122
vt -0.835844 0.403965
vt -0.877291 0.399304
vt -0.889172 0.458650
vt -0.073875 0.632213
vt -0.071173 0.572483
vt -0.139138 0.573020
vt -0.145696 0.635154
vt 1.103635 0.704426
vt 1.108658 0.659175
vt 1.070093 0.664144
vt 1.062765 0.710639
vt 1.108704 0.503566
vt 1.106530 0.472980
vt 1.074971 0.474244
vt 1.077067 0.504926
vt -0.345998 0.706555
vt -0.332037 0.665722
vt -0.376341 0.663130
vt -0.391122 0.702585
vt 0.949661 0.726546
vt 0.956101 0.677852
vt 0.917680 0.681529
vt 0.908759 0.731440
vt -0.432999 0.697785
vt -0.422176 0.658954
vt -0.466441 0.653791
vt -0.477097 0.691170
vt 0.873721 0.734876
vt 0.881067 0.684351
vt 0.842820 0.686444
vt 0.833117 0.738113
vt -0.516677 0.685451
vt -0.509838 0.648631
vt -0.555055 0.643088
vt -0.562217 0.679177
vt 0.798208 0.740045
vt 0.806245 0.687578
vt 0.768265 0.687801
vt 0.758068 0.741353
vt 1.964328 0.717426
vt 1.982398 0.658335
vt 1.885424 0.650812
vt 1.864687 0.707027
vt -0.601633 0.674974
vt -0.597875 0.638902
vt -0.642086 0.635703
vt -0.646453 0.671504
vt 0.722666 0.741695
vt 0.730998 0.686878
vt 0.693115 0.685075
vt 0.682933 0.740802
vt 1.803433 0.702744
vt 1.820936 0.647317
vt 1.762319 0.646108
vt 1.741779 0.700449
vt -0.686351 0.669349
vt -0.685420 0.633422
vt -0.727859 0.631935
vt -0.729384 0.668080
vt 0.646778 0.738917
vt 0.654678 0.682401
vt 0.615561 0.678558
vt 0.606073 0.735805
vt -0.858664 0.508716
vt -0.855037 0.490370
vt -0.897289 0.487407
vt -0.904232 0.507072
vt 0.568883 0.731581
vt 0.575781 0.674120
vt 0.533864 0.668077
vt 0.525565 0.725985
vt 1.587477 0.696718
vt 1.602352 0.646171
vt 1.553350 0.646856
vt 1.538200 0.694909
vt 0.486531 0.719894
vt 0.492059 0.661395
vt 0.446550 0.653082
vt 0.439792 0.711847
vt 1.497438 0.693334
vt 1.508833 0.646547
vt 1.465713 0.646356
vt 1.454498 0.690495
vt 0.397551 0.703863
vt 0.401202 0.644340
vt 0.351353 0.634017
vt 0.346480 0.693716
vt 1.416282 0.687850
vt 1.423658 0.645178
vt 1.385227 0.643850
vt 1.377678 0.684602
vt 0.299660 0.684550
vt 0.301078 0.623953
vt 0.246538 0.613134
vt 0.243639 0.673984
vt 1.339400 0.682808
vt 1.343729 0.643127
vt 1.306668 0.642686
vt 1.300562 0.682705
vt 0.191052 0.664828
vt 0.190470 0.603237
vt 0.131549 0.593829
vt 0.129396 0.655066
vt 1.261224 0.684446
vt 1.265080 0.643974
vt 1.227439 0.646251
vt 1.220999 0.688469
vt -0.249095 0.713410
vt -0.235474 0.668757
vt -0.282060 0.668146
vt -0.298934 0.709799
vt 0.067691 0.645949
vt 0.067209 0.584710
vt 0.001126 0.576487
vt -0.004565 0.635738
vt 1.182016 0.693053
vt 1.186535 0.649928
vt 1.148164 0.654265
vt 1.141246 0.698984
vt 1.188363 0.617465
vt 1.188595 0.591806
vt 1.149919 0.595211
vt 1.150185 0.620522
vt 0.073458 0.548055
vt 0.097289 0.486479
vt 0.032113 0.473879
vt 0.008622 0.540109
vt 1.113711 0.571609
vt 1.110067 0.524970
vt 1.077897 0.526625
vt 1.075506 0.574701
vt -0.012986 0.422966
vt 0.017550 0.377946
vt -0.044743 0.366961
vt -0.081506 0.406830
vt 1.266181 0.614151
vt 1.265436 0.587437
vt 1.226768 0.589165
vt 1.228452 0.615332
vt 0.195884 0.566068
vt 0.214775 0.510452
vt 0.155674 0.498282
vt 0.137403 0.556920
vt 1.344750 0.614830
vt 1.343676 0.585810
vt 1.304524 0.586309
vt 1.307239 0.613901
vt 0.306952 0.586074
vt 0.322807 0.535220
vt 0.267252 0.522279
vt 0.252415 0.575607
vt 1.425579 0.617072
vt 1.424903 0.583376
vt 1.383593 0.584775
vt 1.386482 0.615976
vt 0.407928 0.605215
vt 0.421364 0.558798
vt 0.370576 0.546909
vt 0.357953 0.595493
vt 1.512255 0.617301
vt 1.512220 0.577754
vt 1.466380 0.581176
vt 1.468590 0.617574
vt 0.499741 0.620555
vt 0.511062 0.579396
vt 0.464732 0.569345
vt 0.454019 0.612955
vt 1.607162 0.615398
vt 1.607716 0.568979
vt 1.556338 0.573928
vt 1.557910 0.616617
vt 0.584410 0.631374
vt 0.593685 0.596614
vt 0.551162 0.588484
vt 0.542224 0.626067
vt 1.711384 0.613448
vt 1.712255 0.558654
vt 1.655998 0.564102
vt 1.657497 0.614410
vt 0.663894 0.638409
vt 0.671355 0.609619
vt 0.631761 0.603660
vt 0.624520 0.635136
vt -0.684395 0.609277
vt -0.679334 0.543603
vt -0.725778 0.541163
vt -0.726880 0.607623
vt 1.826897 0.613490
vt 1.828199 0.547030
vt 1.766772 0.553312
vt 1.768664 0.613023
vt 0.740320 0.642310
vt 0.746302 0.617777
vt 0.707821 0.614227
vt 0.702063 0.640675
vt -0.595485 0.614865
vt -0.588125 0.549935
vt -0.636491 0.546345
vt -0.639753 0.611707
vt 1.989614 0.618209
vt 1.995446 0.522006
vt 1.891378 0.539083
vt 1.892225 0.614493
vt 0.814934 0.643194
vt 0.819751 0.621005
vt 0.781284 0.619938
vt 0.776691 0.643133
vt -0.505851 0.624262
vt -0.495673 0.560196
vt -0.545447 0.554248
vt -0.551290 0.618898
vt 0.888428 0.641269
vt 0.892377 0.619698
vt 0.853994 0.620801
vt 0.850292 0.642770
vt -0.416277 0.633985
vt -0.402763 0.570361
vt -0.452093 0.565179
vt -0.461007 0.629213
vt 0.961919 0.636772
vt 0.965082 0.614838
vt 0.926692 0.617672
vt 0.923817 0.639564
vt -0.324496 0.639252
vt -0.308135 0.574344
vt -0.357088 0.573359
vt -0.368953 0.637288
vt 1.036171 0.630493
vt 1.038507 0.607518
vt 0.999978 0.611456
vt 0.997972 0.634072
vt -0.226859 0.639230
vt -0.206728 0.572872
vt -0.258967 0.574425
vt -0.273294 0.639694
vt -0.814893 0.605290
vt -0.772771 0.606163
vt -0.769637 0.539230
vt -0.815711 0.537372
vt -0.862870 0.604828
vt -0.861539 0.536251
vt -0.909175 0.535396
vt -0.906339 0.605201
vt -0.957134 0.605987
vt -0.959037 0.535626
vt -1.038538 0.536773
vt -1.029341 0.608244
vt -0.942723 0.453733
vt -0.926842 0.393935
vt -0.998157 0.386005
vt -1.012071 0.447420
vt -0.781557 0.381685
vt -0.742654 0.385980
vt -0.735935 0.360205
vt -0.770489 0.355978
vt 1.041533 0.506196
vt 1.042314 0.475505
vt 1.011035 0.476365
vt 1.010042 0.507353
vt -0.215578 0.484845
vt -0.208456 0.428882
vt -0.252388 0.434220
vt -0.254717 0.489008
vt 1.177532 0.500849
vt 1.172501 0.470019
vt 1.140680 0.471458
vt 1.145909 0.502082
vt 0.168904 0.369859
vt 0.218630 0.319512
vt 0.167962 0.302138
vt 0.116937 0.356989
vt 1.248475 0.498153
vt 1.240865 0.466793
vt 1.208750 0.468458
vt 1.216955 0.499166
vt 0.276612 0.398105
vt 0.317631 0.352802
vt 0.270696 0.336963
vt 0.228499 0.385487
vt 1.322547 0.494986
vt 1.312516 0.462262
vt 1.279372 0.464684
vt 1.290305 0.496237
vt 0.376957 0.424638
vt 0.410973 0.382691
vt 0.365247 0.368273
vt 0.330526 0.412417
vt 1.401374 0.489823
vt 1.388369 0.454246
vt 1.352613 0.458456
vt 1.366420 0.492430
vt 0.470073 0.447848
vt 0.498588 0.408326
vt 0.455512 0.396115
vt 0.426732 0.437287
vt 1.486508 0.480545
vt 1.469562 0.441326
vt 1.429464 0.448272
vt 1.446563 0.485437
vt 0.555683 0.466961
vt 0.579500 0.429522
vt 0.539614 0.419504
vt 0.515532 0.458245
vt 1.578392 0.466877
vt 1.556692 0.423411
vt 1.512163 0.433066
vt 1.533533 0.473908
vt 0.634637 0.482132
vt 0.654210 0.446655
vt 0.617484 0.438697
vt 0.597605 0.475237
vt 1.677844 0.450204
vt 1.650849 0.401229
vt 1.602768 0.412827
vt 1.629648 0.458395
vt 0.707983 0.493627
vt 0.723871 0.459756
vt 0.690166 0.453863
vt 0.674074 0.488607
vt -0.669404 0.476116
vt -0.661635 0.420031
vt -0.703489 0.416939
vt -0.709405 0.473379
vt 1.787019 0.431416
vt 1.753869 0.374705
vt 1.702604 0.388300
vt 1.735740 0.440093
vt 0.777571 0.501633
vt 0.790152 0.468970
vt 0.758191 0.464968
vt 0.745446 0.498311
vt -0.578937 0.482781
vt -0.572929 0.427227
vt -0.617098 0.423570
vt -0.621049 0.479569
vt 1.945993 0.408203
vt 1.898715 0.330880
vt 1.812424 0.358188
vt 1.853617 0.420763
vt 0.844756 0.506436
vt 0.854282 0.474539
vt 0.822798 0.472173
vt 0.813020 0.504609
vt -0.487086 0.489309
vt -0.482165 0.435119
vt -0.528264 0.431127
vt -0.530845 0.486225
vt 0.910350 0.508442
vt 0.916989 0.476947
vt 0.885782 0.475979
vt 0.878847 0.507951
vt -0.396437 0.493905
vt -0.391367 0.440549
vt -0.436594 0.438235
vt -0.438542 0.492072
vt 0.975618 0.508105
vt 0.979347 0.477039
vt 0.948229 0.477160
vt 0.944221 0.508641
vt -0.306814 0.492892
vt -0.301647 0.438300
vt -0.344435 0.440627
vt -0.346471 0.494048
vt 0.047929 0.340598
vt 0.108228 0.282283
vt 0.052677 0.262880
vt -0.009659 0.329452
vt 1.167747 0.448276
vt 1.154558 0.408465
vt 1.129812 0.409080
vt 1.136768 0.449538
vt -0.798009 0.466530
vt -0.758836 0.469659
vt -0.748627 0.413013
vt -0.789368 0.408829
vt -0.760266 0.329183
vt -0.728894 0.333228
vt -0.710020 0.266297
vt -0.739107 0.262098
vt 1.123249 0.330926
vt 1.107879 0.301350
vt 1.094029 0.300660
vt 1.105682 0.331367
vt 0.256983 0.182078
vt 0.361980 0.138075
vt 0.336177 0.118987
vt 0.221118 0.167336
vt -0.312073 0.349697
vt -0.318954 0.285262
vt -0.350348 0.288444
vt -0.343777 0.352902
vt 0.986777 0.378916
vt 0.988069 0.364515
vt 0.967503 0.363773
vt 0.965241 0.377943
vt -0.393639 0.355582
vt -0.397595 0.290276
vt -0.431676 0.289643
vt -0.428777 0.355425
vt 0.937061 0.376249
vt 0.940416 0.362379
vt 0.919873 0.360762
vt 0.915469 0.374898
vt -0.477824 0.353904
vt -0.477868 0.287580
vt -0.512756 0.285039
vt -0.514738 0.351798
vt 0.886836 0.372538
vt 0.892543 0.358124
vt 0.872001 0.355486
vt 0.864959 0.370654
vt 1.767539 0.227910
vt 1.660567 0.163560
vt 1.613977 0.203171
vt 1.700037 0.254144
vt -0.563341 0.348901
vt -0.557720 0.281563
vt -0.590813 0.278971
vt -0.598738 0.346631
vt 0.834452 0.367683
vt 0.843742 0.350953
vt 0.823010 0.347186
vt 0.811863 0.365055
vt 1.644488 0.276245
vt 1.572979 0.232167
vt 1.544943 0.249451
vt 1.608423 0.289876
vt -0.647227 0.342505
vt -0.635136 0.274912
vt -0.665735 0.271715
vt -0.680060 0.339046
vt 0.778877 0.360814
vt 0.793303 0.340819
vt 0.771367 0.335719
vt 0.754345 0.356993
vt 1.559036 0.308475
vt 1.505424 0.271236
vt 1.477233 0.285489
vt 1.524940 0.320625
vt 0.719075 0.350865
vt 0.740139 0.327509
vt 0.715965 0.320736
vt 0.691613 0.345282
vt 1.480754 0.335411
vt 1.440109 0.302467
vt 1.412189 0.313890
vt 1.448229 0.345359
vt 0.653617 0.336804
vt 0.682873 0.310214
vt 0.656324 0.301403
vt 0.623452 0.329066
vt 1.406299 0.356436
vt 1.375614 0.326732
vt 1.349039 0.334557
vt 1.376589 0.363170
vt 0.582146 0.317391
vt 0.620534 0.287978
vt 0.592130 0.276616
vt 0.549891 0.307213
vt 1.334412 0.370392
vt 1.311892 0.343717
vt 1.287693 0.348195
vt 1.308460 0.373978
vt 0.505558 0.291795
vt 0.554199 0.259529
vt 0.525463 0.245409
vt 0.472333 0.279107
vt 1.266397 0.377802
vt 1.250409 0.354183
vt 1.228359 0.356578
vt 1.243121 0.379358
vt 0.426317 0.259948
vt 0.487692 0.224721
vt 0.461389 0.208721
vt 0.393526 0.245233
vt 1.203545 0.381315
vt 1.192198 0.359666
vt 1.171034 0.361006
vt 1.181073 0.381825
vt 0.345140 0.222605
vt 0.424934 0.184285
vt 0.400885 0.166041
vt 0.311324 0.207052
vt 1.145134 0.382548
vt 1.137637 0.362466
vt 1.116537 0.363274
vt 1.122585 0.382481
vt -0.231942 0.335542
vt -0.239356 0.273074
vt -0.270426 0.278719
vt -0.261460 0.341501
vt 1.037367 0.380834
vt 1.036356 0.364998
vt 1.015656 0.364943
vt 1.015571 0.380131
vt -0.734398 0.235926
vt -0.708620 0.239958
vt -0.710753 0.218930
vt -0.734726 0.216010
vt -0.891020 0.307480
vt -0.860295 0.241463
vt -0.916080 0.230958
vt -0.947660 0.296364
vt 1.321353 0.238851
vt 1.215467 0.200004
vt 1.212177 0.201951
vt 1.304016 0.247099
vt 0.832517 0.245715
vt 0.884916 0.207752
vt 0.880901 0.206725
vt 0.818418 0.241762
vt 1.366873 0.212498
vt 1.243869 0.180096
vt 1.240938 0.182495
vt 1.349976 0.222928
vt 0.868333 0.254580
vt 0.910583 0.213707
vt 0.907610 0.213093
vt 0.855994 0.251801
vt -0.639532 0.200260
vt -0.612339 0.131962
vt -0.616484 0.131530
vt -0.661088 0.198884
vt 1.414256 0.180128
vt 1.270593 0.154635
vt 1.268478 0.157020
vt 1.397053 0.192131
vt 0.901833 0.261035
vt 0.933762 0.218268
vt 0.931292 0.217857
vt 0.890489 0.259002
vt -0.573480 0.201988
vt -0.562860 0.135045
vt -0.568793 0.134888
vt -0.596975 0.201673
vt 1.496720 0.128395
vt 1.307355 0.099387
vt 1.294709 0.121781
vt 1.452252 0.155175
vt 0.933757 0.265798
vt 0.955601 0.221796
vt 0.952983 0.221451
vt 0.922581 0.264209
vt -0.505495 0.201151
vt -0.511391 0.134682
vt -0.518660 0.134946
vt -0.530852 0.201644
vt 0.964568 0.269521
vt 0.976670 0.224357
vt 0.973956 0.224079
vt 0.953400 0.268266
vt -0.438362 0.196065
vt -0.460531 0.130526
vt -0.466394 0.131260
vt -0.462082 0.198326
vt 0.995332 0.272511
vt 0.997565 0.226295
vt 0.994895 0.226079
vt 0.984067 0.271521
vt -0.374950 0.183347
vt -0.412280 0.121323
vt -0.415572 0.122204
vt -0.394697 0.188077
vt 1.027050 0.274956
vt 1.018939 0.227844
vt 1.016369 0.227679
vt 1.015479 0.274170
vt -0.315240 0.162348
vt -0.367521 0.106188
vt -0.369712 0.107147
vt -0.332663 0.169085
vt 1.060588 0.276948
vt 1.041405 0.229096
vt 1.039017 0.228982
vt 1.048527 0.276331
vt 0.595307 0.070925
vt 0.718924 0.079016
vt 0.718978 0.077015
vt 0.587035 0.056276
vt 1.096755 0.278434
vt 1.065527 0.229895
vt 1.063362 0.229841
vt 1.084078 0.278032
vt -0.724659 0.192119
vt -0.703973 0.194876
vt -0.659171 0.125064
vt -0.662208 0.124463
vt 0.621467 0.116215
vt 0.727090 0.113532
vt 0.725802 0.110918
vt 0.613614 0.102897
vt 1.136412 0.278945
vt 1.091911 0.229902
vt 1.089891 0.229930
vt 1.122898 0.278953
vt -0.768093 0.184989
vt -0.703739 0.114253
vt -0.706157 0.113532
vt -0.788762 0.180860
vt 0.654237 0.157660
vt 0.750606 0.144083
vt 0.747323 0.141073
vt 0.642441 0.144115
vt 1.180077 0.277309
vt 1.120965 0.228323
vt 1.118869 0.228497
vt 1.165331 0.278191
vt -0.833165 0.170425
vt -0.746487 0.099464
vt -0.768915 0.090566
vt -0.877170 0.158462
vt 0.699263 0.191894
vt 0.784753 0.168845
vt 0.780021 0.166171
vt 0.682521 0.181020
vt 1.226891 0.271429
vt 1.152197 0.223788
vt 1.149980 0.224232
vt 1.210952 0.273986
vt 0.747887 0.216458
vt 0.821598 0.186894
vt 0.816540 0.184831
vt 0.730708 0.208750
vt 1.274683 0.258843
vt 1.184499 0.214719
vt 1.181751 0.215753
vt 1.257703 0.264063
vt 0.792729 0.233538
vt 0.855437 0.199294
vt 0.850710 0.197785
vt 0.776920 0.228024
vt -0.891973 0.696075
vt -0.849105 0.693509
vt -0.382641 0.095332
vt -0.359874 0.084712
vt -0.379876 0.074951
vt -0.141562 0.655644
vt -0.182759 0.657642
vt -0.165806 0.672834
vt 0.075572 0.247538
vt 0.038799 0.233783
vt 0.016219 0.256863
vt -0.180796 0.571651
vt -0.176603 0.557058
vt -0.202525 0.558062
vt 0.363485 0.106592
vt 0.345176 0.092129
vt 0.309182 0.106781
vt -0.170138 0.536045
vt -0.175190 0.552431
vt -0.143556 0.552411
vt -0.217792 0.500048
vt -0.190457 0.497364
vt -0.188594 0.479734
vt -0.232573 0.351156
vt -0.204366 0.345645
vt -0.206882 0.326698
vt 0.569206 0.037168
vt 0.543182 0.033263
vt 0.552934 0.048842
vt 1.132919 0.138115
vt 1.232468 0.137519
vt 1.203600 0.137692
vt 1.165655 0.137919
vt 1.121325 0.138185
vt 1.075639 0.138458
vt 1.030241 0.138730
vt 1.009992 0.138852
vt 1.009992 0.138852
vt 1.009992 0.138852
vt 1.009992 0.138852
vt 1.009992 0.138852
vt 1.009992 0.138852
vt 1.009992 0.138852
vt 1.009992 0.138852
vt 1.009992 0.138852
vt 1.009992 0.138852
vt 1.009992 0.138852
vt 1.009992 0.138852
vt 1.009992 0.138852
vt 1.009992 0.138852
vt 1.009992 0.138852
vt 1.032040 0.141406
vt 1.076020 0.146503
vt 1.117649 0.151327
vt 1.153661 0.155500
vt 1.182867 0.158884
vt 1.199204 0.160777
vt 1.209024 0.161915
vt 1.221430 0.163352
vt -0.765745 0.894830
vt -0.771306 0.895610
vt -0.299872 0.149016
vt -0.351720 0.093450
vt -0.365910 0.930336
vt -0.239306 0.744954
vt -0.182708 0.424025
vt -0.199587 0.637060
vt -0.214866 0.266558
vt -0.223273 0.711999
vt -0.208513 0.666517
vt -0.180457 0.540452
vt -0.187612 0.509625
vt -0.187648 0.392554
vt -0.200394 0.356789
vt -0.226501 0.240660
vt -0.273595 0.179343
vt 0.778805 0.072378
vt 0.755851 0.065778
vt 2.082676 0.010486
vt 1.890086 0.076643
vt 1.832765 -0.288262
vt 1.994265 -0.443960
vt 0.618445 0.213334
vt 0.555234 0.214004
vt 0.565884 0.075442
vt 0.626854 0.081243
vt 2.336221 -0.100992
vt 2.194314 -0.670318
vt 0.679779 0.211013
vt 0.685763 0.084292
vt 2.682244 -0.286993
vt 2.444143 -1.010878
vt 0.738723 0.211694
vt 0.742448 0.088341
vt -0.657483 -0.205375
vt -0.988348 -0.428548
vt -0.744882 -1.131084
vt -0.506213 -0.760561
vt 0.795859 0.215442
vt 0.797376 0.093759
vt -0.405186 -0.050185
vt -0.312078 -0.497002
vt 0.851349 0.219325
vt 0.850866 0.097749
vt -0.209154 0.046164
vt -0.150748 -0.316690
vt 0.905404 0.221129
vt 0.903400 0.100406
vt -0.056130 0.099882
vt -0.016348 -0.207823
vt 0.958851 0.223693
vt 0.955615 0.102917
vt 0.066453 0.136494
vt 0.095745 -0.128921
vt 1.333156 0.217750
vt 1.258503 0.225811
vt 1.250395 0.063950
vt 1.322651 0.042854
vt 1.012616 0.226675
vt 1.008307 0.104153
vt 0.171964 0.158408
vt 0.200653 -0.066507
vt 1.416141 0.205014
vt 1.402212 0.010608
vt 1.068075 0.229308
vt 1.062795 0.101746
vt 0.267541 0.173556
vt 0.288884 -0.021706
vt 1.508947 0.187398
vt 1.490479 -0.031006
vt 1.126808 0.229742
vt 1.120526 0.093721
vt 0.350954 0.191893
vt 0.365919 0.012412
vt 1.614372 0.160816
vt 1.588477 -0.090861
vt 1.190015 0.228840
vt 1.182258 0.082951
vt 0.425371 0.204412
vt 0.439918 0.040241
vt 1.738386 0.124824
vt 1.700332 -0.174506
vt 0.491291 0.209943
vt 0.504585 0.060059
vt 0.551995 0.343797
vt 0.488561 0.352475
vt 1.893440 0.425044
vt 1.738197 0.406998
vt 0.421840 0.356766
vt 1.257359 0.374596
vt 1.190817 0.363863
vt 1.612291 0.396976
vt 0.348330 0.361071
vt 1.128117 0.355038
vt 1.506008 0.390860
vt 0.263899 0.367347
vt 1.069529 0.346943
vt 1.413133 0.384779
vt 0.170439 0.375284
vt 1.014088 0.339409
vt 1.330661 0.378830
vt 0.063142 0.386491
vt 0.960100 0.333737
vt -0.062138 0.398583
vt 0.906160 0.330240
vt -0.218114 0.400505
vt 0.851413 0.328899
vt -0.422940 0.395382
vt 0.794987 0.326555
vt -0.697651 0.382393
vt 0.736559 0.325496
vt -1.071557 0.367657
vt 0.676608 0.328155
vt 2.761178 0.553895
vt 2.361505 0.493676
vt 0.614808 0.335026
vt 2.092511 0.456702
vt 0.155963 -0.355268
vt 0.244102 -0.270818
vt 1.296644 -0.143902
vt 1.368929 -0.188590
vt 0.999893 -0.029274
vt 1.052392 -0.034524
vt 0.322921 -0.207573
vt 1.447670 -0.253316
vt 1.107756 -0.049049
vt 0.395167 -0.152700
vt 1.530407 -0.345281
vt 1.166502 -0.077134
vt 0.462286 -0.109719
vt 1.619239 -0.465320
vt 1.228429 -0.110668
vt 0.524013 -0.079781
vt 1.718062 -0.622728
vt 0.582094 -0.066297
vt 1.829993 -0.831564
vt 0.639756 -0.057944
vt 1.956523 -1.114165
vt 0.695164 -0.050531
vt 2.094225 -1.505318
vt 0.748407 -0.043374
vt -0.385107 -1.611537
vt -0.260716 -1.190762
vt 0.800023 -0.036921
vt -0.144733 -0.875727
vt 0.850441 -0.032718
vt -0.038403 -0.639327
vt 0.900163 -0.029851
vt 0.058413 -0.471294
vt 0.949700 -0.028385
vt 0.610826 -0.233202
vt 0.660264 -0.211523
vt 1.611798 -1.102027
vt 1.664673 -1.377314
vt 0.709346 -0.196291
vt 1.700944 -1.713969
vt 0.757244 -0.185067
vt 0.021917 -1.798583
vt 0.044037 -1.433886
vt 0.803852 -0.177679
vt 0.086595 -1.146277
vt 0.849791 -0.173001
vt 0.141455 -0.925327
vt 0.895266 -0.171369
vt 0.203147 -0.754923
vt 0.940559 -0.173284
vt 0.268666 -0.619347
vt 1.189566 -0.295198
vt 1.246333 -0.345020
vt 0.986376 -0.180643
vt 0.333548 -0.509850
vt 1.305702 -0.406470
vt 1.034536 -0.196234
vt 0.394233 -0.424957
vt 1.367865 -0.485431
vt 1.084307 -0.219968
vt 0.450848 -0.359959
vt 1.431705 -0.588965
vt 1.135654 -0.254022
vt 0.506600 -0.307133
vt 1.493180 -0.720087
vt 0.560341 -0.264166
vt 1.553448 -0.887783
vt 0.770326 -0.340027
vt 0.809531 -0.330738
vt 0.351180 -1.463864
vt 0.341682 -1.258432
vt 0.848755 -0.326412
vt 0.352728 -1.081438
vt 0.887838 -0.327419
vt 0.377275 -0.931785
vt 0.927064 -0.334559
vt 0.409846 -0.806854
vt 1.132386 -0.477308
vt 1.174764 -0.533006
vt 0.966734 -0.346907
vt 0.447022 -0.702923
vt 1.218127 -0.600275
vt 1.007197 -0.366595
vt 0.486753 -0.617160
vt 1.258963 -0.682180
vt 1.048752 -0.395088
vt 0.527155 -0.546229
vt 1.297070 -0.783971
vt 1.090195 -0.432479
vt 0.567983 -0.488277
vt 1.329494 -0.905837
vt 0.608979 -0.441160
vt 1.355467 -1.050938
vt 0.649821 -0.403705
vt 1.369263 -1.223404
vt 0.690347 -0.375180
vt 1.365268 -1.425687
vt 0.730557 -0.354473
vt 1.339766 -1.659932
vt 0.389225 -1.695658
vt 0.877282 -0.575337
vt 0.902632 -0.581473
vt 0.621921 -1.008033
vt 0.625415 -0.935785
vt 1.026169 -0.699940
vt 1.047127 -0.744582
vt 0.928124 -0.593102
vt 0.634703 -0.870449
vt 1.065727 -0.796311
vt 0.953541 -0.610576
vt 0.648470 -0.812548
vt 1.080383 -0.855157
vt 0.978654 -0.633234
vt 0.665031 -0.760794
vt 1.090434 -0.920234
vt 1.003017 -0.663289
vt 0.684241 -0.715985
vt 1.094664 -0.991329
vt 0.705477 -0.677911
vt 1.091788 -1.067097
vt 0.728228 -0.646245
vt 1.080582 -1.145652
vt 0.752091 -0.620628
vt 1.060196 -1.225587
vt 0.776716 -0.600763
vt 1.028776 -1.305354
vt 0.801804 -0.586378
vt 0.696675 -1.326069
vt 0.661767 -1.249591
vt 0.827070 -0.577175
vt 0.638470 -1.167735
vt 0.852153 -0.574168
vt 0.625728 -1.086042
vt 1.855238 0.728961
vt 2.041549 0.842330
vt 1.955853 1.161951
vt 1.789956 0.977735
vt 0.552161 0.456376
vt 0.613970 0.443423
vt 0.615295 0.539359
vt 0.554930 0.550527
vt 2.298328 1.024014
vt 2.159740 1.441598
vt 0.675320 0.434195
vt 0.675638 0.530273
vt 2.640590 1.318824
vt 2.415482 1.879720
vt 0.735457 0.428791
vt 0.735290 0.523391
vt -0.996832 1.111664
vt -0.637519 0.913260
vt -0.509495 1.337676
vt -0.806272 1.710042
vt 0.794129 0.426728
vt 0.793747 0.518746
vt -0.376160 0.784941
vt -0.289522 1.093773
vt 0.851190 0.426467
vt 0.850647 0.516368
vt -0.182225 0.701176
vt -0.123954 0.931684
vt 0.906181 0.428289
vt 0.905825 0.517146
vt -0.035138 0.644248
vt 0.003852 0.820711
vt 0.960089 0.432872
vt 0.959367 0.522610
vt 0.081473 0.591690
vt 0.109893 0.745490
vt 1.249739 0.494924
vt 1.320066 0.514400
vt 1.305218 0.621768
vt 1.240513 0.588701
vt 1.013696 0.440663
vt 1.012296 0.531530
vt 0.184877 0.549818
vt 0.206124 0.687187
vt 1.398449 0.539134
vt 1.377491 0.664060
vt 1.068208 0.451556
vt 1.065436 0.543093
vt 0.274862 0.521558
vt 0.287809 0.631910
vt 1.487205 0.567299
vt 1.458355 0.713329
vt 1.125355 0.464624
vt 1.120304 0.556400
vt 0.353182 0.498766
vt 0.364583 0.609393
vt 1.588754 0.603029
vt 1.551073 0.775387
vt 1.186151 0.478478
vt 1.178540 0.570514
vt 0.425974 0.483814
vt 0.432882 0.583126
vt 1.708687 0.653636
vt 1.659860 0.859115
vt 0.490434 0.472151
vt 0.494927 0.563572
vt 0.619039 0.629657
vt 0.560722 0.642465
vt 1.985336 1.740916
vt 1.837938 1.410456
vt 0.677980 0.619935
vt 2.146942 2.229602
vt 0.736506 0.612006
vt -0.344674 1.652641
vt -0.549601 2.131118
vt 0.794109 0.606010
vt -0.179658 1.336948
vt 0.850290 0.602469
vt -0.048562 1.130620
vt 0.904803 0.602779
vt 0.059134 0.990742
vt 0.957843 0.608003
vt 0.149816 0.891371
vt 1.009891 0.617158
vt 0.230281 0.806012
vt 1.352911 0.769866
vt 1.286323 0.725830
vt 1.061539 0.627353
vt 0.307372 0.742739
vt 1.422869 0.837554
vt 1.113648 0.637698
vt 0.379827 0.705768
vt 1.503922 0.922259
vt 1.168005 0.661414
vt 0.444658 0.682528
vt 1.597999 1.031890
vt 1.224433 0.695797
vt 0.503383 0.659571
vt 1.708531 1.185829
vt 1.528854 1.174708
vt 1.450292 1.045736
vt 1.207836 0.780855
vt 1.154442 0.746854
vt 0.515230 0.745922
vt 0.459362 0.781357
vt 1.617520 1.350174
vt 0.570655 0.728463
vt 1.711186 1.589059
vt 0.626262 0.714563
vt 1.805829 1.926137
vt 0.682814 0.702719
vt 1.886969 2.393164
vt 0.739469 0.694049
vt -0.163534 1.852102
vt -0.275418 2.370439
vt 0.795153 0.687245
vt -0.060557 1.521859
vt 0.849689 0.683707
vt 0.032552 1.294269
vt 0.902765 0.684726
vt 0.116061 1.131464
vt 0.954789 0.689822
vt 0.200749 1.021517
vt 1.263963 0.821733
vt 1.005707 0.698406
vt 0.270485 0.940299
vt 1.323416 0.877126
vt 1.054439 0.708701
vt 0.336761 0.865376
vt 1.384002 0.950781
vt 1.103482 0.723036
vt 0.402610 0.820374
vt 1.581942 1.711264
vt 1.633079 2.025780
vt 1.471906 2.056316
vt 1.454150 1.786725
vt 0.638686 0.805204
vt 0.690814 0.785058
vt 0.701180 0.866908
vt 0.653344 0.897695
vt 1.655124 2.425271
vt 1.458071 2.386151
vt 0.744040 0.772255
vt 0.749803 0.849992
vt -0.012712 2.425273
vt 0.017276 1.975823
vt 0.187048 2.032630
vt 0.204340 2.381160
vt 0.796775 0.765575
vt 0.798551 0.842537
vt 0.076329 1.670053
vt 0.220286 1.758512
vt 0.848582 0.762752
vt 0.846841 0.841619
vt 0.142467 1.457713
vt 0.260813 1.565430
vt 0.899497 0.764980
vt 0.894504 0.845653
vt 0.206133 1.295403
vt 0.303374 1.415844
vt 0.949350 0.771802
vt 0.940928 0.856253
vt 0.260928 1.155425
vt 0.344570 1.295517
vt 1.186502 0.870831
vt 1.236901 0.918114
vt 1.185263 1.061469
vt 1.143059 1.014056
vt 0.997606 0.780391
vt 0.985251 0.871113
vt 0.313786 1.054618
vt 0.387385 1.201438
vt 1.288718 0.979316
vt 1.233322 1.109368
vt 1.043359 0.791594
vt 1.026557 0.894876
vt 0.373419 0.980903
vt 0.429402 1.116661
vt 1.340493 1.060153
vt 1.278416 1.180766
vt 1.089611 0.807735
vt 1.066536 0.924195
vt 0.429515 0.921557
vt 0.477310 1.059320
vt 1.394036 1.161387
vt 1.326007 1.273225
vt 1.137615 0.834916
vt 1.103809 0.970165
vt 0.483120 0.886752
vt 0.520944 1.009120
vt 1.453938 1.296967
vt 1.372438 1.401752
vt 0.538738 0.862290
vt 0.565457 0.968870
vt 1.519157 1.475223
vt 1.418177 1.569916
vt 0.588468 0.832442
vt 0.609080 0.931450
vt 0.299736 1.794141
vt 0.312615 2.031288
vt 0.844611 0.918958
vt 0.801077 0.918421
vt 0.329796 1.615676
vt 0.888478 0.921052
vt 0.357583 1.473786
vt 0.931697 0.930783
vt 0.394682 1.364512
vt 1.164483 1.106987
vt 1.127582 1.055390
vt 0.972713 0.947294
vt 0.430695 1.269787
vt 1.199997 1.171701
vt 1.012947 0.965018
vt 0.466864 1.187875
vt 1.231926 1.253381
vt 1.052194 0.985385
vt 0.507572 1.126667
vt 1.264433 1.353336
vt 1.090372 1.015525
vt 0.547230 1.072174
vt 1.297712 1.475116
vt 0.584997 1.023128
vt 1.323980 1.631696
vt 0.625117 0.986796
vt 1.335038 1.822936
vt 0.664913 0.949639
vt 1.330965 2.039078
vt 0.711520 0.932037
vt 1.305185 2.296679
vt 0.756892 0.921830
vt 0.367603 2.289806
vt 0.566882 1.230274
vt 0.540208 1.298138
vt 1.182590 1.435212
vt 1.163835 1.344090
vt 1.052377 1.121591
vt 1.021604 1.087200
vt 0.593997 1.172309
vt 1.194643 1.545737
vt 1.081960 1.163641
vt 0.625028 1.126121
vt 1.196673 1.675702
vt 0.660417 1.089274
vt 1.184494 1.814355
vt 0.698530 1.058648
vt 1.167583 1.960802
vt 0.734792 1.032731
vt 1.139717 2.124283
vt 0.770642 1.021933
vt 0.485127 1.989977
vt 0.540494 2.132125
vt 0.806191 1.024784
vt 0.464109 1.831235
vt 0.841169 1.027109
vt 0.457531 1.677794
vt 0.878154 1.026891
vt 0.464813 1.552431
vt 0.916393 1.032463
vt 0.484373 1.451916
vt 1.111453 1.212232
vt 0.953455 1.043804
vt 0.511439 1.369025
vt 1.139448 1.270996
vt 0.988737 1.061337
vt 0.753608 1.324393
vt 0.740047 1.349104
vt 0.959924 1.662703
vt 0.970992 1.615916
vt 0.768663 1.303415
vt 0.942858 1.707640
vt 0.785073 1.287084
vt 0.918940 1.747341
vt 0.802276 1.275094
vt 0.732905 1.710032
vt 0.756271 1.752079
vt 0.820132 1.268360
vt 0.716421 1.661849
vt 0.838230 1.266768
vt 0.706060 1.612628
vt 0.856183 1.270509
vt 0.701413 1.564591
vt 0.874351 1.278441
vt 0.700908 1.519380
vt 0.962330 1.402395
vt 0.951644 1.372537
vt 0.892507 1.290107
vt 0.703884 1.477894
vt 0.970711 1.436756
vt 0.909649 1.305256
vt 0.709519 1.441153
vt 0.976360 1.475867
vt 0.925291 1.323945
vt 0.717503 1.407767
vt 0.978652 1.519850
vt 0.939340 1.346303
vt 0.727822 1.376796
vt 0.976998 1.567592
vt 0.836506 1.491379
vt 0.856793 -0.923843
vn 0.7048 0.0055 0.7094
vn 0.7018 -0.0019 0.7124
vn 0.5569 -0.0281 0.8301
vn 0.5590 -0.0252 0.8288
vn -0.9466 0.2390 -0.2166
vn -0.9547 0.2025 -0.2181
vn -0.8914 0.2414 -0.3835
vn -0.8852 0.2755 -0.3749
vn 0.8262 0.0441 0.5616
vn 0.8243 0.0310 0.5653
vn -0.9878 0.1547 -0.0152
vn -0.9810 0.1928 -0.0208
vn 0.9170 0.0903 0.3885
vn 0.9170 0.0688 0.3928
vn -0.9718 0.1388 0.1908
vn -0.9745 0.1072 0.1970
vn 0.9711 0.1432 0.1909
vn 0.9740 0.1113 0.1973
vn -0.9175 0.0863 0.3882
vn -0.9175 0.0650 0.3923
vn 0.9802 0.1971 -0.0208
vn 0.9872 0.1590 -0.0153
vn -0.8266 0.0406 0.5613
vn -0.8248 0.0275 0.5648
vn 0.9457 0.2427 -0.2163
vn 0.9538 0.2067 -0.2180
vn -0.7050 0.0024 0.7092
vn -0.7022 -0.0048 0.7119
vn 0.8845 0.2787 -0.3741
vn 0.8907 0.2452 -0.3828
vn -0.5591 -0.0276 0.8286
vn -0.5573 -0.0304 0.8297
vn 0.8051 0.3133 -0.5036
vn 0.8107 0.2718 -0.5186
vn -0.3951 -0.0488 0.9174
vn -0.3959 -0.0491 0.9170
vn -0.2011 0.4190 -0.8854
vn -0.2035 0.3611 -0.9100
vn -0.0001 0.3655 -0.9308
vn 0.0001 0.4258 -0.9048
vn 0.6987 0.3481 -0.6250
vn 0.7046 0.2973 -0.6444
vn -0.2091 -0.0615 0.9760
vn -0.2111 -0.0617 0.9755
vn -0.3897 0.4017 -0.8287
vn -0.3942 0.3471 -0.8510
vn 0.5583 0.3788 -0.7381
vn 0.5641 0.3255 -0.7589
vn 0.0001 -0.0656 0.9978
vn -0.0002 -0.0662 0.9978
vn -0.5583 0.3767 -0.7391
vn -0.5644 0.3233 -0.7596
vn 0.3898 0.4031 -0.8280
vn 0.3939 0.3487 -0.8504
vn 0.2093 -0.0607 0.9760
vn 0.2107 -0.0608 0.9757
vn -0.6989 0.3455 -0.6263
vn -0.7049 0.2945 -0.6453
vn 0.2013 0.4197 -0.8851
vn 0.2032 0.3619 -0.9098
vn 0.3950 -0.0471 0.9175
vn 0.3955 -0.0475 0.9172
vn -0.8054 0.3104 -0.5049
vn -0.8111 0.2686 -0.5197
vn 0.9036 0.1026 -0.4160
vn 0.9693 0.0805 -0.2325
vn -0.5683 -0.0368 0.8220
vn -0.7105 -0.0231 0.7033
vn 0.8162 0.1181 -0.5656
vn -0.4100 -0.0474 0.9109
vn -0.2027 0.1617 -0.9658
vn 0.0000 0.1635 -0.9865
vn 0.7073 0.1309 -0.6946
vn -0.2226 -0.0550 0.9734
vn -0.3952 0.1553 -0.9054
vn 0.5669 0.1443 -0.8110
vn 0.0000 -0.0580 0.9983
vn -0.5669 0.1443 -0.8110
vn 0.3952 0.1553 -0.9054
vn 0.2226 -0.0550 0.9734
vn -0.7073 0.1309 -0.6946
vn 0.2027 0.1617 -0.9658
vn 0.4100 -0.0474 0.9109
vn -0.8162 0.1181 -0.5656
vn 0.5683 -0.0368 0.8220
vn -0.9036 0.1026 -0.4160
vn 0.7105 -0.0231 0.7033
vn -0.9693 0.0805 -0.2325
vn 0.8328 -0.0064 0.5535
vn -0.9982 0.0556 -0.0215
vn 0.9248 0.0121 0.3803
vn -0.9815 0.0323 0.1887
vn 0.9815 0.0323 0.1887
vn -0.9248 0.0121 0.3803
vn 0.9982 0.0556 -0.0215
vn -0.8328 -0.0064 0.5535
vn 0.0000 0.0452 -0.9990
vn 0.2024 0.0449 -0.9783
vn 0.5705 -0.0157 0.8211
vn 0.4119 -0.0183 0.9110
vn -0.9080 0.0273 -0.4182
vn -0.8180 0.0315 -0.5743
vn 0.7124 -0.0122 0.7017
vn -0.9738 0.0195 -0.2265
vn 0.8340 -0.0073 0.5517
vn -0.9998 0.0113 -0.0142
vn 0.9252 -0.0014 0.3794
vn -0.9815 0.0046 0.1914
vn 0.9815 0.0046 0.1914
vn -0.9252 -0.0014 0.3794
vn 0.9998 0.0113 -0.0142
vn -0.8340 -0.0073 0.5517
vn 0.9738 0.0195 -0.2265
vn -0.7124 -0.0122 0.7017
vn 0.9080 0.0273 -0.4182
vn -0.5705 -0.0157 0.8211
vn 0.8180 0.0315 -0.5743
vn -0.4119 -0.0183 0.9110
vn -0.2024 0.0449 -0.9783
vn 0.7084 0.0346 -0.7050
vn -0.2242 -0.0211 0.9743
vn -0.3962 0.0430 -0.9171
vn 0.5687 0.0391 -0.8216
vn 0.0000 -0.0229 0.9997
vn -0.5687 0.0391 -0.8216
vn 0.3962 0.0430 -0.9171
vn 0.2242 -0.0211 0.9743
vn -0.7084 0.0346 -0.7050
vn 0.9251 0.0131 0.3795
vn 0.8324 0.0155 0.5539
vn -0.9819 0.0106 0.1891
vn -0.9999 0.0078 -0.0153
vn 0.9819 0.0106 0.1891
vn -0.9251 0.0131 0.3795
vn 0.9999 0.0078 -0.0153
vn -0.8324 0.0155 0.5539
vn 0.9744 0.0046 -0.2249
vn -0.7086 0.0181 0.7054
vn 0.9073 0.0016 -0.4205
vn -0.5623 0.0204 0.8267
vn 0.8128 0.0000 -0.5826
vn -0.3985 0.0224 0.9169
vn -0.1978 -0.0028 -0.9802
vn 0.0000 -0.0028 -1.0000
vn 0.7010 -0.0008 -0.7132
vn -0.2118 0.0238 0.9770
vn -0.3899 -0.0025 -0.9209
vn 0.5619 -0.0017 -0.8272
vn 0.0000 0.0244 0.9997
vn -0.5619 -0.0017 -0.8272
vn 0.3899 -0.0025 -0.9209
vn 0.2118 0.0238 0.9770
vn -0.7010 -0.0008 -0.7132
vn 0.1978 -0.0028 -0.9802
vn 0.3985 0.0224 0.9169
vn -0.8128 0.0000 -0.5826
vn 0.5623 0.0204 0.8267
vn -0.9073 0.0016 -0.4205
vn 0.7086 0.0181 0.7054
vn -0.9744 0.0046 -0.2249
vn 0.9739 0.0096 -0.2266
vn 0.9998 0.0078 -0.0158
vn -0.6996 0.0067 0.7145
vn -0.8268 0.0060 0.5625
vn 0.9043 0.0114 -0.4266
vn -0.5496 0.0079 0.8354
vn 0.8045 0.0139 -0.5938
vn -0.3823 0.0095 0.9240
vn -0.1925 0.0239 -0.9810
vn 0.0000 0.0246 -0.9997
vn 0.6896 0.0169 -0.7240
vn -0.1980 0.0116 0.9801
vn -0.3812 0.0221 -0.9242
vn 0.5515 0.0197 -0.8340
vn 0.0000 0.0127 0.9999
vn -0.5515 0.0197 -0.8340
vn 0.3812 0.0221 -0.9242
vn 0.1980 0.0116 0.9801
vn -0.6896 0.0169 -0.7240
vn 0.1925 0.0239 -0.9810
vn 0.3823 0.0095 0.9240
vn -0.8045 0.0139 -0.5938
vn 0.5496 0.0079 0.8354
vn -0.9043 0.0114 -0.4266
vn 0.6996 0.0067 0.7145
vn -0.9739 0.0096 -0.2266
vn 0.8268 0.0060 0.5625
vn -0.9998 0.0078 -0.0158
vn 0.9228 0.0056 0.3853
vn -0.9816 0.0062 0.1907
vn 0.9816 0.0062 0.1907
vn -0.9228 0.0056 0.3853
vn -0.1881 0.0828 -0.9787
vn 0.0000 0.0850 -0.9964
vn 0.6816 0.0594 -0.7293
vn 0.7980 0.0470 -0.6008
vn -0.1924 -0.0540 0.9798
vn -0.3757 -0.0536 0.9252
vn -0.3747 0.0772 -0.9239
vn 0.5439 0.0692 -0.8363
vn 0.0000 -0.0532 0.9986
vn -0.5439 0.0692 -0.8363
vn 0.3747 0.0772 -0.9239
vn 0.1924 -0.0540 0.9798
vn -0.6816 0.0594 -0.7293
vn 0.1881 0.0828 -0.9787
vn 0.3757 -0.0536 0.9252
vn -0.7980 0.0470 -0.6008
vn 0.5445 -0.0498 0.8373
vn -0.9014 0.0327 -0.4317
vn 0.6961 -0.0434 0.7166
vn -0.9734 0.0187 -0.2285
vn 0.8248 -0.0348 0.5644
vn -0.9998 0.0040 -0.0170
vn 0.9222 -0.0241 0.3859
vn -0.9817 -0.0108 0.1899
vn 0.9817 -0.0108 0.1899
vn -0.9222 -0.0241 0.3859
vn 0.9998 0.0040 -0.0170
vn -0.8248 -0.0348 0.5644
vn 0.9734 0.0187 -0.2285
vn -0.6961 -0.0434 0.7166
vn 0.9014 0.0327 -0.4317
vn -0.5445 -0.0498 0.8373
vn -0.6808 0.1319 -0.7205
vn -0.5424 0.1520 -0.8263
vn 0.1846 0.1796 -0.9663
vn 0.3722 0.1685 -0.9127
vn 0.3760 -0.1443 0.9153
vn 0.1930 -0.1501 0.9697
vn -0.7976 0.1072 -0.5936
vn 0.0000 0.1835 -0.9830
vn 0.5446 -0.1316 0.8283
vn -0.9011 0.0768 -0.4268
vn 0.6961 -0.1131 0.7090
vn -0.9732 0.0431 -0.2260
vn 0.8247 -0.0892 0.5585
vn -0.9998 0.0075 -0.0168
vn 0.9222 -0.0608 0.3819
vn -0.9818 -0.0280 0.1879
vn 0.9818 -0.0280 0.1879
vn -0.9222 -0.0608 0.3819
vn 0.9998 0.0075 -0.0168
vn -0.8247 -0.0892 0.5585
vn 0.9732 0.0431 -0.2260
vn -0.6961 -0.1131 0.7090
vn 0.9011 0.0768 -0.4268
vn -0.5446 -0.1316 0.8283
vn 0.7976 0.1072 -0.5936
vn -0.3760 -0.1443 0.9153
vn -0.1846 0.1796 -0.9663
vn 0.6808 0.1319 -0.7205
vn -0.1930 -0.1501 0.9697
vn -0.3722 0.1685 -0.9127
vn 0.5424 0.1520 -0.8263
vn 0.0000 -0.1513 0.9885
vn -0.9732 0.0695 -0.2194
vn -0.9010 0.1246 -0.4156
vn 0.8239 -0.1473 0.5472
vn 0.6950 -0.1873 0.6941
vn -0.9998 0.0119 -0.0152
vn 0.9218 -0.0997 0.3745
vn -0.9817 -0.0456 0.1847
vn 0.9817 -0.0456 0.1847
vn -0.9218 -0.0997 0.3745
vn 0.9998 0.0119 -0.0152
vn -0.8239 -0.1473 0.5472
vn 0.9732 0.0695 -0.2194
vn -0.6950 -0.1873 0.6941
vn 0.9010 0.1246 -0.4156
vn -0.5431 -0.2185 0.8108
vn 0.7972 0.1732 -0.5784
vn -0.3736 -0.2401 0.8960
vn -0.1816 0.2859 -0.9409
vn 0.0000 0.2915 -0.9566
vn 0.6801 0.2120 -0.7019
vn -0.1909 -0.2511 0.9490
vn -0.3701 0.2692 -0.8891
vn 0.5412 0.2435 -0.8049
vn 0.0000 -0.2537 0.9673
vn -0.5412 0.2435 -0.8049
vn 0.3701 0.2692 -0.8891
vn 0.1909 -0.2511 0.9490
vn -0.6801 0.2120 -0.7019
vn 0.1816 0.2859 -0.9409
vn 0.3736 -0.2401 0.8960
vn -0.7972 0.1732 -0.5784
vn 0.5431 -0.2185 0.8108
vn -0.9221 -0.1460 0.3585
vn -0.9820 -0.0689 0.1759
vn 0.9998 0.0128 -0.0152
vn 0.9820 -0.0689 0.1759
vn -0.8239 -0.2144 0.5247
vn 0.9730 0.0950 -0.2102
vn -0.6947 -0.2725 0.6657
vn 0.9002 0.1739 -0.3993
vn -0.5424 -0.3182 0.7775
vn 0.7948 0.2422 -0.5564
vn -0.3725 -0.3505 0.8593
vn -0.1823 0.3958 -0.9001
vn 0.0000 0.4031 -0.9152
vn 0.6772 0.2953 -0.6739
vn -0.1902 -0.3679 0.9102
vn -0.3691 0.3735 -0.8510
vn 0.5391 0.3384 -0.7713
vn 0.0000 -0.3727 0.9280
vn -0.5391 0.3384 -0.7713
vn 0.3691 0.3735 -0.8510
vn 0.1902 -0.3679 0.9102
vn -0.6772 0.2953 -0.6739
vn 0.1823 0.3958 -0.9001
vn 0.3725 -0.3505 0.8593
vn -0.7948 0.2422 -0.5564
vn 0.5424 -0.3182 0.7775
vn -0.9002 0.1739 -0.3993
vn 0.6947 -0.2725 0.6657
vn -0.9730 0.0950 -0.2102
vn 0.8239 -0.2144 0.5247
vn -0.9998 0.0128 -0.0152
vn 0.9221 -0.1460 0.3585
vn -0.5435 -0.4377 0.7163
vn -0.6950 -0.3750 0.6134
vn 0.7935 0.3275 -0.5129
vn 0.8990 0.2350 -0.3696
vn -0.3752 -0.4823 0.7916
vn -0.1841 0.5338 -0.8253
vn 0.0000 0.5439 -0.8392
vn 0.6761 0.3991 -0.6193
vn -0.1939 -0.5071 0.8398
vn -0.3692 0.5037 -0.7810
vn 0.5381 0.4569 -0.7083
vn 0.0000 -0.5148 0.8573
vn -0.5381 0.4569 -0.7083
vn 0.3692 0.5037 -0.7810
vn 0.1939 -0.5071 0.8398
vn -0.6761 0.3991 -0.6193
vn 0.1841 0.5338 -0.8253
vn 0.3752 -0.4823 0.7916
vn -0.7935 0.3275 -0.5129
vn 0.5435 -0.4377 0.7163
vn -0.8990 0.2350 -0.3696
vn 0.6950 -0.3750 0.6134
vn -0.9725 0.1280 -0.1946
vn 0.8239 -0.2955 0.4836
vn -0.9998 0.0161 -0.0144
vn 0.9220 -0.2017 0.3305
vn -0.9821 -0.0958 0.1621
vn 0.9821 -0.0958 0.1621
vn -0.9220 -0.2017 0.3305
vn 0.9998 0.0161 -0.0144
vn -0.8239 -0.2955 0.4836
vn 0.9725 0.1280 -0.1946
vn 0.0000 -0.6436 0.7653
vn -0.1970 -0.6323 0.7492
vn -0.5374 0.5577 -0.6325
vn -0.3689 0.6143 -0.6975
vn 0.3689 0.6143 -0.6975
vn 0.5374 0.5577 -0.6325
vn 0.1970 -0.6323 0.7492
vn -0.6760 0.4877 -0.5525
vn 0.1844 0.6499 -0.7374
vn 0.3768 -0.5993 0.7063
vn -0.7935 0.4022 -0.4566
vn 0.0000 0.6615 -0.7499
vn 0.5424 -0.5436 0.6405
vn -0.8984 0.2909 -0.3290
vn 0.6926 -0.4663 0.5503
vn -0.9721 0.1581 -0.1732
vn 0.8215 -0.3678 0.4357
vn -0.9998 0.0179 -0.0106
vn 0.9204 -0.2514 0.2994
vn -0.9815 -0.1210 0.1487
vn 0.9815 -0.1210 0.1487
vn -0.9204 -0.2514 0.2994
vn 0.9998 0.0179 -0.0106
vn -0.8215 -0.3678 0.4357
vn 0.9721 0.1581 -0.1732
vn -0.6926 -0.4663 0.5503
vn 0.8984 0.2909 -0.3290
vn -0.5424 -0.5436 0.6405
vn 0.7935 0.4022 -0.4566
vn -0.3768 -0.5993 0.7063
vn -0.1844 0.6499 -0.7374
vn 0.6760 0.4877 -0.5524
vn 0.5411 -0.6057 0.5834
vn 0.3768 -0.6666 0.6432
vn -0.8981 0.3177 -0.3042
vn -0.7933 0.4401 -0.4206
vn 0.6907 -0.5210 0.5014
vn -0.9721 0.1701 -0.1616
vn 0.8200 -0.4125 0.3969
vn -0.9998 0.0136 -0.0113
vn 0.9193 -0.2838 0.2726
vn -0.9809 -0.1401 0.1352
vn 0.9809 -0.1401 0.1352
vn -0.9193 -0.2838 0.2726
vn 0.9998 0.0136 -0.0113
vn -0.8200 -0.4125 0.3969
vn 0.9721 0.1701 -0.1616
vn -0.6907 -0.5210 0.5014
vn 0.8980 0.3177 -0.3042
vn -0.5411 -0.6057 0.5834
vn 0.7933 0.4401 -0.4206
vn -0.3768 -0.6666 0.6432
vn -0.1845 0.7126 -0.6769
vn 0.0000 0.7253 -0.6884
vn 0.6758 0.5339 -0.5082
vn -0.1975 -0.7042 0.6820
vn -0.3688 0.6736 -0.6406
vn 0.5371 0.6112 -0.5813
vn 0.0000 -0.7176 0.6964
vn -0.5371 0.6112 -0.5813
vn 0.3688 0.6736 -0.6406
vn 0.1975 -0.7042 0.6820
vn -0.6758 0.5339 -0.5082
vn 0.1845 0.7126 -0.6769
vn 0.9180 -0.3047 0.2538
vn 0.8173 -0.4420 0.3698
vn -0.9805 -0.1509 0.1255
vn -0.9998 0.0135 -0.0110
vn 0.9805 -0.1509 0.1255
vn -0.9180 -0.3047 0.2538
vn 0.9998 0.0136 -0.0110
vn -0.8173 -0.4420 0.3698
vn 0.9717 0.1813 -0.1513
vn -0.6866 -0.5569 0.4674
vn 0.8963 0.3401 -0.2845
vn -0.5357 -0.6460 0.5438
vn 0.7899 0.4714 -0.3921
vn -0.3704 -0.7095 0.5995
vn -0.1825 0.7598 -0.6240
vn 0.0000 0.7732 -0.6342
vn 0.6715 0.5712 -0.4721
vn -0.1920 -0.7478 0.6356
vn -0.3655 0.7188 -0.5914
vn 0.5330 0.6529 -0.5381
vn 0.0000 -0.7609 0.6488
vn -0.5330 0.6529 -0.5381
vn 0.3655 0.7188 -0.5914
vn 0.1920 -0.7478 0.6356
vn -0.6715 0.5712 -0.4721
vn 0.1825 0.7598 -0.6240
vn 0.3704 -0.7095 0.5995
vn -0.7899 0.4714 -0.3921
vn 0.5357 -0.6460 0.5438
vn -0.8963 0.3401 -0.2845
vn 0.6866 -0.5569 0.4674
vn -0.9717 0.1813 -0.1513
vn 0.9709 0.1973 -0.1359
vn 0.9998 0.0159 -0.0106
vn -0.6791 -0.6014 0.4208
vn -0.8125 -0.4786 0.3327
vn 0.8928 0.3705 -0.2560
vn -0.5254 -0.6958 0.4897
vn 0.7823 0.5142 -0.3515
vn -0.3579 -0.7619 0.5399
vn -0.1779 0.8184 -0.5464
vn 0.0000 0.8322 -0.5544
vn 0.6620 0.6211 -0.4195
vn -0.1817 -0.7998 0.5722
vn -0.3581 0.7757 -0.5197
vn 0.5242 0.7068 -0.4750
vn 0.0000 -0.8119 0.5838
vn -0.5242 0.7068 -0.4750
vn 0.3581 0.7757 -0.5197
vn 0.1817 -0.7998 0.5722
vn -0.6620 0.6211 -0.4195
vn 0.1779 0.8184 -0.5464
vn 0.3579 -0.7618 0.5399
vn -0.7823 0.5142 -0.3515
vn 0.5254 -0.6958 0.4897
vn -0.8928 0.3705 -0.2560
vn 0.6791 -0.6014 0.4208
vn -0.9709 0.1973 -0.1359
vn 0.8125 -0.4786 0.3327
vn -0.9998 0.0159 -0.0106
vn 0.9161 -0.3302 0.2274
vn -0.9804 -0.1625 0.1114
vn 0.9804 -0.1625 0.1114
vn -0.9161 -0.3302 0.2274
vn -0.1638 0.8506 -0.4996
vn 0.0000 0.8634 -0.5046
vn 0.6247 0.6590 -0.4189
vn 0.7490 0.5498 -0.3696
vn -0.1710 -0.8698 0.4628
vn -0.3455 -0.8346 0.4291
vn -0.3345 0.8095 -0.4826
vn 0.4934 0.7419 -0.4540
vn 0.0000 -0.8800 0.4750
vn -0.4934 0.7419 -0.4540
vn 0.3345 0.8095 -0.4826
vn 0.1710 -0.8698 0.4628
vn -0.6247 0.6590 -0.4189
vn 0.1637 0.8506 -0.4996
vn 0.3455 -0.8346 0.4291
vn -0.7491 0.5498 -0.3696
vn 0.5166 -0.7682 0.3781
vn -0.8750 0.3884 -0.2891
vn 0.6749 -0.6697 0.3099
vn -0.9637 0.1903 -0.1873
vn 0.8127 -0.5377 0.2244
vn -0.9965 -0.0084 -0.0837
vn 0.9183 -0.3762 0.1232
vn -0.9802 -0.1969 0.0185
vn 0.9802 -0.1969 0.0185
vn -0.9183 -0.3762 0.1232
vn 0.9965 -0.0084 -0.0837
vn -0.8127 -0.5377 0.2244
vn 0.9637 0.1903 -0.1873
vn -0.6749 -0.6697 0.3098
vn 0.8750 0.3884 -0.2891
vn -0.5166 -0.7682 0.3781
vn -0.6232 0.6846 -0.3780
vn -0.6520 0.7035 -0.2829
vn -0.5126 0.7938 -0.3273
vn -0.4888 0.7653 -0.4188
vn 0.1592 0.8676 -0.4711
vn 0.1710 0.9075 -0.3837
vn 0.3471 0.8648 -0.3628
vn 0.3285 0.8295 -0.4517
vn 0.3307 -0.8525 0.4048
vn 0.3432 -0.8559 0.3868
vn 0.1701 -0.8987 0.4042
vn 0.1606 -0.8895 0.4278
vn -0.7495 0.5754 -0.3274
vn -0.7751 0.5891 -0.2283
vn 0.0000 0.8790 -0.4767
vn 0.0000 0.9208 -0.3899
vn 0.5018 -0.7847 0.3639
vn 0.5098 -0.7816 0.3594
vn -0.8767 0.4095 -0.2523
vn -0.8899 0.4299 -0.1527
vn 0.6613 -0.6846 0.3065
vn 0.6640 -0.6760 0.3196
vn -0.9673 0.2046 -0.1499
vn -0.9700 0.2348 -0.0633
vn 0.8014 -0.5507 0.2335
vn 0.7996 -0.5386 0.2656
vn -0.9991 0.0012 -0.0433
vn -0.9992 0.0293 0.0259
vn 0.9107 -0.3847 0.1504
vn 0.9087 -0.3692 0.1947
vn -0.9788 -0.1964 0.0580
vn -0.9780 -0.1757 0.1126
vn 0.9788 -0.1964 0.0580
vn 0.9780 -0.1757 0.1126
vn -0.9107 -0.3847 0.1505
vn -0.9087 -0.3692 0.1947
vn 0.9991 0.0012 -0.0433
vn 0.9992 0.0293 0.0259
vn -0.8014 -0.5507 0.2335
vn -0.7996 -0.5386 0.2656
vn 0.9673 0.2046 -0.1499
vn 0.9700 0.2348 -0.0633
vn -0.6613 -0.6846 0.3065
vn -0.6640 -0.6760 0.3196
vn 0.8767 0.4095 -0.2523
vn 0.8899 0.4299 -0.1527
vn -0.5018 -0.7847 0.3639
vn -0.5098 -0.7816 0.3594
vn 0.7495 0.5754 -0.3274
vn 0.7751 0.5891 -0.2283
vn -0.3307 -0.8525 0.4048
vn -0.3432 -0.8559 0.3868
vn -0.1593 0.8676 -0.4711
vn -0.1710 0.9075 -0.3837
vn 0.6232 0.6846 -0.3780
vn 0.6520 0.7035 -0.2829
vn -0.1606 -0.8895 0.4278
vn -0.1701 -0.8987 0.4042
vn -0.3285 0.8295 -0.4517
vn -0.3471 0.8648 -0.3628
vn 0.4888 0.7653 -0.4188
vn 0.5126 0.7938 -0.3273
vn 0.0000 -0.9004 0.4350
vn 0.0000 -0.9119 0.4104
vn -0.9683 0.2236 -0.1110
vn -0.9664 0.2271 -0.1203
vn -0.8822 0.4453 -0.1532
vn -0.8871 0.4301 -0.1674
vn 0.8178 -0.5646 0.1114
vn 0.8165 -0.5773 0.0075
vn 0.6850 -0.7277 0.0351
vn 0.6860 -0.7108 0.1558
vn -0.9986 0.0078 -0.0530
vn -0.9963 0.0050 -0.0858
vn 0.9188 -0.3904 0.0582
vn 0.9167 -0.3988 -0.0232
vn -0.9801 -0.1984 0.0029
vn -0.9775 -0.2039 -0.0539
vn 0.9801 -0.1984 0.0029
vn 0.9775 -0.2039 -0.0539
vn -0.9188 -0.3904 0.0582
vn -0.9167 -0.3988 -0.0232
vn 0.9986 0.0078 -0.0530
vn 0.9963 0.0050 -0.0858
vn -0.8178 -0.5646 0.1114
vn -0.8165 -0.5773 0.0075
vn 0.9683 0.2236 -0.1110
vn 0.9664 0.2271 -0.1203
vn -0.6860 -0.7108 0.1558
vn -0.6850 -0.7277 0.0351
vn 0.8871 0.4301 -0.1674
vn 0.8822 0.4453 -0.1532
vn -0.5348 -0.8230 0.1913
vn -0.5347 -0.8431 0.0576
vn 0.7739 0.5969 -0.2119
vn 0.7651 0.6199 -0.1741
vn -0.3705 -0.9027 0.2187
vn -0.3714 -0.9254 0.0754
vn -0.1751 0.9394 -0.2948
vn -0.1712 0.9624 -0.2107
vn 0.0000 0.9773 -0.2118
vn 0.0000 0.9546 -0.2979
vn 0.6534 0.7176 -0.2413
vn 0.6443 0.7418 -0.1862
vn -0.1920 -0.9517 0.2398
vn -0.1931 -0.9771 0.0898
vn -0.3527 0.8917 -0.2837
vn -0.3465 0.9152 -0.2060
vn 0.5169 0.8141 -0.2647
vn 0.5092 0.8378 -0.1970
vn 0.0000 -0.9686 0.2487
vn 0.0000 -0.9953 0.0963
vn -0.5169 0.8141 -0.2647
vn -0.5092 0.8378 -0.1970
vn 0.3527 0.8917 -0.2837
vn 0.3465 0.9152 -0.2060
vn 0.1920 -0.9517 0.2398
vn 0.1931 -0.9771 0.0898
vn -0.6534 0.7176 -0.2413
vn -0.6443 0.7418 -0.1862
vn 0.1751 0.9394 -0.2948
vn 0.1712 0.9624 -0.2107
vn 0.3705 -0.9027 0.2187
vn 0.3714 -0.9254 0.0754
vn -0.7739 0.5969 -0.2119
vn -0.7651 0.6199 -0.1741
vn 0.5348 -0.8230 0.1913
vn 0.5347 -0.8431 0.0576
vn -0.5442 -0.8357 -0.0732
vn -0.6905 -0.7190 -0.0784
vn 0.7675 0.6280 -0.1288
vn 0.8827 0.4533 -0.1242
vn -0.3854 -0.9201 -0.0692
vn -0.1734 0.9754 -0.1359
vn 0.0000 0.9907 -0.1359
vn 0.6481 0.7502 -0.1309
vn -0.2050 -0.9767 -0.0640
vn -0.3498 0.9270 -0.1351
vn 0.5131 0.8480 -0.1331
vn 0.0000 -0.9981 -0.0608
vn -0.5131 0.8480 -0.1331
vn 0.3498 0.9270 -0.1351
vn 0.2050 -0.9767 -0.0640
vn -0.6481 0.7502 -0.1309
vn 0.1734 0.9754 -0.1359
vn 0.3854 -0.9201 -0.0692
vn -0.7675 0.6280 -0.1288
vn 0.5442 -0.8357 -0.0732
vn -0.8827 0.4533 -0.1242
vn 0.6905 -0.7190 -0.0784
vn -0.9654 0.2330 -0.1173
vn 0.8190 -0.5674 -0.0855
vn -0.9938 0.0084 -0.1107
vn 0.9162 -0.3894 -0.0951
vn -0.9746 -0.1985 -0.1038
vn 0.9746 -0.1985 -0.1038
vn -0.9162 -0.3894 -0.0951
vn 0.9938 0.0084 -0.1107
vn -0.8190 -0.5674 -0.0855
vn 0.9654 0.2330 -0.1173
vn 0.0840 -0.9834 0.1610
vn -0.0000 -0.9869 0.1616
vn -0.0840 -0.9834 0.1610
vn 0.0000 0.9939 -0.1102
vn 0.1736 0.9786 -0.1109
vn -0.7657 0.6308 -0.1256
vn -0.6473 0.7527 -0.1199
vn 0.4016 -0.9017 -0.1602
vn 0.2222 -0.9615 -0.1617
vn 0.3505 0.9297 -0.1129
vn -0.5135 0.8502 -0.1160
vn 0.0000 -0.9867 -0.1626
vn 0.5135 0.8502 -0.1160
vn -0.3505 0.9297 -0.1129
vn -0.2222 -0.9615 -0.1617
vn 0.6473 0.7527 -0.1199
vn -0.1736 0.9786 -0.1109
vn -0.4016 -0.9017 -0.1602
vn 0.7657 0.6308 -0.1256
vn -0.5532 -0.8177 -0.1591
vn 0.8832 0.4496 -0.1338
vn -0.6939 -0.7025 -0.1580
vn 0.9658 0.2169 -0.1419
vn -0.8187 -0.5526 -0.1564
vn 0.9890 -0.0088 -0.1475
vn -0.9115 -0.3814 -0.1540
vn 0.9673 -0.2039 -0.1512
vn -0.9673 -0.2039 -0.1512
vn 0.9115 -0.3814 -0.1540
vn -0.9890 -0.0088 -0.1475
vn 0.8187 -0.5526 -0.1564
vn -0.9658 0.2169 -0.1419
vn 0.6939 -0.7025 -0.1580
vn -0.8832 0.4496 -0.1338
vn 0.5532 -0.8177 -0.1591
vn -0.8939 0.2278 -0.3861
vn -0.8159 0.2545 -0.5192
vn 0.5560 -0.0217 0.8309
vn 0.3889 -0.0401 0.9204
vn 0.0000 0.3444 -0.9388
vn 0.2054 0.3397 -0.9178
vn -0.7099 0.2808 -0.6460
vn 0.2021 -0.0515 0.9780
vn 0.3975 0.3264 -0.8576
vn -0.5685 0.3060 -0.7637
vn 0.0000 -0.0554 0.9985
vn 0.5685 0.3060 -0.7637
vn -0.3975 0.3264 -0.8576
vn -0.2021 -0.0515 0.9780
vn 0.7099 0.2808 -0.6460
vn -0.2054 0.3397 -0.9178
vn -0.3889 -0.0401 0.9204
vn 0.8159 0.2545 -0.5192
vn -0.5560 -0.0217 0.8309
vn 0.8939 0.2278 -0.3861
vn -0.7037 0.0035 0.7105
vn 0.9534 0.1969 -0.2286
vn -0.8265 0.0347 0.5619
vn 0.9870 0.1578 -0.0318
vn -0.9195 0.0716 0.3866
vn 0.9762 0.1137 0.1845
vn -0.9762 0.1137 0.1845
vn 0.9195 0.0716 0.3866
vn -0.9870 0.1578 -0.0318
vn 0.8265 0.0347 0.5619
vn -0.9534 0.1969 -0.2286
vn 0.7037 0.0035 0.7105
vn 0.6011 0.3931 0.6958
vn 0.5737 0.4725 0.6690
vn 0.4264 0.4830 0.7648
vn 0.4480 0.4080 0.7955
vn -0.9497 0.2239 -0.2190
vn -0.9192 0.3252 -0.2220
vn -0.8753 0.2924 -0.3851
vn -0.8987 0.1841 -0.3981
vn 0.7338 0.3731 0.5678
vn 0.7015 0.4574 0.5465
vn -0.9629 0.2693 -0.0189
vn -0.9312 0.3632 -0.0323
vn 0.8463 0.3482 0.4032
vn 0.8146 0.4352 0.3834
vn -0.9287 0.3133 0.1984
vn -0.8976 0.4025 0.1797
vn 0.9287 0.3133 0.1984
vn 0.8976 0.4025 0.1797
vn -0.8463 0.3482 0.4032
vn -0.8146 0.4352 0.3834
vn 0.9629 0.2693 -0.0189
vn 0.9312 0.3632 -0.0323
vn -0.7338 0.3731 0.5678
vn -0.7015 0.4574 0.5465
vn 0.9497 0.2239 -0.2190
vn 0.9192 0.3252 -0.2220
vn -0.6011 0.3931 0.6958
vn -0.5737 0.4725 0.6690
vn 0.8987 0.1841 -0.3981
vn 0.8753 0.2924 -0.3851
vn -0.4480 0.4080 0.7955
vn -0.4264 0.4830 0.7648
vn 0.8164 0.1553 -0.5562
vn 0.8009 0.2628 -0.5380
vn -0.2815 0.4165 0.8644
vn -0.2650 0.4884 0.8314
vn -0.1966 0.0727 -0.9778
vn -0.1939 0.1829 -0.9638
vn -0.0000 0.1790 -0.9838
vn -0.0000 0.0695 -0.9976
vn 0.7067 0.1303 -0.6954
vn 0.6940 0.2358 -0.6803
vn -0.1270 0.4175 0.8998
vn -0.1145 0.4890 0.8647
vn -0.3900 0.0843 -0.9170
vn -0.3838 0.1945 -0.9027
vn 0.5646 0.1048 -0.8187
vn 0.5546 0.2127 -0.8045
vn -0.0000 0.4162 0.9093
vn -0.0000 0.4885 0.8726
vn -0.5646 0.1048 -0.8187
vn -0.5546 0.2127 -0.8045
vn 0.3900 0.0843 -0.9170
vn 0.3838 0.1945 -0.9027
vn 0.1270 0.4175 0.8998
vn 0.1145 0.4890 0.8647
vn -0.7067 0.1303 -0.6954
vn -0.6940 0.2358 -0.6803
vn 0.1966 0.0727 -0.9778
vn 0.1939 0.1829 -0.9638
vn 0.2815 0.4165 0.8644
vn 0.2650 0.4884 0.8314
vn -0.8164 0.1553 -0.5562
vn -0.8009 0.2628 -0.5380
vn -0.9153 0.0896 -0.3927
vn -0.8256 0.0518 -0.5619
vn 0.4604 0.3344 0.8223
vn 0.2904 0.3461 0.8921
vn -0.0000 -0.0459 -0.9989
vn 0.1957 -0.0415 -0.9798
vn -0.7087 0.0195 -0.7053
vn 0.1323 0.3512 0.9269
vn 0.3909 -0.0280 -0.9200
vn -0.5664 -0.0069 -0.8241
vn 0.0000 0.3523 0.9359
vn 0.5664 -0.0069 -0.8241
vn -0.3909 -0.0280 -0.9200
vn -0.1323 0.3512 0.9269
vn 0.7087 0.0195 -0.7053
vn -0.1957 -0.0415 -0.9798
vn -0.2904 0.3461 0.8921
vn 0.8256 0.0518 -0.5619
vn -0.4604 0.3344 0.8223
vn 0.9153 0.0896 -0.3927
vn -0.6170 0.3163 0.7206
vn 0.9694 0.1299 -0.2081
vn -0.7527 0.2923 0.5900
vn 0.9848 0.1737 -0.0040
vn -0.8678 0.2606 0.4231
vn 0.9514 0.2194 0.2159
vn -0.9514 0.2194 0.2159
vn 0.8678 0.2606 0.4231
vn -0.9848 0.1737 -0.0040
vn 0.7527 0.2923 0.5900
vn -0.9694 0.1299 -0.2081
vn 0.6170 0.3163 0.7206
vn 0.0255 0.1056 0.9941
vn 0.0118 -0.1023 0.9947
vn 0.0546 0.1196 0.9913
vn -0.0310 -0.1217 0.9921
vn 0.1168 -0.0915 0.9889
vn -0.0360 -0.1249 0.9915
vn -0.1313 0.7378 -0.6621
vn -0.1901 0.7237 -0.6634
vn -0.2645 0.8774 -0.4003
vn -0.1856 0.8981 -0.3988
vn 0.0235 0.7503 -0.6607
vn 0.0350 0.9181 -0.3949
vn 0.0695 0.9135 -0.4008
vn 0.0458 0.7497 -0.6601
vn 0.0279 0.7942 0.6070
vn 0.0122 0.7488 0.6627
vn 0.0614 0.7564 0.6512
vn 0.0741 0.8082 0.5842
vn -0.1484 0.7559 0.6376
vn -0.1549 0.7049 0.6922
vn -0.0738 0.7281 0.6815
vn -0.0627 0.7761 0.6275
vn 0.2675 0.1355 0.9540
vn -0.0288 -0.0356 0.9990
vn 0.2404 0.0786 0.9675
vn -0.1297 0.2461 0.9605
vn 0.0286 -0.0355 0.9990
vn -0.1362 0.2751 0.9517
vn 0.1534 0.5751 0.8036
vn -0.0074 0.0798 0.9968
vn 0.1374 0.5010 0.8545
vn -0.0939 -0.0568 0.9940
vn 0.0530 -0.1004 0.9935
vn -0.1020 -0.0386 0.9940
vn 0.0879 -0.4330 0.8971
vn -0.0090 -0.2194 0.9756
vn -0.0030 0.0931 0.9957
vn 0.1338 -0.1907 0.9725
vn 0.0507 -0.1000 0.9937
vn 0.0552 -0.1027 0.9932
vn -0.0091 -0.0372 -0.9993
vn -0.0864 0.5812 0.8092
vn 0.0001 0.0900 0.9959
vn 0.3175 -0.2967 0.9006
vn -0.0194 -0.0278 0.9994
vn 0.0675 -0.1132 0.9913
vn -0.0709 0.1331 -0.9886
vn 0.3751 -0.2478 0.8933
vn -0.1542 0.0492 0.9868
vn 0.0931 -0.1303 0.9871
vn -0.2104 0.1573 0.9649
vn -0.0980 0.1784 -0.9791
vn 0.0782 -0.1573 0.9845
vn -0.3063 -0.0518 0.9505
vn -0.1518 -0.0263 0.9881
vn 0.1010 -0.1397 0.9850
vn 0.2575 0.0878 0.9623
vn 0.0627 -0.1410 0.9880
vn 0.2777 0.0521 0.9592
vn -0.0673 0.1349 -0.9886
vn 0.4684 -0.2048 0.8594
vn 0.1013 -0.1417 0.9847
vn -0.3080 0.6803 -0.6651
vn -0.4163 0.8148 -0.4034
vn -0.3429 0.8480 -0.4040
vn -0.2540 0.7029 -0.6644
vn -0.0404 0.1254 -0.9913
vn 0.2192 -0.2470 0.9439
vn 0.0537 -0.1345 0.9895
vn 0.0679 0.1344 -0.9886
vn -0.1372 0.1062 0.9848
vn -0.0625 -0.1413 0.9880
vn -0.1148 0.1312 0.9847
vn 0.1124 0.0941 0.9892
vn 0.1184 0.0939 0.9885
vn 0.1520 -0.0250 0.9881
vn 0.1259 0.1457 -0.9813
vn -0.1069 -0.1377 0.9847
vn 0.0979 0.1794 -0.9789
vn 0.2120 0.1636 0.9635
vn -0.0778 -0.1577 0.9844
vn 0.7684 -0.6250 0.1377
vn 0.7715 -0.6265 0.1107
vn 0.7079 -0.6992 0.0999
vn 0.7025 -0.6990 0.1340
vn 0.0540 -0.2514 0.9664
vn -0.0944 -0.1321 0.9867
vn 0.0197 -0.2503 0.9680
vn 0.2319 0.6837 0.6920
vn 0.0706 0.1336 -0.9885
vn -0.0365 -0.0386 0.9986
vn 0.0096 -0.0277 0.9996
vn -0.3304 -0.2935 0.8970
vn -0.0679 -0.1128 0.9913
vn 0.0855 0.5816 0.8090
vn -0.2832 -0.7445 0.6046
vn -0.0184 0.0265 0.9995
vn -0.0547 -0.1079 0.9927
vn -0.1380 -0.1963 0.9708
vn -0.0555 -0.1024 0.9932
vn 0.0093 -0.2212 0.9752
vn -0.0874 -0.4344 0.8965
vn 0.0030 0.0931 0.9957
vn 0.1152 0.3382 0.9340
vn -0.0477 -0.0919 0.9946
vn -0.0461 -0.0812 0.9956
vn -0.0218 0.5196 0.8541
vn 0.0074 0.0797 0.9968
vn -0.0344 0.5360 0.8435
vn -0.7676 -0.1482 -0.6235
vn -0.9139 -0.1570 -0.3743
vn -0.9203 -0.0720 -0.3845
vn -0.7694 -0.0923 -0.6321
vn 0.7345 -0.3098 -0.6038
vn 0.8451 -0.3859 -0.3699
vn 0.8059 -0.4654 -0.3659
vn 0.7072 -0.3789 -0.5969
vn -0.7659 -0.0224 -0.6426
vn -0.9201 0.0197 -0.3911
vn -0.9041 0.1258 -0.4083
vn -0.7517 0.0667 -0.6561
vn 0.6684 -0.4562 -0.5875
vn 0.7548 -0.5464 -0.3630
vn 0.6987 -0.6211 -0.3552
vn 0.6253 -0.5225 -0.5796
vn -0.7207 0.1808 -0.6692
vn -0.8749 0.2436 -0.4186
vn -0.8254 0.3652 -0.4305
vn -0.6726 0.2959 -0.6783
vn 0.5759 -0.5845 -0.5716
vn 0.6372 -0.6851 -0.3530
vn 0.5729 -0.7427 -0.3466
vn 0.5261 -0.6350 -0.5657
vn -0.6011 0.4177 -0.6814
vn -0.7610 0.4832 -0.4329
vn -0.6971 0.5758 -0.4272
vn -0.5341 0.5060 -0.6773
vn 0.4721 -0.6803 -0.5606
vn 0.5067 -0.7895 -0.3464
vn 0.4367 -0.8315 -0.3432
vn 0.4166 -0.7179 -0.5578
vn 0.0874 0.2070 0.9744
vn -0.0403 -0.1256 0.9913
vn 0.1071 0.2209 0.9694
vn -0.4757 0.5658 -0.6735
vn -0.6381 0.6444 -0.4214
vn -0.5848 0.6970 -0.4151
vn -0.4289 0.6069 -0.6691
vn 0.3551 -0.7517 -0.5557
vn 0.3643 -0.8651 -0.3448
vn 0.2778 -0.8956 -0.3475
vn 0.2760 -0.7836 -0.5565
vn 0.1575 0.7330 -0.6618
vn 0.2259 0.8959 -0.3824
vn 0.2645 0.8774 -0.4003
vn 0.1901 0.7237 -0.6634
vn -0.3956 0.6310 -0.6673
vn -0.5379 0.7375 -0.4083
vn -0.4799 0.7765 -0.4084
vn -0.3567 0.6550 -0.6662
vn 0.1757 -0.8121 -0.5565
vn 0.1766 -0.9204 -0.3489
vn 0.0617 -0.9339 -0.3520
vn 0.0650 -0.8272 -0.5581
vn 0.2540 0.7029 -0.6644
vn 0.3429 0.8480 -0.4040
vn 0.4163 0.8148 -0.4034
vn 0.3079 0.6803 -0.6651
vn 0.2935 -0.0578 0.9542
vn -0.0030 -0.0913 0.9958
vn 0.1951 -0.0804 0.9775
vn -0.0650 -0.8272 -0.5581
vn -0.0617 -0.9339 -0.3520
vn -0.1766 -0.9204 -0.3489
vn -0.1757 -0.8121 -0.5565
vn 0.3567 0.6550 -0.6662
vn 0.4799 0.7765 -0.4084
vn 0.5379 0.7375 -0.4083
vn 0.3956 0.6310 -0.6673
vn -0.2760 -0.7836 -0.5565
vn -0.2778 -0.8956 -0.3475
vn -0.3643 -0.8651 -0.3448
vn -0.3551 -0.7517 -0.5557
vn 0.4289 0.6069 -0.6691
vn 0.5848 0.6970 -0.4151
vn 0.6381 0.6444 -0.4214
vn 0.4757 0.5658 -0.6735
vn -0.4165 -0.7179 -0.5578
vn -0.4367 -0.8315 -0.3432
vn -0.5067 -0.7895 -0.3464
vn -0.4721 -0.6803 -0.5607
vn 0.5341 0.5060 -0.6773
vn 0.6971 0.5758 -0.4272
vn 0.7610 0.4832 -0.4329
vn 0.6011 0.4177 -0.6814
vn -0.5261 -0.6350 -0.5657
vn -0.5729 -0.7427 -0.3466
vn -0.6372 -0.6851 -0.3530
vn -0.5759 -0.5845 -0.5716
vn 0.6725 0.2959 -0.6783
vn 0.8254 0.3652 -0.4305
vn 0.8749 0.2436 -0.4186
vn 0.7207 0.1808 -0.6692
vn -0.6253 -0.5225 -0.5796
vn -0.6987 -0.6211 -0.3552
vn -0.7548 -0.5464 -0.3630
vn -0.6684 -0.4563 -0.5875
vn 0.7517 0.0667 -0.6561
vn 0.9041 0.1258 -0.4083
vn 0.9201 0.0197 -0.3911
vn 0.7659 -0.0224 -0.6426
vn -0.7072 -0.3789 -0.5969
vn -0.8059 -0.4654 -0.3659
vn -0.8451 -0.3859 -0.3699
vn -0.7345 -0.3098 -0.6038
vn 0.7694 -0.0923 -0.6321
vn 0.9203 -0.0720 -0.3845
vn 0.9139 -0.1570 -0.3743
vn 0.7676 -0.1482 -0.6235
vn -0.7515 -0.2489 -0.6110
vn -0.8762 -0.3089 -0.3700
vn -0.8980 -0.2319 -0.3739
vn -0.7623 -0.1955 -0.6171
vn 0.7623 -0.1954 -0.6171
vn 0.8980 -0.2319 -0.3739
vn 0.8762 -0.3089 -0.3700
vn 0.7515 -0.2489 -0.6110
vn -0.8388 0.1461 0.5244
vn -0.7888 0.1734 0.5896
vn -0.7506 0.2540 0.6100
vn -0.8105 0.2314 0.5381
vn 0.7637 -0.6203 0.1786
vn 0.7469 -0.6134 0.2566
vn 0.6851 -0.6864 0.2438
vn 0.6994 -0.6948 0.1677
vn 0.0622 0.6741 0.7360
vn 0.0476 0.6819 0.7299
vn 0.0965 0.6825 0.7245
vn 0.1058 0.7166 0.6894
vn -0.7785 0.2903 0.5565
vn -0.7188 0.3004 0.6270
vn -0.6936 0.3226 0.6441
vn -0.7507 0.3329 0.5706
vn 0.6309 -0.7599 0.1567
vn 0.6164 -0.7522 0.2331
vn 0.5441 -0.8085 0.2243
vn 0.5559 -0.8178 0.1489
vn -0.7274 0.3550 0.5872
vn -0.6778 0.3273 0.6583
vn -0.6608 0.3435 0.6674
vn -0.6977 0.3819 0.6062
vn 0.4791 -0.8664 0.1408
vn 0.4657 -0.8577 0.2180
vn 0.3859 -0.8973 0.2142
vn 0.3974 -0.9077 0.1350
vn -0.6632 0.4183 0.6206
vn -0.6316 0.3734 0.6794
vn -0.5929 0.4174 0.6887
vn -0.6175 0.4623 0.6364
vn 0.3146 -0.9403 0.1296
vn 0.3008 -0.9298 0.2120
vn 0.2130 -0.9531 0.2150
vn 0.2277 -0.9658 0.1241
vn 0.2452 0.7853 0.5685
vn 0.2265 0.7409 0.6323
vn 0.2628 0.7440 0.6143
vn 0.2884 0.7833 0.5507
vn -0.5595 0.5167 0.6481
vn -0.5367 0.4719 0.6995
vn -0.4791 0.5202 0.7070
vn -0.4979 0.5693 0.6542
vn 0.1367 -0.9830 0.1224
vn 0.1244 -0.9684 0.2161
vn 0.0341 -0.9742 0.2231
vn 0.0422 -0.9915 0.1232
vn 0.3715 0.7681 0.5215
vn 0.3465 0.7312 0.5877
vn 0.4267 0.7061 0.5651
vn 0.4530 0.7385 0.4994
vn -0.4334 0.6159 0.6579
vn -0.4178 0.5663 0.7104
vn -0.3580 0.6049 0.7113
vn -0.3670 0.6582 0.6573
vn -0.0529 -0.9900 0.1305
vn -0.0527 -0.9718 0.2299
vn -0.1394 -0.9612 0.2382
vn -0.1451 -0.9789 0.1438
vn 0.5338 0.7019 0.4717
vn 0.5063 0.6718 0.5406
vn 0.5813 0.6286 0.5167
vn 0.6080 0.6556 0.4479
vn -0.2323 -0.9593 0.1604
vn -0.2224 -0.9419 0.2517
vn -0.3046 -0.9150 0.2647
vn -0.3151 -0.9318 0.1802
vn 0.6771 0.6045 0.4197
vn 0.6506 0.5785 0.4920
vn 0.7066 0.5276 0.4715
vn 0.7343 0.5545 0.3916
vn -0.3948 -0.8965 0.2010
vn -0.3839 -0.8789 0.2831
vn -0.4601 -0.8347 0.3028
vn -0.4726 -0.8530 0.2214
vn 0.7833 0.5031 0.3651
vn 0.7527 0.4809 0.4496
vn 0.7911 0.4322 0.4329
vn 0.8273 0.4480 0.3390
vn -0.5458 -0.8011 0.2456
vn -0.5322 -0.7817 0.3252
vn -0.5990 -0.7206 0.3492
vn -0.6153 -0.7411 0.2687
vn 0.8661 0.3862 0.3174
vn 0.8245 0.3836 0.4160
vn 0.8613 0.3159 0.3980
vn 0.9021 0.3078 0.3025
vn -0.6772 -0.6734 0.2964
vn -0.6584 -0.6524 0.3752
vn -0.7107 -0.5770 0.4025
vn -0.7330 -0.5987 0.3229
vn 0.9329 0.2161 0.2882
vn 0.8930 0.2331 0.3849
vn 0.9216 0.1270 0.3668
vn 0.9536 0.1120 0.2794
vn -0.7791 -0.5176 0.3538
vn -0.7530 -0.4968 0.4314
vn -0.7907 -0.4045 0.4595
vn -0.8185 -0.4250 0.3867
vn 0.9636 -0.0041 0.2672
vn 0.9358 0.0092 0.3525
vn 0.9355 -0.1117 0.3351
vn 0.9587 -0.1228 0.2564
vn -0.8488 -0.3218 0.4195
vn -0.8181 -0.3002 0.4905
vn -0.8353 -0.1827 0.5185
vn -0.8683 -0.2056 0.4513
vn -0.8729 -0.0820 0.4809
vn -0.8359 -0.0563 0.5460
vn -0.8189 0.0669 0.5701
vn -0.8638 0.0377 0.5024
vn 0.8692 -0.4478 0.2099
vn 0.8504 -0.4421 0.2851
vn 0.8021 -0.5320 0.2713
vn 0.8197 -0.5393 0.1928
vn 0.0474 0.9782 0.2022
vn 0.0478 0.9431 0.3291
vn 0.0955 0.9386 0.3315
vn 0.0953 0.9771 0.1903
vn -0.8127 -0.3574 0.4602
vn -0.8177 -0.3508 0.4564
vn -0.8348 -0.2358 0.4976
vn -0.8266 -0.2454 0.5064
vn 0.9800 -0.0226 0.1977
vn 0.9755 -0.0309 0.2178
vn 0.9693 -0.1471 0.1972
vn 0.9739 -0.1404 0.1781
vn 0.8331 -0.3602 -0.4197
vn 0.8328 -0.3645 -0.4167
vn 0.7854 -0.4375 -0.4378
vn 0.7895 -0.4343 -0.4336
vn -0.9787 -0.1445 -0.1456
vn -0.9880 -0.1530 -0.0230
vn -0.9989 -0.0464 0.0022
vn -0.9907 -0.0435 -0.1290
vn -0.7532 -0.5472 0.3651
vn -0.7538 -0.5441 0.3685
vn -0.7924 -0.4537 0.4076
vn -0.7878 -0.4591 0.4106
vn 0.9511 0.1969 0.2379
vn 0.9446 0.1961 0.2632
vn 0.9676 0.0865 0.2373
vn 0.9711 0.0923 0.2201
vn -0.6579 -0.6984 0.2819
vn -0.6575 -0.6964 0.2875
vn -0.7112 -0.6234 0.3249
vn -0.7109 -0.6266 0.3195
vn 0.8851 0.3671 0.2862
vn 0.8774 0.3644 0.3121
vn 0.9144 0.2882 0.2842
vn 0.9205 0.2887 0.2632
vn -0.5305 -0.8216 0.2089
vn -0.5296 -0.8199 0.2174
vn -0.5971 -0.7623 0.2499
vn -0.5981 -0.7641 0.2418
vn 0.8033 0.4785 0.3546
vn 0.7994 0.4766 0.3657
vn 0.8402 0.4222 0.3404
vn 0.8456 0.4275 0.3195
vn -0.3825 -0.9125 0.1448
vn -0.3815 -0.9107 0.1585
vn -0.4574 -0.8697 0.1854
vn -0.4588 -0.8713 0.1742
vn 0.6987 0.5691 0.4335
vn 0.6945 0.5743 0.4334
vn 0.7512 0.5234 0.4022
vn 0.7539 0.5256 0.3941
vn -0.2234 -0.9708 0.0872
vn -0.2190 -0.9692 0.1128
vn -0.3029 -0.9439 0.1316
vn -0.3042 -0.9457 0.1146
vn 0.5557 0.6539 0.5135
vn 0.5497 0.6595 0.5127
vn 0.6248 0.6197 0.4750
vn 0.6289 0.6143 0.4765
vn -0.0461 -0.9980 0.0434
vn -0.0404 -0.9960 0.0797
vn -0.1322 -0.9869 0.0921
vn -0.1376 -0.9885 0.0625
vn -0.3402 0.4388 0.8317
vn -0.3496 0.4391 0.8276
vn -0.2956 0.4767 0.8279
vn -0.2847 0.4796 0.8300
vn 0.3937 0.7018 0.5937
vn 0.3864 0.7066 0.5928
vn 0.4677 0.6868 0.5563
vn 0.4735 0.6815 0.5580
vn 0.1438 -0.9893 0.0240
vn 0.1493 -0.9869 0.0611
vn 0.0545 -0.9961 0.0698
vn 0.0483 -0.9984 0.0295
vn -0.4529 0.3514 0.8194
vn -0.4619 0.3519 0.8142
vn -0.4062 0.3945 0.8243
vn -0.3967 0.3964 0.8280
vn 0.2661 0.6766 0.6866
vn 0.2645 0.7061 0.6569
vn 0.2992 0.7047 0.6434
vn 0.3104 0.7004 0.6427
vn 0.3227 -0.9462 0.0222
vn 0.3288 -0.9426 0.0588
vn 0.2409 -0.9686 0.0609
vn 0.2348 -0.9718 0.0206
vn -0.5562 0.2781 0.7832
vn -0.5597 0.2701 0.7834
vn -0.5204 0.3057 0.7974
vn -0.5105 0.3074 0.8031
vn 0.4878 -0.8725 0.0278
vn 0.4894 -0.8694 0.0683
vn 0.4114 -0.9093 0.0629
vn 0.4055 -0.9138 0.0244
vn -0.6257 0.2525 0.7381
vn -0.6147 0.2484 0.7486
vn -0.5946 0.2545 0.7627
vn -0.5935 0.2589 0.7621
vn 0.6403 -0.7669 0.0428
vn 0.6376 -0.7656 0.0859
vn 0.5659 -0.8209 0.0761
vn 0.5647 -0.8246 0.0350
vn -0.6897 0.2244 0.6885
vn -0.6764 0.2449 0.6947
vn -0.6424 0.2594 0.7212
vn -0.6567 0.2513 0.7111
vn 0.7744 -0.6289 0.0688
vn 0.7690 -0.6295 0.1112
vn 0.7064 -0.7011 0.0976
vn 0.7091 -0.7029 0.0554
vn -0.7708 0.0989 0.6293
vn -0.7710 0.1229 0.6249
vn -0.7242 0.2032 0.6590
vn -0.7347 0.1772 0.6548
vn -0.1578 0.9538 0.2558
vn -0.1378 0.9847 0.1062
vn -0.0404 0.9930 0.1113
vn -0.0640 0.9660 0.2506
vn 0.5802 0.7931 0.1851
vn 0.5743 0.7637 0.2949
vn 0.6454 0.7086 0.2852
vn 0.6523 0.7358 0.1820
vn -0.1689 0.5587 0.8120
vn -0.2312 0.5220 0.8210
vn -0.2431 0.5217 0.8177
vn -0.1830 0.5592 0.8086
vn 0.9546 -0.2543 0.1554
vn 0.9488 -0.2615 0.1771
vn 0.9171 -0.3647 0.1608
vn 0.9226 -0.3628 0.1315
vn 0.8956 -0.4395 -0.0693
vn 0.8899 -0.4350 -0.1371
vn 0.8403 -0.5194 -0.1556
vn 0.8475 -0.5241 -0.0840
vn -0.9877 0.1029 0.1174
vn -0.8958 0.1800 0.4063
vn -0.8762 0.2787 0.3933
vn -0.9696 0.2141 0.1189
vn 0.7751 -0.6308 0.0357
vn 0.7211 -0.6134 0.3221
vn 0.6586 -0.6829 0.3160
vn 0.7100 -0.7039 0.0228
vn -0.9398 0.3185 0.1239
vn -0.8473 0.3597 0.3908
vn -0.8154 0.4317 0.3856
vn -0.9014 0.4130 0.1300
vn 0.6404 -0.7679 0.0134
vn 0.5897 -0.7452 0.3112
vn 0.5158 -0.7994 0.3080
vn 0.5660 -0.8244 0.0062
vn -0.8562 0.4969 0.1415
vn -0.7820 0.4876 0.3882
vn -0.7406 0.5426 0.3964
vn -0.8082 0.5682 0.1548
vn 0.4901 -0.8716 0.0018
vn 0.4373 -0.8455 0.3065
vn 0.3557 -0.8836 0.3044
vn 0.4096 -0.9123 -0.0011
vn -0.7545 0.6340 0.1699
vn -0.6940 0.5968 0.4026
vn -0.6376 0.6505 0.4128
vn -0.6978 0.6917 0.1858
vn 0.3281 -0.9447 -0.0021
vn 0.2725 -0.9128 0.3041
vn 0.1878 -0.9354 0.2995
vn 0.2384 -0.9712 -0.0034
vn 0.3108 0.9028 0.2972
vn 0.3222 0.8203 0.4725
vn 0.3687 0.7866 0.4953
vn 0.3489 0.8807 0.3204
vn -0.6302 0.7501 0.2006
vn -0.5700 0.7055 0.4211
vn -0.4963 0.7551 0.4284
vn -0.5587 0.8010 0.2148
vn 0.1415 -0.9899 -0.0031
vn 0.1054 -0.9486 0.2986
vn 0.0191 -0.9548 0.2968
vn 0.0400 -0.9992 -0.0030
vn 0.4361 0.8338 0.3386
vn 0.4362 0.7425 0.5084
vn 0.5051 0.6948 0.5119
vn 0.5135 0.7871 0.3417
vn -0.4755 0.8493 0.2294
vn -0.4177 0.7969 0.4364
vn -0.3356 0.8307 0.4442
vn -0.3923 0.8873 0.2427
vn -0.0678 -0.9977 -0.0003
vn -0.0629 -0.9527 0.2972
vn -0.1459 -0.9407 0.3063
vn -0.1674 -0.9859 0.0038
vn 0.5888 0.7321 0.3427
vn 0.5742 0.6395 0.5111
vn 0.6346 0.5799 0.5108
vn 0.6559 0.6735 0.3409
vn -0.2641 -0.9644 0.0105
vn -0.2284 -0.9214 0.3144
vn -0.3072 -0.8932 0.3283
vn -0.3503 -0.9364 0.0190
vn 0.7172 0.6096 0.3375
vn 0.6917 0.5144 0.5070
vn 0.7328 0.4570 0.5041
vn 0.7690 0.5474 0.3302
vn -0.4318 -0.9015 0.0282
vn -0.3868 -0.8561 0.3428
vn -0.4645 -0.8117 0.3540
vn -0.5093 -0.8598 0.0378
vn 0.8100 0.4865 0.3275
vn 0.7638 0.4065 0.5013
vn 0.7862 0.3672 0.4971
vn 0.8478 0.4261 0.3158
vn -0.5851 -0.8095 0.0476
vn -0.5376 -0.7590 0.3673
vn -0.6085 -0.6987 0.3761
vn -0.6569 -0.7518 0.0570
vn 0.8786 0.3646 0.3084
vn 0.8061 0.3327 0.4894
vn 0.8305 0.2848 0.4787
vn 0.9112 0.2923 0.2904
vn -0.7258 -0.6846 0.0667
vn -0.6715 -0.6321 0.3866
vn -0.7313 -0.5569 0.3937
vn -0.7886 -0.6102 0.0758
vn 0.9439 0.1990 0.2634
vn 0.8636 0.2142 0.4564
vn 0.8897 0.1253 0.4390
vn 0.9675 0.0989 0.2327
vn -0.8461 -0.5262 0.0853
vn -0.7815 -0.4773 0.4018
vn -0.8273 -0.3834 0.4106
vn -0.8946 -0.4366 0.0946
vn 0.9808 -0.0256 0.1931
vn 0.9112 0.0090 0.4118
vn 0.9131 -0.1084 0.3931
vn 0.9775 -0.1412 0.1567
vn -0.9352 -0.3392 0.1022
vn -0.8636 -0.2829 0.4173
vn -0.8915 -0.1672 0.4211
vn -0.9658 -0.2354 0.1086
vn -0.9857 -0.1256 0.1128
vn -0.9059 -0.0498 0.4206
vn -0.9081 0.0705 0.4129
vn -0.9933 -0.0118 0.1150
vn 0.8848 -0.4604 0.0713
vn 0.8262 -0.4461 0.3440
vn 0.7766 -0.5359 0.3313
vn 0.8338 -0.5498 0.0507
vn 0.0749 0.9461 0.3149
vn 0.1160 0.8610 0.4952
vn 0.1525 0.8454 0.5118
vn 0.1304 0.9302 0.3431
vn -0.1132 0.9523 0.2834
vn -0.0765 0.8796 0.4695
vn 0.0148 0.8780 0.4784
vn -0.0206 0.9553 0.2949
vn -0.1435 0.9692 0.2001
vn -0.1440 0.9322 0.3320
vn -0.0493 0.9424 0.3309
vn -0.0474 0.9782 0.2022
vn -0.2367 0.9512 0.1980
vn -0.3293 0.9240 0.1947
vn -0.3271 0.8855 0.3300
vn -0.2374 0.9132 0.3312
vn -0.1425 0.9812 0.1304
vn -0.1415 0.9876 0.0686
vn -0.0464 0.9969 0.0632
vn -0.0489 0.9920 0.1161
vn -0.9755 -0.1379 0.1713
vn -0.9598 -0.1313 0.2482
vn -0.9656 -0.0142 0.2598
vn -0.9849 -0.0225 0.1718
vn 0.8778 -0.4545 0.1514
vn 0.8807 -0.4546 0.1332
vn 0.8302 -0.5438 0.1229
vn 0.8264 -0.5447 0.1428
vn 0.8559 -0.3997 -0.3282
vn 0.8645 -0.4051 -0.2976
vn 0.8181 -0.4832 -0.3120
vn 0.8120 -0.4755 -0.3385
vn -0.9413 0.2974 0.1596
vn -0.9120 0.2991 0.2808
vn -0.8803 0.3771 0.2879
vn -0.9073 0.3910 0.1549
vn 0.6330 -0.7633 0.1292
vn 0.6368 -0.7656 0.0912
vn 0.5636 -0.8218 0.0841
vn 0.5573 -0.8207 0.1261
vn -0.8671 0.4734 0.1548
vn -0.8466 0.4443 0.2929
vn -0.8079 0.5102 0.2951
vn -0.8210 0.5474 0.1624
vn 0.4799 -0.8688 0.1217
vn 0.4839 -0.8715 0.0795
vn 0.4039 -0.9115 0.0776
vn 0.3980 -0.9097 0.1182
vn -0.7713 0.6139 0.1678
vn -0.7623 0.5725 0.3020
vn -0.7078 0.6367 0.3059
vn -0.7153 0.6761 0.1767
vn 0.3154 -0.9421 0.1142
vn 0.3181 -0.9449 0.0769
vn 0.2297 -0.9697 0.0829
vn 0.2293 -0.9673 0.1086
vn 0.2836 0.9364 0.2069
vn 0.2817 0.9061 0.3158
vn 0.3264 0.8903 0.3175
vn 0.3293 0.9239 0.1947
vn -0.6523 0.7358 0.1820
vn -0.6442 0.6982 0.3122
vn -0.5737 0.7547 0.3183
vn -0.5802 0.7931 0.1851
vn 0.1401 -0.9845 0.1052
vn 0.1372 -0.9870 0.0836
vn 0.0451 -0.9948 0.0908
vn 0.0469 -0.9937 0.1018
vn 0.4173 0.8884 0.1913
vn 0.4132 0.8559 0.3111
vn 0.4958 0.8138 0.3032
vn 0.5024 0.8436 0.1895
vn -0.5024 0.8436 0.1895
vn -0.4958 0.8061 0.3230
vn -0.4138 0.8495 0.3272
vn -0.4173 0.8884 0.1913
vn -0.0468 -0.9937 0.1018
vn -0.0490 -0.9943 0.0952
vn -0.1408 -0.9852 0.0977
vn -0.1401 -0.9845 0.1052
vn -0.1008 0.6025 0.7917
vn -0.1138 0.6068 0.7867
vn -0.0365 0.6385 0.7688
vn -0.0236 0.6334 0.7734
vn -0.2293 -0.9673 0.1086
vn -0.2297 -0.9674 0.1067
vn -0.3172 -0.9418 0.1116
vn -0.3154 -0.9421 0.1142
vn 0.7153 0.6761 0.1767
vn 0.7094 0.6488 0.2754
vn 0.7652 0.5850 0.2688
vn 0.7713 0.6139 0.1678
vn -0.3980 -0.9097 0.1182
vn -0.3992 -0.9087 0.1224
vn -0.4785 -0.8679 0.1333
vn -0.4799 -0.8688 0.1216
vn 0.8210 0.5474 0.1624
vn 0.8123 0.5229 0.2582
vn 0.8538 0.4549 0.2533
vn 0.8671 0.4734 0.1548
vn -0.5573 -0.8207 0.1261
vn -0.5553 -0.8189 0.1454
vn -0.6276 -0.7622 0.1584
vn -0.6330 -0.7633 0.1292
vn 0.9073 0.3910 0.1549
vn 0.8902 0.3847 0.2440
vn 0.9244 0.3032 0.2313
vn 0.9413 0.2974 0.1597
vn -0.7025 -0.6990 0.1340
vn -0.6961 -0.6971 0.1715
vn -0.7586 -0.6247 0.1852
vn -0.7684 -0.6250 0.1377
vn 0.9663 0.1977 0.1649
vn 0.9525 0.2073 0.2232
vn 0.9736 0.0995 0.2055
vn 0.9810 0.0911 0.1715
vn -0.8264 -0.5447 0.1428
vn -0.8151 -0.5441 0.1990
vn -0.8653 -0.4547 0.2108
vn -0.8778 -0.4545 0.1514
vn 0.9849 -0.0225 0.1718
vn 0.9809 -0.0189 0.1934
vn 0.9751 -0.1342 0.1765
vn 0.9755 -0.1379 0.1713
vn -0.9810 0.0911 0.1715
vn -0.9583 0.1019 0.2669
vn -0.9381 0.2075 0.2773
vn -0.9663 0.1977 0.1649
vn -0.9205 -0.3575 0.1577
vn -0.9074 -0.3553 0.2247
vn -0.9395 -0.2482 0.2363
vn -0.9539 -0.2500 0.1660
vn 0.9539 -0.2500 0.1660
vn 0.9547 -0.2504 0.1610
vn 0.9231 -0.3549 0.1480
vn 0.9205 -0.3575 0.1577
vn 0.9002 -0.2145 -0.3790
vn 0.9044 -0.2156 -0.3682
vn 0.8717 -0.2923 -0.3933
vn 0.8710 -0.2874 -0.3985
vn -0.9293 -0.3245 -0.1766
vn -0.9348 -0.3447 -0.0857
vn -0.9664 -0.2514 -0.0533
vn -0.9583 -0.2364 -0.1604
vn 0.8814 -0.4595 0.1094
vn 0.8756 -0.4617 0.1416
vn 0.8259 -0.5493 0.1273
vn 0.8310 -0.5493 0.0873
vn -0.8235 -0.1229 0.5539
vn -0.8310 -0.1092 0.5455
vn -0.8113 0.0139 0.5845
vn -0.8075 -0.0062 0.5898
vn 0.9435 -0.0481 -0.3277
vn 0.9472 -0.0448 -0.3175
vn 0.9298 -0.1367 -0.3416
vn 0.9247 -0.1378 -0.3548
vn -0.8445 -0.4914 -0.2131
vn -0.8461 -0.5108 -0.1525
vn -0.8950 -0.4298 -0.1195
vn -0.8912 -0.4091 -0.1958
vn 0.9475 0.1699 -0.2710
vn 0.9494 0.1682 -0.2651
vn 0.9558 0.0565 -0.2887
vn 0.9519 0.0533 -0.3017
vn -0.7255 -0.6395 -0.2542
vn -0.7245 -0.6555 -0.2131
vn -0.7883 -0.5867 -0.1854
vn -0.7872 -0.5704 -0.2343
vn 0.8878 0.4070 -0.2148
vn 0.8918 0.4037 -0.2043
vn 0.9290 0.2874 -0.2331
vn 0.9253 0.2911 -0.2432
vn -0.5916 -0.7503 -0.2951
vn -0.5873 -0.7633 -0.2693
vn -0.6573 -0.7130 -0.2441
vn -0.6590 -0.6999 -0.2756
vn 0.7804 0.6029 -0.1658
vn 0.7920 0.5961 -0.1320
vn 0.8428 0.5106 -0.1701
vn 0.8361 0.5157 -0.1870
vn -0.4518 -0.8268 -0.3351
vn -0.4445 -0.8355 -0.3229
vn -0.5171 -0.8021 -0.2989
vn -0.5220 -0.7919 -0.3169
vn 0.6695 0.7326 -0.1228
vn 0.6890 0.7220 -0.0630
vn 0.7410 0.6644 -0.0979
vn 0.7262 0.6729 -0.1412
vn -0.2917 -0.8814 -0.3717
vn -0.2868 -0.8808 -0.3767
vn -0.3712 -0.8597 -0.3510
vn -0.3785 -0.8541 -0.3569
vn 0.5491 0.8316 -0.0834
vn 0.5680 0.8230 -0.0013
vn 0.6345 0.7724 -0.0291
vn 0.6135 0.7831 -0.1017
vn -0.0761 -0.9115 -0.4041
vn -0.0752 -0.9037 -0.4216
vn -0.1867 -0.8971 -0.4005
vn -0.1892 -0.9005 -0.3914
vn -0.4909 0.8712 -0.0042
vn -0.4961 0.8420 0.2121
vn -0.4098 0.8874 0.2111
vn -0.4091 0.9125 0.0005
vn 0.3947 0.9174 -0.0501
vn 0.4123 0.9093 0.0566
vn 0.4953 0.8682 0.0304
vn 0.4751 0.8775 -0.0657
vn 0.1653 -0.8869 -0.4314
vn 0.1631 -0.8793 -0.4476
vn 0.0484 -0.8975 -0.4383
vn 0.0512 -0.9065 -0.4191
vn -0.6338 0.7733 -0.0188
vn -0.6460 0.7373 0.1975
vn -0.5734 0.7931 0.2053
vn -0.5667 0.8239 -0.0107
vn 0.2622 0.9645 -0.0312
vn 0.2810 0.9514 0.1257
vn 0.3280 0.9407 0.0865
vn 0.3077 0.9508 -0.0350
vn 0.3551 -0.8169 -0.4546
vn 0.3490 -0.8137 -0.4648
vn 0.2632 -0.8480 -0.4600
vn 0.2690 -0.8547 -0.4439
vn -0.7515 0.6586 -0.0380
vn -0.7662 0.6229 0.1579
vn -0.7082 0.6825 0.1807
vn -0.6931 0.7203 -0.0292
vn 0.4895 -0.7353 -0.4687
vn 0.4840 -0.7337 -0.4769
vn 0.4170 -0.7761 -0.4731
vn 0.4247 -0.7775 -0.4638
vn -0.8614 0.5042 -0.0613
vn -0.8704 0.4803 0.1079
vn -0.8184 0.5582 0.1367
vn -0.8068 0.5885 -0.0511
vn 0.6137 -0.6365 -0.4672
vn 0.6093 -0.6353 -0.4745
vn 0.5462 -0.6886 -0.4771
vn 0.5528 -0.6883 -0.4698
vn -0.9516 0.2941 -0.0893
vn -0.9561 0.2852 0.0671
vn -0.9169 0.3900 0.0850
vn -0.9125 0.4022 -0.0752
vn 0.7334 -0.5099 -0.4495
vn 0.7298 -0.5102 -0.4550
vn 0.6705 -0.5775 -0.4657
vn 0.6759 -0.5762 -0.4594
vn -0.9910 0.0636 -0.1175
vn -0.9975 0.0646 0.0270
vn -0.9834 0.1760 0.0439
vn -0.9787 0.1783 -0.1015
vn -0.2309 0.9730 0.0034
vn -0.3205 0.9472 0.0033
vn -0.3220 0.9235 0.2084
vn -0.2279 0.9524 0.2022
vn -0.1400 0.9901 0.0023
vn -0.1362 0.9720 0.1913
vn -0.0400 0.9832 0.1781
vn -0.0502 0.9987 -0.0017
vn 0.0390 0.9992 -0.0079
vn 0.0528 0.9860 0.1584
vn 0.0941 0.9880 0.1229
vn 0.0826 0.9965 -0.0105
vn 0.0450 0.9939 0.1008
vn 0.0470 0.9974 0.0539
vn 0.0918 0.9949 0.0421
vn 0.0960 0.9910 0.0933
vn -0.2268 0.7267 0.6485
vn -0.3007 0.6951 0.6530
vn -0.2966 0.6416 0.7074
vn -0.2300 0.6741 0.7019
vn 0.7570 -0.5521 -0.3495
vn 0.7631 -0.5599 -0.3228
vn 0.7032 -0.6297 -0.3301
vn 0.6988 -0.6193 -0.3580
vn -0.9971 0.0721 -0.0252
vn -0.9962 0.0673 -0.0549
vn -0.9830 0.1777 -0.0470
vn -0.9823 0.1873 0.0046
vn 0.9206 -0.2489 -0.3010
vn 0.9315 -0.2454 -0.2685
vn 0.9010 -0.3274 -0.2846
vn 0.8921 -0.3243 -0.3147
vn -0.9293 -0.3499 -0.1178
vn -0.9299 -0.3468 -0.1222
vn -0.9626 -0.2516 -0.1001
vn -0.9618 -0.2570 -0.0947
vn 0.9606 -0.0781 -0.2668
vn 0.9679 -0.0679 -0.2421
vn 0.9531 -0.1623 -0.2556
vn 0.9429 -0.1696 -0.2868
vn -0.8376 -0.5210 -0.1643
vn -0.8389 -0.5185 -0.1658
vn -0.8892 -0.4345 -0.1430
vn -0.8877 -0.4377 -0.1427
vn 0.9637 0.1438 -0.2249
vn 0.9654 0.1469 -0.2155
vn 0.9731 0.0354 -0.2277
vn 0.9679 0.0251 -0.2501
vn -0.7133 -0.6682 -0.2115
vn -0.7156 -0.6680 -0.2042
vn -0.7802 -0.5972 -0.1864
vn -0.7779 -0.5994 -0.1888
vn 0.9058 0.3857 -0.1754
vn 0.9056 0.3851 -0.1778
vn 0.9433 0.2681 -0.1958
vn 0.9420 0.2683 -0.2017
vn -0.5749 -0.7780 -0.2535
vn -0.5770 -0.7810 -0.2391
vn -0.6477 -0.7285 -0.2232
vn -0.6448 -0.7278 -0.2333
vn 0.8030 0.5826 -0.1260
vn 0.8025 0.5832 -0.1259
vn 0.8560 0.4936 -0.1538
vn 0.8562 0.4951 -0.1474
vn -0.4320 -0.8538 -0.2906
vn -0.4322 -0.8597 -0.2721
vn -0.5060 -0.8234 -0.2569
vn -0.5042 -0.8192 -0.2733
vn 0.6944 0.7154 -0.0781
vn 0.6947 0.7151 -0.0781
vn 0.7497 0.6537 -0.1031
vn 0.7507 0.6531 -0.0992
vn -0.2706 -0.9072 -0.3222
vn -0.2706 -0.9128 -0.3060
vn -0.3579 -0.8880 -0.2887
vn -0.3582 -0.8811 -0.3087
vn 0.5716 0.8201 -0.0277
vn 0.5700 0.8207 -0.0387
vn 0.6375 0.7683 -0.0564
vn 0.6379 0.7683 -0.0524
vn -0.0551 -0.9359 -0.3479
vn -0.0560 -0.9412 -0.3333
vn -0.1699 -0.9320 -0.3201
vn -0.1688 -0.9260 -0.3378
vn -0.5035 0.8513 0.1475
vn -0.5015 0.8622 0.0709
vn -0.4159 0.9066 0.0720
vn -0.4216 0.8944 0.1495
vn 0.4144 0.9098 0.0212
vn 0.4117 0.9113 -0.0035
vn 0.4952 0.8686 -0.0191
vn 0.4965 0.8680 -0.0030
vn 0.1863 -0.9126 -0.3639
vn 0.1824 -0.9214 -0.3431
vn 0.0678 -0.9375 -0.3414
vn 0.0713 -0.9313 -0.3571
vn -0.6535 0.7453 0.1319
vn -0.6501 0.7576 0.0585
vn -0.5787 0.8130 0.0645
vn -0.5841 0.7992 0.1416
vn 0.2824 0.9578 0.0531
vn 0.2772 0.9603 0.0309
vn 0.3251 0.9456 0.0139
vn 0.3231 0.9453 0.0449
vn 0.3751 -0.8495 -0.3709
vn 0.3699 -0.8632 -0.3436
vn 0.2834 -0.8945 -0.3457
vn 0.2887 -0.8842 -0.3671
vn -0.7748 0.6229 0.1082
vn -0.7685 0.6392 0.0292
vn -0.7114 0.7013 0.0463
vn -0.7178 0.6863 0.1173
vn 0.5106 -0.7754 -0.3715
vn 0.5102 -0.7887 -0.3430
vn 0.4407 -0.8293 -0.3437
vn 0.4448 -0.8149 -0.3716
vn -0.8720 0.4832 0.0777
vn -0.8720 0.4895 -0.0066
vn -0.8204 0.5716 0.0147
vn -0.8260 0.5566 0.0896
vn 0.6368 -0.6794 -0.3646
vn 0.6406 -0.6900 -0.3368
vn 0.5753 -0.7439 -0.3400
vn 0.5746 -0.7306 -0.3689
vn -0.9528 0.3022 0.0286
vn -0.9565 0.2899 -0.0328
vn -0.9180 0.3958 -0.0224
vn -0.9165 0.3963 0.0541
vn -0.9852 -0.1551 -0.0728
vn -0.9849 -0.1516 -0.0830
vn -0.9967 -0.0452 -0.0679
vn -0.9979 -0.0468 -0.0451
vn 0.9404 -0.2387 0.2422
vn 0.9192 -0.2324 0.3179
vn 0.8902 -0.3410 0.3023
vn 0.9095 -0.3492 0.2255
vn -0.2396 0.9608 0.1392
vn -0.3299 0.9325 0.1471
vn -0.3275 0.9420 0.0732
vn -0.2341 0.9695 0.0721
vn -0.2526 0.9326 0.2577
vn -0.3404 0.9039 0.2591
vn -0.3242 0.9415 0.0923
vn -0.2296 0.9682 0.0996
vn 0.9583 -0.2580 0.1231
vn 0.8979 -0.2323 0.3738
vn 0.8681 -0.3450 0.3569
vn 0.9267 -0.3641 0.0937
vn -0.9836 -0.1207 0.1339
vn -0.9889 -0.1477 -0.0149
vn -0.9992 -0.0380 -0.0106
vn -0.9886 -0.0035 0.1508
vn -0.9272 0.3243 0.1875
vn -0.9545 0.2981 -0.0007
vn -0.9164 0.4002 0.0042
vn -0.8944 0.4008 0.1985
vn 0.6590 -0.7436 -0.1135
vn 0.6552 -0.7327 -0.1839
vn 0.5855 -0.7892 -0.1853
vn 0.5893 -0.7996 -0.1157
vn -0.8578 0.4694 0.2094
vn -0.8709 0.4913 0.0118
vn -0.8197 0.5723 0.0231
vn -0.8194 0.5317 0.2141
vn 0.5162 -0.8489 -0.1139
vn 0.5158 -0.8370 -0.1828
vn 0.4406 -0.8800 -0.1777
vn 0.4401 -0.8914 -0.1083
vn -0.7731 0.5932 0.2243
vn -0.7680 0.6396 0.0339
vn -0.7094 0.7033 0.0462
vn -0.7195 0.6551 0.2305
vn 0.3599 -0.9277 -0.0994
vn 0.3634 -0.9163 -0.1685
vn 0.2739 -0.9481 -0.1617
vn 0.2672 -0.9595 -0.0894
vn 0.2705 0.9345 0.2315
vn 0.2913 0.9496 0.1158
vn 0.3315 0.9358 0.1197
vn 0.3122 0.9245 0.2189
vn -0.6553 0.7162 0.2403
vn -0.6479 0.7596 0.0572
vn -0.5757 0.8149 0.0666
vn -0.5860 0.7713 0.2483
vn 0.1663 -0.9830 -0.0781
vn 0.1721 -0.9733 -0.1518
vn 0.0634 -0.9875 -0.1446
vn 0.0572 -0.9960 -0.0682
vn 0.4042 0.8909 0.2071
vn 0.4216 0.8991 0.1179
vn 0.5076 0.8539 0.1153
vn 0.4885 0.8508 0.1937
vn -0.5076 0.8234 0.2537
vn -0.4984 0.8636 0.0760
vn -0.4121 0.9073 0.0841
vn -0.4277 0.8664 0.2578
vn -0.0548 -0.9967 -0.0592
vn -0.0532 -0.9890 -0.1381
vn -0.1609 -0.9783 -0.1303
vn -0.1604 -0.9857 -0.0522
vn 0.5687 0.8025 0.1806
vn 0.5834 0.8045 0.1113
vn 0.6553 0.7479 0.1057
vn 0.6409 0.7494 0.1660
vn -0.2579 -0.9652 -0.0435
vn -0.2593 -0.9578 -0.1243
vn -0.3489 -0.9299 -0.1160
vn -0.3469 -0.9372 -0.0356
vn 0.7055 0.6923 0.1520
vn 0.7166 0.6904 0.0991
vn 0.7746 0.6260 0.0897
vn 0.7635 0.6303 0.1406
vn -0.4274 -0.9038 -0.0243
vn -0.4269 -0.8979 -0.1078
vn -0.5050 -0.8574 -0.0991
vn -0.5051 -0.8630 -0.0117
vn 0.8156 0.5646 0.1264
vn 0.8250 0.5591 0.0825
vn 0.8754 0.4784 0.0700
vn 0.8639 0.4900 0.1162
vn -0.5807 -0.8141 0.0025
vn -0.5787 -0.8107 -0.0892
vn -0.6517 -0.7543 -0.0796
vn -0.6532 -0.7570 0.0183
vn 0.9097 0.4031 0.0996
vn 0.9187 0.3906 0.0585
vn 0.9567 0.2878 0.0422
vn 0.9489 0.3046 0.0827
vn -0.7224 -0.6906 0.0346
vn -0.7205 -0.6900 -0.0693
vn -0.7855 -0.6160 -0.0593
vn -0.7859 -0.6162 0.0520
vn 0.9793 0.1925 0.0620
vn 0.9839 0.1779 0.0199
vn 0.9980 0.0628 -0.0063
vn 0.9965 0.0738 0.0382
vn -0.8434 -0.5327 0.0699
vn -0.8439 -0.5343 -0.0490
vn -0.8944 -0.4456 -0.0384
vn -0.8925 -0.4428 0.0860
vn 0.9989 -0.0432 0.0157
vn 0.9981 -0.0501 -0.0352
vn 0.9848 -0.1607 -0.0660
vn 0.9880 -0.1541 -0.0100
vn -0.9335 -0.3433 0.1034
vn -0.9353 -0.3527 -0.0293
vn -0.9674 -0.2525 -0.0210
vn -0.9639 -0.2377 0.1199
vn 0.9661 -0.2561 -0.0310
vn 0.9623 -0.2559 -0.0918
vn 0.9290 -0.3510 -0.1178
vn 0.9355 -0.3496 -0.0514
vn -0.9798 0.1183 0.1614
vn -0.9971 0.0764 -0.0071
vn -0.9822 0.1879 -0.0049
vn -0.9583 0.2250 0.1761
vn 0.7895 -0.6060 -0.0973
vn 0.7836 -0.5979 -0.1688
vn 0.7205 -0.6702 -0.1781
vn 0.7268 -0.6784 -0.1073
vn -0.2108 0.9394 0.2702
vn -0.2998 0.9187 0.2572
vn -0.2526 0.8553 0.4524
vn -0.1660 0.8714 0.4616
vn 0.0317 0.9690 0.2450
vn 0.0486 0.9921 0.1160
vn 0.1045 0.9874 0.1186
vn 0.0832 0.9685 0.2346
vn 0.6471 0.4415 0.6216
vn 0.5193 0.2701 0.8108
vn 0.5471 0.2338 0.8038
vn 0.6822 0.3902 0.6183
vn -0.0796 -0.6753 0.7333
vn 0.0420 -0.3930 0.9186
vn 0.0241 -0.3819 0.9239
vn -0.1305 -0.6512 0.7476
vn 0.5386 0.5604 0.6291
vn 0.4374 0.3660 0.8214
vn 0.4830 0.3192 0.8154
vn 0.5952 0.5037 0.6262
vn -0.0024 -0.6980 0.7161
vn 0.0493 -0.4056 0.9127
vn 0.0635 -0.4007 0.9140
vn -0.0366 -0.6877 0.7251
vn -0.3331 0.6550 0.6782
vn -0.0981 0.4787 0.8725
vn -0.0328 0.5161 0.8559
vn -0.2663 0.6900 0.6731
vn 0.4134 0.6513 0.6364
vn 0.4328 0.3837 0.8158
vn 0.4717 0.3537 0.8077
vn 0.4769 0.6091 0.6336
vn 0.0622 -0.7027 0.7088
vn 0.0431 -0.4152 0.9087
vn 0.0494 -0.4077 0.9118
vn 0.0249 -0.7013 0.7124
vn -0.4607 0.5586 0.6898
vn -0.2940 0.3416 0.8927
vn -0.2450 0.3941 0.8858
vn -0.3994 0.6101 0.6844
vn 0.3105 0.6984 0.6448
vn 0.2388 0.4722 0.8485
vn 0.2607 0.4776 0.8390
vn 0.3493 0.6836 0.6408
vn 0.1703 -0.6940 0.6995
vn 0.0780 -0.4233 0.9026
vn 0.0449 -0.4201 0.9064
vn 0.1098 -0.7018 0.7039
vn -0.5563 0.4490 0.6993
vn -0.3695 0.2400 0.8977
vn -0.3468 0.2847 0.8937
vn -0.5159 0.5000 0.6956
vn 0.3161 -0.6559 0.6855
vn 0.1775 -0.4069 0.8961
vn 0.1239 -0.4168 0.9005
vn 0.2428 -0.6785 0.6933
vn -0.5867 0.3810 0.7146
vn -0.3306 0.2610 0.9070
vn -0.3400 0.2736 0.8997
vn -0.5755 0.4078 0.7088
vn 0.4541 -0.5859 0.6712
vn 0.2789 -0.3648 0.8883
vn 0.2300 -0.3853 0.8937
vn 0.3873 -0.6237 0.6790
vn -0.5785 0.3441 0.7395
vn -0.2247 0.5071 0.8321
vn -0.2451 0.5331 0.8098
vn -0.5800 0.3652 0.7281
vn 0.5709 -0.4894 0.6593
vn 0.3651 -0.3032 0.8802
vn 0.3249 -0.3322 0.8855
vn 0.5150 -0.5403 0.6654
vn -0.5849 0.2452 0.7732
vn -0.2737 0.4605 0.8444
vn -0.2792 0.5150 0.8104
vn -0.5812 0.2982 0.7572
vn 0.6681 -0.3574 0.6527
vn 0.4455 -0.1980 0.8731
vn 0.4070 -0.2533 0.8776
vn 0.6199 -0.4318 0.6551
vn -0.5907 0.0529 0.8052
vn -0.3108 0.3467 0.8850
vn -0.3075 0.4323 0.8477
vn -0.5913 0.1450 0.7933
vn 0.7476 -0.1628 0.6438
vn 0.5370 0.0474 0.8423
vn 0.5063 -0.0532 0.8607
vn 0.7123 -0.2681 0.6486
vn -0.1245 0.7370 0.6643
vn -0.1983 0.7177 0.6676
vn 0.0780 0.6027 0.7942
vn 0.1912 0.6301 0.7526
vn -0.5580 -0.1668 0.8129
vn -0.2880 0.1346 0.9481
vn -0.3004 0.1856 0.9356
vn -0.5761 -0.0702 0.8143
vn 0.7763 0.0622 0.6272
vn 0.6186 0.4039 0.6739
vn 0.6183 0.2509 0.7449
vn 0.7701 -0.0484 0.6360
vn -0.0468 0.7498 0.6600
vn 0.1092 0.6317 0.7675
vn 0.2442 0.6366 0.7316
vn 0.0362 0.7529 0.6572
vn -0.4917 -0.3313 0.8053
vn -0.2230 -0.1303 0.9661
vn -0.2430 -0.1006 0.9648
vn -0.5220 -0.2614 0.8119
vn 0.7537 0.2335 0.6144
vn 0.6221 0.4605 0.6332
vn 0.6258 0.3492 0.6974
vn 0.7692 0.1580 0.6192
vn 0.1208 0.7503 0.6500
vn 0.0721 0.5124 0.8557
vn 0.1240 0.5311 0.8382
vn 0.1591 0.7496 0.6424
vn -0.4110 -0.4406 0.7981
vn -0.1684 -0.2231 0.9601
vn -0.1893 -0.2063 0.9600
vn -0.4500 -0.3900 0.8034
vn 0.7263 0.3112 0.6129
vn 0.6304 0.4536 0.6299
vn 0.6115 0.3916 0.6875
vn 0.7390 0.2789 0.6133
vn -0.3107 -0.5380 0.7836
vn -0.1021 -0.2954 0.9499
vn -0.1308 -0.2735 0.9529
vn -0.3609 -0.4918 0.7924
vn 0.7056 0.3500 0.6161
vn 0.5561 0.2095 0.8043
vn 0.5614 0.2094 0.8006
vn 0.7193 0.3235 0.6147
vn -0.1927 -0.6200 0.7606
vn -0.0223 -0.3560 0.9342
vn -0.0573 -0.3346 0.9406
vn -0.2517 -0.5818 0.7734
vn 0.7929 0.3575 0.4934
vn -0.0350 0.9181 -0.3949
vn -0.1094 0.9116 -0.3963
vn 0.7677 0.3375 0.5448
vn -0.2448 0.1681 0.9549
vn -0.3839 0.3893 0.8373
vn -0.3011 0.5658 0.7676
vn -0.1846 0.2372 0.9537
vn 0.0992 0.7980 0.5944
vn 0.1477 0.8144 0.5611
vn 0.0640 0.9266 0.3705
vn 0.1099 0.9236 0.3673
vn -0.1318 -0.1369 0.9818
vn -0.1148 -0.1495 0.9821
vn -0.0803 -0.2062 0.9752
vn -0.0571 -0.2233 0.9731
vn -0.0151 -0.2627 0.9648
vn 0.0133 -0.2798 0.9600
vn 0.0568 -0.3034 0.9512
vn 0.0655 -0.3105 0.9483
vn 0.0909 -0.3160 0.9444
vn 0.1170 -0.4809 0.8689
vn 0.1531 -0.5015 0.8515
vn 0.1753 -0.4723 0.8639
vn 0.1730 -0.4996 0.8488
vn 0.0488 -0.3238 0.9449
vn 0.1583 -0.2743 0.9485
vn 0.1971 -0.2604 0.9452
vn 0.2279 -0.2222 0.9480
vn 0.2592 -0.2040 0.9440
vn 0.2892 -0.1398 0.9470
vn 0.3211 -0.0990 0.9419
vn 0.0506 0.9648 0.2581
vn 0.0741 0.9694 0.2340
vn -0.0827 0.9555 0.2831
vn -0.0530 0.3824 -0.9225
vn 0.7054 0.2271 0.6715
vn 0.6302 0.2695 0.7282
vn 0.6751 0.3211 0.6642
vn 0.3966 0.1185 0.9103
vn 0.4757 0.0983 0.8741
vn 0.3124 0.0409 0.9491
vn 0.0070 -0.0894 0.9960
vn -0.0012 -0.0807 0.9967
vn 0.1195 0.0315 0.9923
vn 0.0635 -0.0208 0.9978
vn -0.0027 -0.0123 0.9999
vn 0.4506 0.6216 -0.6408
vn 0.1152 -0.0069 0.9933
vn -0.0370 -0.1085 0.9934
vn -0.6492 0.1923 -0.7359
vn -0.1253 0.0302 0.9917
vn -0.0741 0.7464 -0.6614
vn -0.0235 0.7503 -0.6607
vn 0.0808 -0.1601 0.9838
vn 0.0518 -0.1333 0.9897
vn -0.0409 -0.1259 0.9912
vn -0.0516 -0.1336 0.9897
vn -0.0804 -0.1605 0.9837
vn -0.1095 -0.1388 0.9843
vn -0.0783 -0.1212 0.9895
vn 0.0072 0.1055 0.9944
vn -0.0411 -0.0679 0.9968
vn 0.0180 0.0221 0.9996
vn -0.0181 0.0222 0.9996
vn -0.0321 -0.1242 0.9917
vn 0.0408 -0.0680 0.9968
vn -0.0072 0.1055 0.9944
vn 0.0528 -0.1000 0.9936
vn -0.9862 -0.1417 -0.0862
vn -0.9607 -0.1330 -0.2435
vn -0.9442 -0.2452 -0.2197
vn -0.9667 -0.2420 -0.0838
vn 0.9520 -0.1210 0.2812
vn 0.8934 -0.1226 0.4323
vn 0.8651 -0.2654 0.4255
vn 0.9302 -0.2319 0.2845
vn -0.9884 -0.1373 0.0648
vn -0.9724 -0.2284 0.0477
vn 0.9710 -0.1229 0.2050
vn 0.9547 -0.2157 0.2050
vn -0.9796 -0.1285 0.1542
vn -0.9661 -0.2154 0.1424
vn 0.9796 -0.1284 0.1543
vn 0.9661 -0.2153 0.1424
vn -0.9709 -0.1232 0.2054
vn -0.9546 -0.2159 0.2055
vn 0.9884 -0.1372 0.0650
vn 0.9724 -0.2283 0.0479
vn -0.9516 -0.1218 0.2820
vn -0.9298 -0.2321 0.2857
vn 0.9862 -0.1416 -0.0860
vn 0.9667 -0.2420 -0.0836
vn -0.8933 -0.1234 0.4322
vn -0.8653 -0.2654 0.4253
vn 0.9608 -0.1330 -0.2433
vn 0.9443 -0.2452 -0.2195
vn -0.7249 -0.1314 0.6763
vn -0.6937 -0.3149 0.6478
vn 0.9124 -0.1159 -0.3924
vn 0.8962 -0.2475 -0.3682
vn -0.4817 -0.1246 0.8674
vn -0.4588 -0.3507 0.8164
vn -0.2528 -0.1321 -0.9585
vn 0.0031 -0.1484 -0.9889
vn 0.0025 -0.3948 -0.9188
vn -0.1926 -0.3758 -0.9065
vn 0.8227 -0.1030 -0.5591
vn 0.8010 -0.2603 -0.5391
vn -0.2525 -0.1056 0.9618
vn -0.2286 -0.3900 0.8920
vn -0.4843 -0.1087 -0.8681
vn -0.4346 -0.3305 -0.8378
vn 0.6720 -0.0996 -0.7338
vn 0.6418 -0.2847 -0.7120
vn 0.0000 -0.0957 0.9954
vn 0.0000 -0.4120 0.9112
vn -0.6720 -0.1013 -0.7336
vn -0.6379 -0.2894 -0.7137
vn 0.4808 -0.1066 -0.8703
vn 0.4300 -0.3249 -0.8423
vn 0.2525 -0.1056 0.9618
vn 0.2286 -0.3900 0.8920
vn -0.8223 -0.1037 -0.5595
vn -0.7997 -0.2615 -0.5405
vn 0.2523 -0.1309 -0.9588
vn 0.1871 -0.3725 -0.9090
vn 0.4817 -0.1245 0.8674
vn 0.4588 -0.3507 0.8164
vn -0.9123 -0.1162 -0.3927
vn -0.8959 -0.2477 -0.3687
vn 0.7245 -0.1310 0.6767
vn 0.6929 -0.3150 0.6486
vn 0.8983 0.0340 0.4380
vn 0.7263 0.0579 0.6849
vn -0.9656 0.0152 -0.2594
vn -0.9129 0.0250 -0.4074
vn 0.4655 0.0817 0.8813
vn 0.0021 0.0506 -0.9987
vn 0.2766 0.0469 -0.9599
vn -0.8228 0.0338 -0.5673
vn 0.2334 0.0951 0.9677
vn 0.4883 0.0445 -0.8715
vn -0.6761 0.0401 -0.7357
vn 0.0000 0.0975 0.9952
vn 0.6756 0.0402 -0.7362
vn -0.4904 0.0460 -0.8703
vn -0.2334 0.0951 0.9677
vn 0.8228 0.0342 -0.5673
vn -0.2762 0.0495 -0.9598
vn -0.4655 0.0817 0.8813
vn 0.9130 0.0252 -0.4073
vn -0.7264 0.0578 0.6849
vn 0.9657 0.0153 -0.2593
vn -0.8982 0.0338 0.4382
vn 0.9958 0.0077 -0.0907
vn -0.9588 0.0160 0.2838
vn 0.9975 0.0013 0.0704
vn -0.9783 0.0031 0.2072
vn 0.9874 -0.0016 0.1583
vn -0.9874 -0.0016 0.1581
vn 0.9783 0.0032 0.2071
vn -0.9975 0.0013 0.0702
vn 0.9589 0.0162 0.2833
vn -0.9958 0.0077 -0.0909
vn -0.3990 -0.5079 0.7634
vn -0.1703 -0.5436 0.8219
vn -0.1252 -0.5585 -0.8200
vn -0.3340 -0.5232 -0.7840
vn 0.7380 -0.4116 -0.5347
vn 0.5586 -0.4671 -0.6854
vn 0.0000 -0.5558 0.8313
vn -0.5505 -0.4688 -0.6907
vn 0.3263 -0.5221 -0.7880
vn 0.1703 -0.5436 0.8219
vn -0.7361 -0.4118 -0.5373
vn 0.1114 -0.5582 -0.8222
vn 0.3990 -0.5079 0.7635
vn -0.8569 -0.3634 -0.3656
vn 0.0032 -0.5664 -0.8241
vn 0.6281 -0.4574 0.6295
vn -0.9191 -0.3333 -0.2100
vn 0.8044 -0.3879 0.4499
vn -0.9441 -0.3180 -0.0873
vn 0.8950 -0.3247 0.3059
vn -0.9523 -0.3041 0.0262
vn 0.9325 -0.2949 0.2086
vn -0.9480 -0.2921 0.1259
vn 0.9481 -0.2921 0.1259
vn -0.9324 -0.2949 0.2089
vn 0.9523 -0.3040 0.0263
vn -0.8948 -0.3244 0.3068
vn 0.9441 -0.3180 -0.0871
vn -0.8047 -0.3872 0.4500
vn 0.9192 -0.3333 -0.2098
vn -0.6289 -0.4570 0.6290
vn 0.8572 -0.3635 -0.3648
vn 0.6674 -0.5830 0.4634
vn 0.7938 -0.5115 0.3289
vn -0.8880 -0.4490 -0.0991
vn -0.9009 -0.4339 0.0111
vn 0.8607 -0.4605 0.2170
vn -0.8923 -0.4364 0.1158
vn 0.8923 -0.4363 0.1158
vn -0.8607 -0.4605 0.2171
vn 0.9009 -0.4339 0.0112
vn -0.7937 -0.5115 0.3292
vn 0.8880 -0.4490 -0.0990
vn -0.6675 -0.5828 0.4635
vn 0.8456 -0.4841 -0.2251
vn -0.4963 -0.6442 0.5820
vn 0.7512 -0.5384 -0.3819
vn -0.3250 -0.6742 0.6632
vn 0.0033 -0.6545 -0.7560
vn -0.0954 -0.6604 -0.7448
vn 0.6059 -0.5944 -0.5288
vn -0.1519 -0.6736 0.7233
vn -0.2326 -0.6585 -0.7157
vn 0.4204 -0.6415 -0.6417
vn 0.0000 -0.6649 0.7469
vn -0.4138 -0.6384 -0.6490
vn 0.2242 -0.6621 -0.7151
vn 0.1519 -0.6736 0.7233
vn -0.6045 -0.5935 -0.5313
vn 0.0838 -0.6598 -0.7467
vn 0.3250 -0.6742 0.6632
vn -0.7511 -0.5382 -0.3824
vn 0.4960 -0.6443 0.5820
vn -0.8455 -0.4840 -0.2253
vn 0.6224 -0.7752 0.1083
vn 0.6454 -0.7635 0.0221
vn -0.5727 -0.7982 0.1867
vn -0.4938 -0.8282 0.2650
vn 0.6358 -0.7675 -0.0820
vn -0.3878 -0.8556 0.3428
vn 0.5826 -0.7875 -0.2011
vn -0.2813 -0.8720 0.4006
vn 0.4778 -0.8144 -0.3292
vn -0.1906 -0.8832 0.4285
vn 0.0015 -0.8244 -0.5660
vn -0.0683 -0.8284 -0.5560
vn 0.3612 -0.8292 -0.4266
vn -0.0999 -0.8932 0.4385
vn -0.1356 -0.8289 -0.5427
vn 0.2344 -0.8365 -0.4954
vn 0.0000 -0.8977 0.4407
vn -0.2323 -0.8350 -0.4989
vn 0.1318 -0.8307 -0.5408
vn 0.0999 -0.8932 0.4385
vn -0.3608 -0.8288 -0.4276
vn 0.0641 -0.8283 -0.5566
vn 0.1906 -0.8832 0.4285
vn -0.4778 -0.8144 -0.3293
vn 0.2813 -0.8720 0.4006
vn -0.5826 -0.7875 -0.2012
vn 0.3878 -0.8556 0.3428
vn -0.6358 -0.7675 -0.0821
vn 0.4938 -0.8282 0.2649
vn -0.6454 -0.7635 0.0220
vn 0.5728 -0.7982 0.1867
vn -0.6223 -0.7752 0.1082
vn 0.0319 -0.9983 -0.0481
vn 0.0042 -0.9955 -0.0945
vn 0.0150 -0.9980 0.0618
vn 0.0194 -0.9983 0.0548
vn 0.0007 -0.9923 -0.1242
vn 0.0201 -0.9917 -0.1267
vn -0.0223 -0.9917 -0.1267
vn 0.0147 -0.9988 0.0476
vn 0.0451 -0.9886 -0.1435
vn -0.0500 -0.9881 -0.1458
vn 0.0000 -0.9990 0.0441
vn 0.0501 -0.9880 -0.1460
vn -0.0458 -0.9886 -0.1437
vn -0.0147 -0.9988 0.0476
vn 0.0223 -0.9917 -0.1267
vn -0.0204 -0.9917 -0.1269
vn -0.0194 -0.9983 0.0548
vn -0.0043 -0.9955 -0.0945
vn -0.0150 -0.9980 0.0618
vn -0.0318 -0.9983 -0.0482
vn -0.0055 -0.9977 0.0670
vn -0.0481 -0.9988 0.0131
vn 0.0084 -0.9976 0.0693
vn -0.0499 -0.9966 0.0659
vn 0.0236 -0.9971 0.0725
vn -0.0380 -0.9962 0.0778
vn 0.0380 -0.9962 0.0778
vn -0.0236 -0.9971 0.0725
vn 0.0499 -0.9966 0.0659
vn -0.0084 -0.9976 0.0693
vn 0.0481 -0.9988 0.0133
vn 0.0055 -0.9977 0.0670
vn -0.9530 0.1775 -0.2456
vn -0.9791 0.1842 -0.0857
vn -0.9354 0.3467 -0.0690
vn -0.9215 0.3323 -0.2011
vn 0.8876 0.1704 0.4280
vn 0.9498 0.1472 0.2761
vn 0.9247 0.2856 0.2519
vn 0.8599 0.3142 0.4022
vn -0.9832 0.1724 0.0606
vn -0.9416 0.3343 0.0389
vn 0.9701 0.1404 0.1977
vn 0.9436 0.2853 0.1682
vn -0.9781 0.1511 0.1434
vn -0.9459 0.3057 0.1086
vn 0.9780 0.1512 0.1435
vn 0.9457 0.3063 0.1086
vn -0.9701 0.1403 0.1979
vn -0.9437 0.2847 0.1684
vn 0.9831 0.1726 0.0608
vn 0.9414 0.3351 0.0391
vn -0.9497 0.1471 0.2765
vn -0.9247 0.2850 0.2523
vn 0.9791 0.1845 -0.0855
vn 0.9352 0.3473 -0.0687
vn -0.8875 0.1703 0.4283
vn -0.8599 0.3136 0.4027
vn 0.9530 0.1778 -0.2454
vn 0.9214 0.3328 -0.2007
vn -0.7101 0.2074 0.6728
vn -0.6869 0.3531 0.6352
vn 0.9053 0.1663 -0.3909
vn 0.8895 0.3058 -0.3396
vn -0.4460 0.2282 0.8655
vn -0.4324 0.3658 0.8241
vn 0.0005 0.2061 -0.9785
vn -0.2641 0.1881 -0.9460
vn -0.2306 0.3005 -0.9255
vn 0.0001 0.3171 -0.9484
vn 0.8213 0.1566 -0.5486
vn 0.8216 0.2786 -0.4974
vn -0.2226 0.2395 0.9450
vn -0.2060 0.3723 0.9049
vn -0.4807 0.1606 -0.8620
vn -0.4628 0.2717 -0.8438
vn 0.6769 0.1512 -0.7204
vn 0.6799 0.2631 -0.6844
vn 0.0000 0.2474 0.9689
vn 0.0000 0.3776 0.9260
vn -0.6770 0.1511 -0.7203
vn -0.6799 0.2630 -0.6845
vn 0.4803 0.1602 -0.8624
vn 0.4628 0.2716 -0.8438
vn 0.2226 0.2395 0.9450
vn 0.2061 0.3723 0.9049
vn -0.8213 0.1563 -0.5487
vn -0.8215 0.2784 -0.4976
vn 0.2642 0.1873 -0.9461
vn 0.2306 0.3004 -0.9255
vn 0.4460 0.2282 0.8654
vn 0.4325 0.3660 0.8240
vn -0.9053 0.1660 -0.3910
vn -0.8895 0.3055 -0.3398
vn 0.7102 0.2075 0.6727
vn 0.6871 0.3535 0.6348
vn 0.8779 0.4331 0.2045
vn 0.8262 0.4411 0.3505
vn -0.8799 0.4748 0.0170
vn -0.8753 0.4812 -0.0477
vn 0.8913 0.4374 0.1196
vn -0.8879 0.4553 0.0656
vn 0.8874 0.4564 0.0653
vn -0.8917 0.4364 0.1201
vn 0.8793 0.4759 0.0172
vn -0.8783 0.4318 0.2050
vn 0.8749 0.4821 -0.0470
vn -0.8265 0.4397 0.3515
vn 0.8715 0.4700 -0.1399
vn -0.6830 0.4470 0.5776
vn 0.8581 0.4444 -0.2572
vn -0.4402 0.4410 0.7821
vn 0.8086 0.4212 -0.4107
vn -0.1878 0.4429 0.8767
vn -0.4401 0.4248 -0.7911
vn -0.1998 0.4441 -0.8734
vn 0.6685 0.4191 -0.6144
vn 0.0000 0.4486 0.8937
vn -0.6683 0.4189 -0.6147
vn 0.4402 0.4248 -0.7910
vn 0.1878 0.4429 0.8767
vn -0.8086 0.4208 -0.4111
vn 0.1998 0.4441 -0.8734
vn 0.4407 0.4414 0.7816
vn -0.8582 0.4440 -0.2576
vn 0.0000 0.4587 -0.8886
vn 0.6835 0.4480 0.5763
vn -0.8717 0.4694 -0.1406
vn -0.7858 0.6004 -0.1486
vn -0.7358 0.6165 -0.2802
vn 0.0000 0.7022 -0.7120
vn 0.1627 0.7027 -0.6926
vn 0.6571 0.6325 0.4101
vn 0.4178 0.6631 0.6211
vn -0.7900 0.6090 -0.0716
vn 0.7512 0.6212 0.2233
vn -0.7891 0.6139 -0.0230
vn 0.7828 0.6092 0.1269
vn -0.7927 0.6096 0.0015
vn 0.8021 0.5942 0.0597
vn -0.8005 0.5988 0.0238
vn 0.8000 0.5996 0.0233
vn -0.8025 0.5936 0.0605
vn 0.7921 0.6104 0.0018
vn -0.7838 0.6079 0.1271
vn 0.7888 0.6143 -0.0218
vn -0.7533 0.6182 0.2244
vn 0.7901 0.6090 -0.0705
vn -0.6566 0.6304 0.4142
vn 0.7857 0.6005 -0.1483
vn -0.4157 0.6624 0.6232
vn -0.1627 0.7027 -0.6926
vn 0.7358 0.6168 -0.2796
vn -0.1475 0.6678 0.7296
vn -0.3745 0.6933 -0.6157
vn 0.5880 0.6630 -0.4633
vn 0.0000 0.6516 0.7585
vn -0.5877 0.6628 -0.4641
vn 0.3747 0.6933 -0.6155
vn 0.1474 0.6677 0.7297
vn -0.6682 0.7440 0.0020
vn -0.6760 0.7368 -0.0118
vn -0.4617 0.8867 -0.0238
vn -0.4490 0.8929 0.0343
vn 0.6448 0.7627 0.0500
vn 0.6853 0.7283 -0.0012
vn 0.4786 0.8711 -0.1103
vn 0.4115 0.9067 -0.0925
vn -0.6846 0.7288 -0.0157
vn -0.4691 0.8805 -0.0683
vn 0.6849 0.7284 -0.0162
vn 0.4731 0.8783 -0.0686
vn -0.6843 0.7292 -0.0002
vn -0.4741 0.8737 -0.1089
vn 0.6762 0.7367 -0.0110
vn 0.4645 0.8853 -0.0222
vn -0.6444 0.7631 0.0488
vn -0.4082 0.9080 -0.0939
vn 0.6687 0.7435 0.0037
vn 0.4516 0.8915 0.0365
vn -0.5843 0.8087 0.0685
vn -0.3078 0.9464 -0.0974
vn 0.6613 0.7501 0.0010
vn 0.4327 0.8973 0.0870
vn -0.4606 0.8806 0.1112
vn -0.1635 0.9776 -0.1326
vn 0.6393 0.7684 -0.0277
vn 0.3971 0.9112 0.1099
vn -0.2403 0.9411 0.2378
vn -0.0150 0.9938 -0.1105
vn 0.0000 0.9168 -0.3994
vn -0.1088 0.9187 -0.3797
vn -0.0695 0.9940 -0.0844
vn 0.0000 0.9967 -0.0811
vn 0.5652 0.8174 -0.1117
vn 0.3390 0.9372 0.0820
vn -0.0664 0.9443 0.3224
vn 0.0152 0.9957 -0.0911
vn -0.2428 0.9119 -0.3308
vn -0.1388 0.9871 -0.0801
vn 0.4100 0.8803 -0.2389
vn 0.2335 0.9724 -0.0016
vn -0.0000 0.9430 0.3329
vn -0.0000 0.9972 -0.0742
vn -0.4091 0.8804 -0.2397
vn -0.2323 0.9727 -0.0018
vn 0.2432 0.9119 -0.3306
vn 0.1392 0.9870 -0.0801
vn 0.0660 0.9442 0.3225
vn -0.0155 0.9957 -0.0912
vn -0.5649 0.8176 -0.1118
vn -0.3381 0.9375 0.0825
vn 0.1089 0.9187 -0.3797
vn 0.0695 0.9940 -0.0844
vn 0.2441 0.9406 0.2359
vn 0.0173 0.9937 -0.1109
vn -0.6390 0.7687 -0.0276
vn -0.3960 0.9116 0.1102
vn 0.4614 0.8807 0.1073
vn 0.1664 0.9773 -0.1314
vn -0.6604 0.7509 -0.0005
vn -0.4306 0.8985 0.0853
vn 0.5831 0.8093 0.0711
vn 0.3099 0.9461 -0.0937
vn -0.0391 0.9473 -0.3178
vn -0.0277 0.9654 -0.2592
vn 0.0078 0.9954 0.0955
vn 0.0107 0.9999 -0.0126
vn 0.0458 0.9456 -0.3220
vn 0.0300 0.9761 0.2154
vn 0.1185 0.9335 -0.3385
vn 0.0690 0.9518 0.2988
vn 0.1566 0.9102 -0.3834
vn -0.0091 0.9781 0.2079
vn 0.0000 0.9751 0.2217
vn 0.0978 0.9430 0.3180
vn 0.0749 0.9099 -0.4081
vn -0.0319 0.9780 0.2063
vn 0.0746 0.9612 0.2656
vn -0.0000 0.9180 -0.3965
vn -0.0739 0.9612 0.2657
vn 0.0321 0.9780 0.2063
vn -0.0750 0.9098 -0.4081
vn -0.0969 0.9430 0.3184
vn 0.0091 0.9781 0.2079
vn -0.1564 0.9103 -0.3834
vn -0.0678 0.9519 0.2989
vn -0.1178 0.9337 -0.3382
vn -0.0276 0.9765 0.2137
vn -0.0446 0.9459 -0.3214
vn -0.0043 0.9956 0.0934
vn 0.0425 0.9471 -0.3182
vn -0.0050 0.9999 -0.0146
vn 0.0345 0.9646 -0.2616
vn -0.0089 0.9932 -0.1160
vn 0.0170 0.9931 -0.1164
vn -0.1320 0.8249 -0.5496
vn -0.0000 0.8178 -0.5756
vn 0.0645 0.8751 0.4796
vn 0.0666 0.8839 0.4629
vn -0.0576 0.8902 0.4519
vn -0.0828 0.8903 0.4478
vn -0.2720 0.8296 -0.4876
vn 0.1388 0.8938 0.4264
vn -0.0000 0.8897 0.4565
vn -0.3078 0.8510 -0.4254
vn 0.2435 0.9282 0.2814
vn -0.2642 0.8678 -0.4209
vn 0.2989 0.9474 0.1147
vn -0.2337 0.8869 -0.3984
vn 0.3099 0.9508 0.0022
vn -0.2823 0.9266 -0.2485
vn 0.3095 0.9468 -0.0882
vn -0.3054 0.9481 -0.0884
vn 0.2857 0.9260 -0.2469
vn -0.3070 0.9517 0.0029
vn 0.2350 0.8869 -0.3978
vn -0.2970 0.9478 0.1156
vn 0.2643 0.8678 -0.4208
vn -0.2423 0.9281 0.2827
vn 0.3078 0.8511 -0.4254
vn -0.1383 0.8938 0.4266
vn 0.2720 0.8296 -0.4876
vn 0.0576 0.8902 0.4519
vn -0.0642 0.8752 0.4795
vn 0.1320 0.8249 -0.5496
vn 0.0828 0.8903 0.4478
vn -0.0664 0.8839 0.4629
vn -0.2040 0.9707 -0.1270
vn -0.2330 0.9655 -0.1166
vn 0.1610 0.9853 0.0573
vn 0.1105 0.9723 0.2061
vn -0.1702 0.9790 -0.1120
vn 0.1722 0.9850 -0.0076
vn -0.1777 0.9834 -0.0362
vn 0.1756 0.9844 -0.0035
vn -0.1753 0.9845 -0.0036
vn 0.1780 0.9834 -0.0359
vn -0.1719 0.9851 -0.0078
vn 0.1703 0.9790 -0.1119
vn -0.1606 0.9854 0.0574
vn 0.2040 0.9707 -0.1270
vn -0.1100 0.9722 0.2066
vn 0.2330 0.9655 -0.1166
vn -0.0363 0.9404 0.3382
vn 0.2198 0.9664 -0.1333
vn 0.0233 0.9252 0.3788
vn 0.0000 0.9251 0.3796
vn -0.0125 0.9238 0.3827
vn 0.1278 0.9781 -0.1642
vn 0.0436 0.9260 0.3751
vn -0.0381 0.9258 0.3761
vn -0.0000 0.9827 -0.1852
vn 0.0382 0.9258 0.3761
vn -0.0436 0.9260 0.3751
vn -0.1278 0.9781 -0.1642
vn 0.0125 0.9238 0.3827
vn -0.0233 0.9252 0.3788
vn -0.2198 0.9664 -0.1333
vn 0.0365 0.9404 0.3381
vn 0.0000 0.9870 0.1606
vn -0.0000 -0.9996 0.0267
usemtl Green
s 1
f 709/1/1 21/2/2 20/3/3 708/4/4
f 711/5/5 8/6/6 7/7/7 710/8/8
f 712/9/9 22/10/10 21/2/2 709/1/1
f 9/11/11 8/6/6 711/5/5 713/12/12
f 714/13/13 23/14/14 22/10/10 712/9/9
f 715/15/15 10/16/16 9/11/11 713/12/12
f 716/17/17 24/18/18 23/14/14 714/13/13
f 717/19/19 11/20/20 10/16/16 715/15/15
f 718/21/21 25/22/22 24/18/18 716/17/17
f 719/23/23 12/24/24 11/20/20 717/19/19
f 720/25/25 26/26/26 25/22/22 718/21/21
f 721/27/27 13/28/28 12/24/24 719/23/23
f 722/29/29 27/30/30 26/26/26 720/25/25
f 723/31/31 14/32/32 13/28/28 721/27/27
f 724/33/33 28/34/34 27/30/30 722/29/29
f 725/35/35 15/36/36 14/32/32 723/31/31
f 727/37/37 2/38/38 1/39/39 726/40/40
f 728/41/41 29/42/42 28/34/34 724/33/33
f 729/43/43 16/44/44 15/36/36 725/35/35
f 730/45/45 3/46/46 2/38/38 727/37/37
f 731/47/47 30/48/48 29/42/42 728/41/41
f 732/49/49 17/50/50 16/44/44 729/43/43
f 733/51/51 4/52/52 3/46/46 730/45/45
f 734/53/53 31/54/54 30/48/48 731/47/47
f 735/55/55 18/56/56 17/50/50 732/49/49
f 736/57/57 5/58/58 4/52/52 733/51/51
f 737/59/59 32/60/60 31/54/54 734/53/53
f 738/61/61 19/62/62 18/56/56 735/55/55
f 739/63/63 6/64/64 5/58/58 736/57/57
f 726/40/40 1/39/39 32/65/60 737/66/59
f 708/4/4 20/3/3 19/62/62 738/61/61
f 27/30/30 59/67/65 58/68/66 26/26/26
f 14/32/32 46/69/67 45/70/68 13/28/28
f 28/34/34 60/71/69 59/67/65 27/30/30
f 15/36/36 47/72/70 46/69/67 14/32/32
f 2/38/38 34/73/71 33/74/72 1/39/39
f 29/42/42 61/75/73 60/71/69 28/34/34
f 16/44/44 48/76/74 47/72/70 15/36/36
f 3/46/46 35/77/75 34/73/71 2/38/38
f 30/48/48 62/78/76 61/75/73 29/42/42
f 17/50/50 49/79/77 48/76/74 16/44/44
f 4/52/52 36/80/78 35/77/75 3/46/46
f 31/54/54 63/81/79 62/78/76 30/48/48
f 18/56/56 50/82/80 49/79/77 17/50/50
f 5/58/58 37/83/81 36/80/78 4/52/52
f 32/60/60 64/84/82 63/81/79 31/54/54
f 19/62/62 51/85/83 50/82/80 18/56/56
f 6/64/64 38/86/84 37/83/81 5/58/58
f 1/39/39 33/74/72 64/87/82 32/65/60
f 20/3/3 52/88/85 51/85/83 19/62/62
f 7/7/7 39/89/86 38/86/84 6/64/64
f 21/2/2 53/90/87 52/88/85 20/3/3
f 8/6/6 40/91/88 39/89/86 7/7/7
f 22/10/10 54/92/89 53/90/87 21/2/2
f 9/11/11 41/93/90 40/91/88 8/6/6
f 23/14/14 55/94/91 54/92/89 22/10/10
f 10/16/16 42/95/92 41/93/90 9/11/11
f 24/18/18 56/96/93 55/94/91 23/14/14
f 11/20/20 43/97/94 42/95/92 10/16/16
f 25/22/22 57/98/95 56/96/93 24/18/18
f 12/24/24 44/99/96 43/97/94 11/20/20
f 26/26/26 58/68/66 57/98/95 25/22/22
f 13/28/28 45/70/68 44/99/96 12/24/24
f 33/74/72 65/100/97 96/101/98 64/87/82
f 52/88/85 84/102/99 83/103/100 51/85/83
f 39/89/86 71/104/101 70/105/102 38/86/84
f 53/90/87 85/106/103 84/102/99 52/88/85
f 40/91/88 72/107/104 71/104/101 39/89/86
f 54/92/89 86/108/105 85/106/103 53/90/87
f 41/93/90 73/109/106 72/107/104 40/91/88
f 55/94/91 87/110/107 86/108/105 54/92/89
f 42/95/92 74/111/108 73/109/106 41/93/90
f 56/96/93 88/112/109 87/110/107 55/94/91
f 43/97/94 75/113/110 74/111/108 42/95/92
f 57/98/95 89/114/111 88/112/109 56/96/93
f 44/99/96 76/115/112 75/113/110 43/97/94
f 58/68/66 90/116/113 89/114/111 57/98/95
f 45/70/68 77/117/114 76/115/112 44/99/96
f 59/67/65 91/118/115 90/116/113 58/68/66
f 46/69/67 78/119/116 77/117/114 45/70/68
f 60/71/69 92/120/117 91/118/115 59/67/65
f 47/72/70 79/121/118 78/119/116 46/69/67
f 34/73/71 66/122/119 65/100/97 33/74/72
f 61/75/73 93/123/120 92/120/117 60/71/69
f 48/76/74 80/124/121 79/121/118 47/72/70
f 35/77/75 67/125/122 66/122/119 34/73/71
f 62/78/76 94/126/123 93/123/120 61/75/73
f 49/79/77 81/127/124 80/124/121 48/76/74
f 36/80/78 68/128/125 67/125/122 35/77/75
f 63/81/79 95/129/126 94/126/123 62/78/76
f 50/82/80 82/130/127 81/127/124 49/79/77
f 37/83/81 69/131/128 68/128/125 36/80/78
f 64/84/82 96/132/98 95/129/126 63/81/79
f 51/85/83 83/103/100 82/130/127 50/82/80
f 38/86/84 70/105/102 69/131/128 37/83/81
f 87/110/107 119/133/129 118/134/130 86/108/105
f 74/111/108 106/135/131 105/136/132 73/109/106
f 88/112/109 120/137/133 119/133/129 87/110/107
f 75/113/110 107/138/134 106/135/131 74/111/108
f 89/114/111 121/139/135 120/137/133 88/112/109
f 76/115/112 108/140/136 107/138/134 75/113/110
f 90/116/113 122/141/137 121/139/135 89/114/111
f 77/117/114 109/142/138 108/140/136 76/115/112
f 91/118/115 123/143/139 122/141/137 90/116/113
f 78/119/116 110/144/140 109/142/138 77/117/114
f 92/120/117 124/145/141 123/143/139 91/118/115
f 79/121/118 111/146/142 110/144/140 78/119/116
f 66/122/119 98/147/143 97/148/144 65/100/97
f 93/123/120 125/149/145 124/145/141 92/120/117
f 80/124/121 112/150/146 111/146/142 79/121/118
f 67/125/122 99/151/147 98/147/143 66/122/119
f 94/126/123 126/152/148 125/149/145 93/123/120
f 81/127/124 113/153/149 112/150/146 80/124/121
f 68/128/125 100/154/150 99/151/147 67/125/122
f 95/129/126 127/155/151 126/152/148 94/126/123
f 82/130/127 114/156/152 113/153/149 81/127/124
f 69/131/128 101/157/153 100/154/150 68/128/125
f 96/132/98 128/158/154 127/155/151 95/129/126
f 83/103/100 115/159/155 114/156/152 82/130/127
f 70/105/102 102/160/156 101/157/153 69/131/128
f 65/100/97 97/148/144 128/161/154 96/101/98
f 84/102/99 116/162/157 115/159/155 83/103/100
f 71/104/101 103/163/158 102/160/156 70/105/102
f 85/106/103 117/164/159 116/162/157 84/102/99
f 72/107/104 104/165/160 103/163/158 71/104/101
f 86/108/105 118/134/130 117/164/159 85/106/103
f 73/109/106 105/136/132 104/165/160 72/107/104
f 122/141/137 154/166/161 153/167/162 121/139/135
f 109/142/138 141/168/163 140/169/164 108/140/136
f 123/143/139 155/170/165 154/166/161 122/141/137
f 110/144/140 142/171/166 141/168/163 109/142/138
f 124/145/141 156/172/167 155/170/165 123/143/139
f 111/146/142 143/173/168 142/171/166 110/144/140
f 98/147/143 130/174/169 129/175/170 97/148/144
f 125/149/145 157/176/171 156/172/167 124/145/141
f 112/150/146 144/177/172 143/173/168 111/146/142
f 99/151/147 131/178/173 130/174/169 98/147/143
f 126/152/148 158/179/174 157/176/171 125/149/145
f 113/153/149 145/180/175 144/177/172 112/150/146
f 100/154/150 132/181/176 131/178/173 99/151/147
f 127/155/151 159/182/177 158/179/174 126/152/148
f 114/156/152 146/183/178 145/180/175 113/153/149
f 101/157/153 133/184/179 132/181/176 100/154/150
f 128/158/154 160/185/180 159/182/177 127/155/151
f 115/159/155 147/186/181 146/183/178 114/156/152
f 102/160/156 134/187/182 133/184/179 101/157/153
f 97/148/144 129/175/170 160/188/180 128/161/154
f 116/162/157 148/189/183 147/186/181 115/159/155
f 103/163/158 135/190/184 134/187/182 102/160/156
f 117/164/159 149/191/185 148/189/183 116/162/157
f 104/165/160 136/192/186 135/190/184 103/163/158
f 118/134/130 150/193/187 149/191/185 117/164/159
f 105/136/132 137/194/188 136/192/186 104/165/160
f 119/133/129 151/195/189 150/193/187 118/134/130
f 106/135/131 138/196/190 137/194/188 105/136/132
f 120/137/133 152/197/191 151/195/189 119/133/129
f 107/138/134 139/198/192 138/196/190 106/135/131
f 121/139/135 153/167/162 152/197/191 120/137/133
f 108/140/136 140/169/164 139/198/192 107/138/134
f 130/174/169 162/199/193 161/200/194 129/175/170
f 157/176/171 189/201/195 188/202/196 156/172/167
f 144/177/172 176/203/197 175/204/198 143/173/168
f 131/178/173 163/205/199 162/199/193 130/174/169
f 158/179/174 190/206/200 189/201/195 157/176/171
f 145/180/175 177/207/201 176/203/197 144/177/172
f 132/181/176 164/208/202 163/205/199 131/178/173
f 159/182/177 191/209/203 190/206/200 158/179/174
f 146/183/178 178/210/204 177/207/201 145/180/175
f 133/184/179 165/211/205 164/208/202 132/181/176
f 160/185/180 192/212/206 191/209/203 159/182/177
f 147/186/181 179/213/207 178/210/204 146/183/178
f 134/187/182 166/214/208 165/211/205 133/184/179
f 129/175/170 161/200/194 192/215/206 160/188/180
f 148/189/183 180/216/209 179/213/207 147/186/181
f 135/190/184 167/217/210 166/214/208 134/187/182
f 149/191/185 181/218/211 180/216/209 148/189/183
f 136/192/186 168/219/212 167/217/210 135/190/184
f 150/193/187 182/220/213 181/218/211 149/191/185
f 137/194/188 169/221/214 168/219/212 136/192/186
f 151/195/189 183/222/215 182/220/213 150/193/187
f 138/196/190 170/223/216 169/221/214 137/194/188
f 152/197/191 184/224/217 183/222/215 151/195/189
f 139/198/192 171/225/218 170/223/216 138/196/190
f 153/167/162 185/226/219 184/224/217 152/197/191
f 140/169/164 172/227/220 171/225/218 139/198/192
f 154/166/161 186/228/221 185/226/219 153/167/162
f 141/168/163 173/229/222 172/227/220 140/169/164
f 155/170/165 187/230/223 186/228/221 154/166/161
f 142/171/166 174/231/224 173/229/222 141/168/163
f 156/172/167 188/202/196 187/230/223 155/170/165
f 143/173/168 175/204/198 174/231/224 142/171/166
f 165/211/205 197/232/225 196/233/226 164/208/202
f 192/212/206 224/234/227 223/235/228 191/209/203
f 179/213/207 211/236/229 210/237/230 178/210/204
f 166/214/208 198/238/231 197/232/225 165/211/205
f 161/200/194 193/239/232 224/240/227 192/215/206
f 180/216/209 212/241/233 211/236/229 179/213/207
f 167/217/210 199/242/234 198/238/231 166/214/208
f 181/218/211 213/243/235 212/241/233 180/216/209
f 168/219/212 200/244/236 199/242/234 167/217/210
f 182/220/213 214/245/237 213/243/235 181/218/211
f 169/221/214 201/246/238 200/244/236 168/219/212
f 183/222/215 215/247/239 214/245/237 182/220/213
f 170/223/216 202/248/240 201/246/238 169/221/214
f 184/224/217 216/249/241 215/247/239 183/222/215
f 171/225/218 203/250/242 202/248/240 170/223/216
f 185/226/219 217/251/243 216/249/241 184/224/217
f 172/227/220 204/252/244 203/250/242 171/225/218
f 186/228/221 218/253/245 217/251/243 185/226/219
f 173/229/222 205/254/246 204/252/244 172/227/220
f 187/230/223 219/255/247 218/253/245 186/228/221
f 174/231/224 206/256/248 205/254/246 173/229/222
f 188/202/196 220/257/249 219/255/247 187/230/223
f 175/204/198 207/258/250 206/256/248 174/231/224
f 162/199/193 194/259/251 193/239/232 161/200/194
f 189/201/195 221/260/252 220/257/249 188/202/196
f 176/203/197 208/261/253 207/258/250 175/204/198
f 163/205/199 195/262/254 194/259/251 162/199/193
f 190/206/200 222/263/255 221/260/252 189/201/195
f 177/207/201 209/264/256 208/261/253 176/203/197
f 164/208/202 196/233/226 195/262/254 163/205/199
f 191/209/203 223/235/228 222/263/255 190/206/200
f 178/210/204 210/237/230 209/264/256 177/207/201
f 200/244/236 232/265/257 231/266/258 199/242/234
f 214/245/237 246/267/259 245/268/260 213/243/235
f 201/246/238 233/269/261 232/265/257 200/244/236
f 215/247/239 247/270/262 246/267/259 214/245/237
f 202/248/240 234/271/263 233/269/261 201/246/238
f 216/249/241 248/272/264 247/270/262 215/247/239
f 203/250/242 235/273/265 234/271/263 202/248/240
f 217/251/243 249/274/266 248/272/264 216/249/241
f 204/252/244 236/275/267 235/273/265 203/250/242
f 218/253/245 250/276/268 249/274/266 217/251/243
f 205/254/246 237/277/269 236/275/267 204/252/244
f 219/255/247 251/278/270 250/276/268 218/253/245
f 206/256/248 238/279/271 237/277/269 205/254/246
f 220/257/249 252/280/272 251/278/270 219/255/247
f 207/258/250 239/281/273 238/279/271 206/256/248
f 194/259/251 226/282/274 225/283/275 193/239/232
f 221/260/252 253/284/276 252/280/272 220/257/249
f 208/261/253 240/285/277 239/281/273 207/258/250
f 195/262/254 227/286/278 226/282/274 194/259/251
f 222/263/255 254/287/279 253/284/276 221/260/252
f 209/264/256 241/288/280 240/285/277 208/261/253
f 196/233/226 228/289/281 227/286/278 195/262/254
f 223/235/228 255/290/282 254/287/279 222/263/255
f 210/237/230 242/291/283 241/288/280 209/264/256
f 197/232/225 229/292/284 228/289/281 196/233/226
f 224/234/227 256/293/285 255/290/282 223/235/228
f 211/236/229 243/294/286 242/291/283 210/237/230
f 198/238/231 230/295/287 229/292/284 197/232/225
f 193/239/232 225/283/275 256/296/285 224/240/227
f 212/241/233 244/297/288 243/294/286 211/236/229
f 199/242/234 231/266/258 230/295/287 198/238/231
f 213/243/235 245/268/260 244/297/288 212/241/233
f 235/273/265 267/298/289 266/299/290 234/271/263
f 249/274/266 281/300/291 280/301/292 248/272/264
f 236/275/267 268/302/293 267/298/289 235/273/265
f 250/276/268 282/303/294 281/300/291 249/274/266
f 237/277/269 269/304/295 268/302/293 236/275/267
f 251/278/270 283/305/296 282/303/294 250/276/268
f 238/279/271 270/306/297 269/304/295 237/277/269
f 252/280/272 284/307/298 283/305/296 251/278/270
f 239/281/273 271/308/299 270/306/297 238/279/271
f 226/282/274 258/309/300 257/310/301 225/283/275
f 253/284/276 285/311/302 284/307/298 252/280/272
f 240/285/277 272/312/303 271/308/299 239/281/273
f 227/286/278 259/313/304 258/309/300 226/282/274
f 254/287/279 286/314/305 285/311/302 253/284/276
f 241/288/280 273/315/306 272/312/303 240/285/277
f 228/289/281 260/316/307 259/313/304 227/286/278
f 255/290/282 287/317/308 286/314/305 254/287/279
f 242/291/283 274/318/309 273/315/306 241/288/280
f 229/292/284 261/319/310 260/316/307 228/289/281
f 256/293/285 288/320/311 287/317/308 255/290/282
f 243/294/286 275/321/312 274/318/309 242/291/283
f 230/295/287 262/322/313 261/319/310 229/292/284
f 225/283/275 257/310/301 288/323/311 256/296/285
f 244/297/288 276/324/314 275/321/312 243/294/286
f 231/266/258 263/325/315 262/322/313 230/295/287
f 245/268/260 277/326/316 276/324/314 244/297/288
f 232/265/257 264/327/317 263/325/315 231/266/258
f 246/267/259 278/328/318 277/326/316 245/268/260
f 233/269/261 265/329/319 264/327/317 232/265/257
f 247/270/262 279/330/320 278/328/318 246/267/259
f 234/271/263 266/299/290 265/329/319 233/269/261
f 248/272/264 280/301/292 279/330/320 247/270/262
f 270/306/297 302/331/321 301/332/322 269/304/295
f 284/307/298 316/333/323 315/334/324 283/305/296
f 271/308/299 303/335/325 302/331/321 270/306/297
f 258/309/300 290/336/326 289/337/327 257/310/301
f 285/311/302 317/338/328 316/333/323 284/307/298
f 272/312/303 304/339/329 303/335/325 271/308/299
f 259/313/304 291/340/330 290/336/326 258/309/300
f 286/314/305 318/341/331 317/338/328 285/311/302
f 273/315/306 305/342/332 304/339/329 272/312/303
f 260/316/307 292/343/333 291/340/330 259/313/304
f 287/317/308 319/344/334 318/341/331 286/314/305
f 274/318/309 306/345/335 305/342/332 273/315/306
f 261/319/310 293/346/336 292/343/333 260/316/307
f 288/320/311 320/347/337 319/344/334 287/317/308
f 275/321/312 307/348/338 306/345/335 274/318/309
f 262/322/313 294/349/339 293/346/336 261/319/310
f 257/310/301 289/337/327 320/350/337 288/323/311
f 276/324/314 308/351/340 307/348/338 275/321/312
f 263/325/315 295/352/341 294/349/339 262/322/313
f 277/326/316 309/353/342 308/351/340 276/324/314
f 264/327/317 296/354/343 295/352/341 263/325/315
f 278/328/318 310/355/344 309/353/342 277/326/316
f 265/329/319 297/356/345 296/354/343 264/327/317
f 279/330/320 311/357/346 310/355/344 278/328/318
f 266/299/290 298/358/347 297/356/345 265/329/319
f 280/301/292 312/359/348 311/357/346 279/330/320
f 267/298/289 299/360/349 298/358/347 266/299/290
f 281/300/291 313/361/350 312/359/348 280/301/292
f 268/302/293 300/362/351 299/360/349 267/298/289
f 282/303/294 314/363/352 313/361/350 281/300/291
f 269/304/295 301/332/322 300/362/351 268/302/293
f 283/305/296 315/334/324 314/363/352 282/303/294
f 305/342/332 337/364/353 336/365/354 304/339/329
f 292/343/333 324/366/355 323/367/356 291/340/330
f 319/344/334 351/368/357 350/369/358 318/341/331
f 306/345/335 338/370/359 337/364/353 305/342/332
f 293/346/336 325/371/360 324/366/355 292/343/333
f 320/347/337 352/372/361 351/368/357 319/344/334
f 307/348/338 339/373/362 338/370/359 306/345/335
f 294/349/339 326/374/363 325/371/360 293/346/336
f 289/337/327 321/375/364 352/376/361 320/350/337
f 308/351/340 340/377/365 339/373/362 307/348/338
f 295/352/341 327/378/366 326/374/363 294/349/339
f 309/353/342 341/379/367 340/377/365 308/351/340
f 296/354/343 328/380/368 327/378/366 295/352/341
f 310/355/344 342/381/369 341/379/367 309/353/342
f 297/356/345 329/382/370 328/380/368 296/354/343
f 311/357/346 343/383/371 342/381/369 310/355/344
f 298/358/347 330/384/372 329/382/370 297/356/345
f 312/359/348 344/385/373 343/383/371 311/357/346
f 299/360/349 331/386/374 330/384/372 298/358/347
f 313/361/350 345/387/375 344/385/373 312/359/348
f 300/362/351 332/388/376 331/386/374 299/360/349
f 314/363/352 346/389/377 345/387/375 313/361/350
f 301/332/322 333/390/378 332/388/376 300/362/351
f 315/334/324 347/391/379 346/389/377 314/363/352
f 302/331/321 334/392/380 333/390/378 301/332/322
f 316/333/323 348/393/381 347/391/379 315/334/324
f 303/335/325 335/394/382 334/392/380 302/331/321
f 290/336/326 322/395/383 321/375/364 289/337/327
f 317/338/328 349/396/384 348/393/381 316/333/323
f 304/339/329 336/365/354 335/394/382 303/335/325
f 291/340/330 323/367/356 322/395/383 290/336/326
f 318/341/331 350/369/358 349/396/384 317/338/328
f 340/377/365 372/397/385 371/398/386 339/373/362
f 327/378/366 359/399/387 358/400/388 326/374/363
f 341/379/367 373/401/389 372/397/385 340/377/365
f 328/380/368 360/402/390 359/399/387 327/378/366
f 342/381/369 374/403/391 373/401/389 341/379/367
f 329/382/370 361/404/392 360/402/390 328/380/368
f 343/383/371 375/405/393 374/403/391 342/381/369
f 330/384/372 362/406/394 361/404/392 329/382/370
f 344/385/373 376/407/395 375/405/393 343/383/371
f 331/386/374 363/408/396 362/406/394 330/384/372
f 345/387/375 377/409/397 376/407/395 344/385/373
f 332/388/376 364/410/398 363/408/396 331/386/374
f 346/389/377 378/411/399 377/409/397 345/387/375
f 333/390/378 365/412/400 364/410/398 332/388/376
f 347/391/379 379/413/401 378/411/399 346/389/377
f 334/392/380 366/414/402 365/412/400 333/390/378
f 348/393/381 380/415/403 379/413/401 347/391/379
f 335/394/382 367/416/404 366/414/402 334/392/380
f 322/395/383 354/417/405 353/418/406 321/375/364
f 349/396/384 381/419/407 380/415/403 348/393/381
f 336/365/354 368/420/408 367/416/404 335/394/382
f 323/367/356 355/421/409 354/417/405 322/395/383
f 350/369/358 382/422/410 381/419/407 349/396/384
f 337/364/353 369/423/411 368/420/408 336/365/354
f 324/366/355 356/424/412 355/421/409 323/367/356
f 351/368/357 383/425/413 382/422/410 350/369/358
f 338/370/359 370/426/414 369/423/411 337/364/353
f 325/371/360 357/427/415 356/424/412 324/366/355
f 352/372/361 384/428/416 383/425/413 351/368/357
f 339/373/362 371/398/386 370/426/414 338/370/359
f 326/374/363 358/400/388 357/427/415 325/371/360
f 321/375/364 353/418/406 384/429/416 352/376/361
f 375/405/393 407/430/417 406/431/418 374/403/391
f 362/406/394 394/432/419 393/433/420 361/404/392
f 376/407/395 408/434/421 407/430/417 375/405/393
f 363/408/396 395/435/422 394/432/419 362/406/394
f 377/409/397 409/436/423 408/434/421 376/407/395
f 364/410/398 396/437/424 395/435/422 363/408/396
f 378/411/399 410/438/425 409/436/423 377/409/397
f 365/412/400 397/439/426 396/437/424 364/410/398
f 379/413/401 411/440/427 410/438/425 378/411/399
f 366/414/402 398/441/428 397/439/426 365/412/400
f 380/415/403 412/442/429 411/440/427 379/413/401
f 367/416/404 399/443/430 398/441/428 366/414/402
f 354/417/405 386/444/431 385/445/432 353/418/406
f 381/419/407 413/446/433 412/442/429 380/415/403
f 368/420/408 400/447/434 399/443/430 367/416/404
f 355/421/409 387/448/435 386/444/431 354/417/405
f 382/422/410 414/449/436 413/446/433 381/419/407
f 369/423/411 401/450/437 400/447/434 368/420/408
f 356/424/412 388/451/438 387/448/435 355/421/409
f 383/425/413 415/452/439 414/449/436 382/422/410
f 370/426/414 402/453/440 401/450/437 369/423/411
f 357/427/415 389/454/441 388/451/438 356/424/412
f 384/428/416 416/455/442 415/452/439 383/425/413
f 371/398/386 403/456/443 402/453/440 370/426/414
f 358/400/388 390/457/444 389/454/441 357/427/415
f 353/418/406 385/445/432 416/458/442 384/429/416
f 372/397/385 404/459/445 403/456/443 371/398/386
f 359/399/387 391/460/446 390/457/444 358/400/388
f 373/401/389 405/461/447 404/459/445 372/397/385
f 360/402/390 392/462/448 391/460/446 359/399/387
f 374/403/391 406/431/418 405/461/447 373/401/389
f 361/404/392 393/433/420 392/462/448 360/402/390
f 410/438/425 442/463/449 441/464/450 409/436/423
f 397/439/426 429/465/451 428/466/452 396/437/424
f 411/440/427 443/467/453 442/463/449 410/438/425
f 398/441/428 430/468/454 429/465/451 397/439/426
f 412/442/429 444/469/455 443/467/453 411/440/427
f 399/443/430 431/470/456 430/468/454 398/441/428
f 386/444/431 418/471/457 417/472/458 385/445/432
f 413/446/433 445/473/459 444/469/455 412/442/429
f 400/447/434 432/474/460 431/470/456 399/443/430
f 387/448/435 419/475/461 418/471/457 386/444/431
f 414/449/436 446/476/462 445/473/459 413/446/433
f 401/450/437 433/477/463 432/474/460 400/447/434
f 388/451/438 420/478/464 419/475/461 387/448/435
f 415/452/439 447/479/465 446/476/462 414/449/436
f 402/453/440 434/480/466 433/477/463 401/450/437
f 389/454/441 421/481/467 420/478/464 388/451/438
f 416/455/442 448/482/468 447/479/465 415/452/439
f 403/456/443 435/483/469 434/480/466 402/453/440
f 390/457/444 422/484/470 421/481/467 389/454/441
f 385/445/432 417/472/458 448/485/468 416/458/442
f 404/459/445 436/486/471 435/483/469 403/456/443
f 391/460/446 423/487/472 422/484/470 390/457/444
f 405/461/447 437/488/473 436/486/471 404/459/445
f 392/462/448 424/489/474 423/487/472 391/460/446
f 406/431/418 438/490/475 437/488/473 405/461/447
f 393/433/420 425/491/476 424/489/474 392/462/448
f 407/430/417 439/492/477 438/490/475 406/431/418
f 394/432/419 426/493/478 425/491/476 393/433/420
f 408/434/421 440/494/479 439/492/477 407/430/417
f 395/435/422 427/495/480 426/493/478 394/432/419
f 409/436/423 441/464/450 440/494/479 408/434/421
f 396/437/424 428/466/452 427/495/480 395/435/422
f 418/471/457 450/496/481 449/497/482 417/472/458
f 445/473/459 477/498/483 476/499/484 444/469/455
f 432/474/460 464/500/485 463/501/486 431/470/456
f 419/475/461 451/502/487 450/496/481 418/471/457
f 446/476/462 478/503/488 477/498/483 445/473/459
f 433/477/463 465/504/489 464/500/485 432/474/460
f 420/478/464 452/505/490 451/502/487 419/475/461
f 447/479/465 479/506/491 478/503/488 446/476/462
f 434/480/466 466/507/492 465/504/489 433/477/463
f 421/481/467 453/508/493 452/505/490 420/478/464
f 448/482/468 480/509/494 479/506/491 447/479/465
f 435/483/469 467/510/495 466/507/492 434/480/466
f 422/484/470 454/511/496 453/508/493 421/481/467
f 417/472/458 449/497/482 480/512/494 448/485/468
f 436/486/471 468/513/497 467/510/495 435/483/469
f 423/487/472 455/514/498 454/511/496 422/484/470
f 437/488/473 469/515/499 468/513/497 436/486/471
f 424/489/474 456/516/500 455/514/498 423/487/472
f 438/490/475 470/517/501 469/515/499 437/488/473
f 425/491/476 457/518/502 456/516/500 424/489/474
f 439/492/477 471/519/503 470/517/501 438/490/475
f 426/493/478 458/520/504 457/518/502 425/491/476
f 440/494/479 472/521/505 471/519/503 439/492/477
f 427/495/480 459/522/506 458/520/504 426/493/478
f 441/464/450 473/523/507 472/521/505 440/494/479
f 428/466/452 460/524/508 459/522/506 427/495/480
f 442/463/449 474/525/509 473/523/507 441/464/450
f 429/465/451 461/526/510 460/524/508 428/466/452
f 443/467/453 475/527/511 474/525/509 442/463/449
f 430/468/454 462/528/512 461/526/510 429/465/451
f 444/469/455 476/499/484 475/527/511 443/467/453
f 431/470/456 463/501/486 462/528/512 430/468/454
f 514/529/513 485/530/514 484/531/515 513/532/516
f 516/533/517 512/534/518 511/535/519 515/536/520
f 518/537/521 499/538/522 498/539/523 517/540/524
f 519/541/525 486/542/526 485/530/514 514/529/513
f 520/543/527 481/544/528 512/545/518 516/546/517
f 521/547/529 500/548/530 499/538/522 518/537/521
f 522/549/531 487/550/532 486/542/526 519/541/525
f 523/551/533 501/552/534 500/548/530 521/547/529
f 524/553/535 488/554/536 487/550/532 522/549/531
f 525/555/537 502/556/538 501/552/534 523/551/533
f 526/557/539 489/558/540 488/554/536 524/553/535
f 527/559/541 503/560/542 502/556/538 525/555/537
f 528/561/543 490/562/544 489/558/540 526/557/539
f 529/563/545 504/564/546 503/560/542 527/559/541
f 530/565/547 491/566/548 490/562/544 528/561/543
f 531/567/549 505/568/550 504/564/546 529/563/545
f 532/569/551 492/570/552 491/566/548 530/565/547
f 533/571/553 506/572/554 505/568/550 531/567/549
f 534/573/555 493/574/556 492/570/552 532/569/551
f 535/575/557 507/576/558 506/572/554 533/571/553
f 536/577/559 494/578/560 493/574/556 534/573/555
f 537/579/561 508/580/562 507/576/558 535/575/557
f 538/581/563 495/582/564 494/578/560 536/577/559
f 539/583/565 482/584/566 481/544/528 520/543/527
f 540/585/567 509/586/568 508/580/562 537/579/561
f 541/587/569 496/588/570 495/582/564 538/581/563
f 542/589/571 483/590/572 482/584/566 539/583/565
f 543/591/573 510/592/574 509/586/568 540/585/567
f 544/593/575 497/594/576 496/588/570 541/587/569
f 513/532/516 484/531/515 483/590/572 542/589/571
f 515/536/520 511/535/519 510/592/574 543/591/573
f 517/540/524 498/539/523 497/594/576 544/593/575
f 466/507/492 517/540/524 544/593/575 465/504/489
f 479/506/491 515/536/520 543/591/573 478/503/488
f 452/505/490 513/532/516 542/589/571 451/502/487
f 465/504/489 544/593/575 541/587/569 464/500/485
f 478/503/488 543/591/573 540/585/567 477/498/483
f 451/502/487 542/589/571 539/583/565 450/496/481
f 464/500/485 541/587/569 538/581/563 463/501/486
f 477/498/483 540/585/567 537/579/561 476/499/484
f 450/496/481 539/583/565 520/543/527 449/497/482
f 463/501/486 538/581/563 536/577/559 462/528/512
f 476/499/484 537/579/561 535/575/557 475/527/511
f 462/528/512 536/577/559 534/573/555 461/526/510
f 475/527/511 535/575/557 533/571/553 474/525/509
f 461/526/510 534/573/555 532/569/551 460/524/508
f 474/525/509 533/571/553 531/567/549 473/523/507
f 460/524/508 532/569/551 530/565/547 459/522/506
f 473/523/507 531/567/549 529/563/545 472/521/505
f 459/522/506 530/565/547 528/561/543 458/520/504
f 472/521/505 529/563/545 527/559/541 471/519/503
f 458/520/504 528/561/543 526/557/539 457/518/502
f 471/519/503 527/559/541 525/555/537 470/517/501
f 457/518/502 526/557/539 524/553/535 456/516/500
f 470/517/501 525/555/537 523/551/533 469/515/499
f 456/516/500 524/553/535 522/549/531 455/514/498
f 469/515/499 523/551/533 521/547/529 468/513/497
f 455/514/498 522/549/531 519/541/525 454/511/496
f 468/513/497 521/547/529 518/537/521 467/510/495
f 449/497/482 520/543/527 516/546/517 480/512/494
f 454/511/496 519/541/525 514/529/513 453/508/493
f 467/510/495 518/537/521 517/540/524 466/507/492
f 480/509/494 516/533/517 515/536/520 479/506/491
f 453/508/493 514/529/513 513/532/516 452/505/490
f 578/595/577 552/596/578 551/597/579 577/598/580
f 580/599/581 566/600/582 565/601/583 579/602/584
f 581/603/585 553/604/586 552/596/578 578/595/577
f 582/605/587 567/606/588 566/600/582 580/599/581
f 583/607/589 554/608/590 553/604/586 581/603/585
f 584/609/591 568/610/592 567/606/588 582/605/587
f 585/611/593 555/612/594 554/608/590 583/607/589
f 586/613/595 569/614/596 568/610/592 584/609/591
f 587/615/597 556/616/598 555/612/594 585/611/593
f 588/617/599 570/618/600 569/614/596 586/613/595
f 589/619/601 557/620/602 556/616/598 587/615/597
f 590/621/603 571/622/604 570/618/600 588/617/599
f 591/623/605 558/624/606 557/620/602 589/619/601
f 592/625/607 572/626/608 571/622/604 590/621/603
f 593/627/609 559/628/610 558/624/606 591/623/605
f 595/629/611 546/630/612 545/631/613 594/632/614
f 596/633/615 573/634/616 572/626/608 592/625/607
f 597/635/617 560/636/618 559/628/610 593/627/609
f 598/637/619 547/638/620 546/630/612 595/629/611
f 599/639/621 574/640/622 573/634/616 596/633/615
f 600/641/623 561/642/624 560/636/618 597/635/617
f 601/643/625 548/644/626 547/638/620 598/637/619
f 602/645/627 575/646/628 574/640/622 599/639/621
f 603/647/629 562/648/630 561/642/624 600/641/623
f 604/649/631 549/650/632 548/644/626 601/643/625
f 605/651/633 576/652/634 575/646/628 602/645/627
f 606/653/635 563/654/636 562/648/630 603/647/629
f 607/655/637 550/656/638 549/650/632 604/649/631
f 594/632/614 545/631/613 576/657/634 605/658/633
f 608/659/639 564/660/640 563/654/636 606/653/635
f 577/598/580 551/597/579 550/656/638 607/655/637
f 579/602/584 565/601/583 564/660/640 608/659/639
f 501/552/534 579/602/584 608/659/639 500/548/530
f 487/550/532 577/598/580 607/655/637 486/542/526
f 500/548/530 608/659/639 606/653/635 499/538/522
f 481/544/528 594/632/614 605/658/633 512/545/518
f 486/542/526 607/655/637 604/649/631 485/530/514
f 499/538/522 606/653/635 603/647/629 498/539/523
f 512/534/518 605/651/633 602/645/627 511/535/519
f 485/530/514 604/649/631 601/643/625 484/531/515
f 498/539/523 603/647/629 600/641/623 497/594/576
f 511/535/519 602/645/627 599/639/621 510/592/574
f 484/531/515 601/643/625 598/637/619 483/590/572
f 497/594/576 600/641/623 597/635/617 496/588/570
f 510/592/574 599/639/621 596/633/615 509/586/568
f 483/590/572 598/637/619 595/629/611 482/584/566
f 496/588/570 597/635/617 593/627/609 495/582/564
f 509/586/568 596/633/615 592/625/607 508/580/562
f 482/584/566 595/629/611 594/632/614 481/544/528
f 495/582/564 593/627/609 591/623/605 494/578/560
f 508/580/562 592/625/607 590/621/603 507/576/558
f 494/578/560 591/623/605 589/619/601 493/574/556
f 507/576/558 590/621/603 588/617/599 506/572/554
f 493/574/556 589/619/601 587/615/597 492/570/552
f 506/572/554 588/617/599 586/613/595 505/568/550
f 492/570/552 587/615/597 585/611/593 491/566/548
f 505/568/550 586/613/595 584/609/591 504/564/546
f 491/566/548 585/611/593 583/607/589 490/562/544
f 504/564/546 584/609/591 582/605/587 503/560/542
f 490/562/544 583/607/589 581/603/585 489/558/540
f 503/560/542 582/605/587 580/599/581 502/556/538
f 489/558/540 581/603/585 578/595/577 488/554/536
f 502/556/538 580/599/581 579/602/584 501/552/534
f 488/554/536 578/595/577 577/598/580 487/550/532
f 558/624/606 622/661/641 621/662/642 557/620/602
f 572/626/608 636/663/643 635/664/644 571/622/604
f 559/628/610 623/665/645 622/661/641 558/624/606
f 546/630/612 610/666/646 609/667/647 545/631/613
f 573/634/616 637/668/648 636/663/643 572/626/608
f 560/636/618 624/669/649 623/665/645 559/628/610
f 547/638/620 611/670/650 610/666/646 546/630/612
f 574/640/622 638/671/651 637/668/648 573/634/616
f 561/642/624 625/672/652 624/669/649 560/636/618
f 548/644/626 612/673/653 611/670/650 547/638/620
f 575/646/628 639/674/654 638/671/651 574/640/622
f 562/648/630 626/675/655 625/672/652 561/642/624
f 549/650/632 613/676/656 612/673/653 548/644/626
f 576/652/634 640/677/657 639/674/654 575/646/628
f 563/654/636 627/678/658 626/675/655 562/648/630
f 550/656/638 614/679/659 613/676/656 549/650/632
f 545/631/613 609/667/647 640/680/657 576/657/634
f 564/660/640 628/681/660 627/678/658 563/654/636
f 551/597/579 615/682/661 614/679/659 550/656/638
f 565/601/583 629/683/662 628/681/660 564/660/640
f 552/596/578 616/684/663 615/682/661 551/597/579
f 566/600/582 630/685/664 629/683/662 565/601/583
f 553/604/586 617/686/665 616/684/663 552/596/578
f 567/606/588 631/687/666 630/685/664 566/600/582
f 554/608/590 618/688/667 617/686/665 553/604/586
f 568/610/592 632/689/668 631/687/666 567/606/588
f 555/612/594 619/690/669 618/688/667 554/608/590
f 569/614/596 633/691/670 632/689/668 568/610/592
f 556/616/598 620/692/671 619/690/669 555/612/594
f 570/618/600 634/693/672 633/691/670 569/614/596
f 557/620/602 621/662/642 620/692/671 556/616/598
f 571/622/604 635/664/644 634/693/672 570/618/600
f 665/694/673 664/695/674 641/696/674 642/697/673
f 664/695/674 675/698/675 643/699/675 641/696/674
f 609/667/647 664/695/676 675/698/677 640/680/657
f 614/679/659 646/700/678 674/701/679 613/676/656
f 627/678/658 644/702/680 673/703/681 626/675/655
f 640/677/657 675/704/677 672/705/682 639/674/654
f 613/676/656 674/701/679 671/706/683 612/673/653
f 626/675/655 673/703/681 670/707/684 625/672/652
f 639/674/654 672/705/682 669/708/685 638/671/651
f 612/673/653 671/706/683 668/709/686 611/670/650
f 625/672/652 670/707/684 667/710/687 624/669/649
f 638/671/651 669/708/685 666/711/688 637/668/648
f 611/670/650 668/709/686 665/694/689 610/666/646
f 624/669/649 667/710/687 663/712/690 623/665/645
f 637/668/648 666/711/688 662/713/691 636/663/643
f 610/666/646 665/694/689 664/695/676 609/667/647
f 623/665/645 663/712/690 661/714/692 622/661/641
f 636/663/643 662/713/691 660/715/693 635/664/644
f 622/661/641 661/714/692 659/716/694 621/662/642
f 635/664/644 660/715/693 658/717/695 634/693/672
f 621/662/642 659/716/694 657/718/696 620/692/671
f 634/693/672 658/717/695 656/719/697 633/691/670
f 620/692/671 657/718/696 655/720/698 619/690/669
f 633/691/670 656/719/697 654/721/699 632/689/668
f 619/690/669 655/720/698 653/722/700 618/688/667
f 632/689/668 654/721/699 652/723/701 631/687/666
f 618/688/667 653/722/700 651/724/702 617/686/665
f 631/687/666 652/723/701 650/725/703 630/685/664
f 617/686/665 651/724/702 649/726/704 616/684/663
f 630/685/664 650/725/703 648/727/705 629/683/662
f 616/684/663 649/726/704 647/728/706 615/682/661
f 629/683/662 648/727/705 645/729/707 628/681/660
f 615/682/661 647/728/706 646/700/678 614/679/659
f 628/681/660 645/729/707 644/702/680 627/678/658
f 682/730/708 710/8/8 739/63/63 681/731/709
f 695/732/710 708/4/4 738/61/61 694/733/711
f 676/734/712 726/40/40 737/66/59 707/735/713
f 681/731/709 739/63/63 736/57/57 680/736/714
f 694/733/711 738/61/61 735/55/55 693/737/715
f 707/738/713 737/59/59 734/53/53 706/739/716
f 680/736/714 736/57/57 733/51/51 679/740/717
f 693/737/715 735/55/55 732/49/49 692/741/718
f 706/739/716 734/53/53 731/47/47 705/742/719
f 679/740/717 733/51/51 730/45/45 678/743/720
f 692/741/718 732/49/49 729/43/43 691/744/721
f 705/742/719 731/47/47 728/41/41 704/745/722
f 678/743/720 730/45/45 727/37/37 677/746/723
f 691/744/721 729/43/43 725/35/35 690/747/724
f 704/745/722 728/41/41 724/33/33 703/748/725
f 677/746/723 727/37/37 726/40/40 676/734/712
f 690/747/724 725/35/35 723/31/31 689/749/726
f 703/748/725 724/33/33 722/29/29 702/750/727
f 689/749/726 723/31/31 721/27/27 688/751/728
f 702/750/727 722/29/29 720/25/25 701/752/729
f 688/751/728 721/27/27 719/23/23 687/753/730
f 701/752/729 720/25/25 718/21/21 700/754/731
f 687/753/730 719/23/23 717/19/19 686/755/732
f 700/754/731 718/21/21 716/17/17 699/756/733
f 686/755/732 717/19/19 715/15/15 685/757/734
f 699/756/733 716/17/17 714/13/13 698/758/735
f 685/757/734 715/15/15 713/12/12 684/759/736
f 698/758/735 714/13/13 712/9/9 697/760/737
f 684/759/736 713/12/12 711/5/5 683/761/738
f 697/760/737 712/9/9 709/1/1 696/762/739
f 683/761/738 711/5/5 710/8/8 682/730/708
f 696/762/739 709/1/1 708/4/4 695/732/710
f 710/8/8 7/7/7 6/64/64 739/63/63
usemtl Brown_1
f 805/763/740 792/764/741 791/765/742 804/766/743
f 807/767/744 779/768/745 778/769/746 806/770/747
f 808/771/748 793/772/749 792/764/741 805/763/740
f 809/773/750 780/774/751 779/768/745 807/767/744
f 810/775/752 794/776/753 793/772/749 808/771/748
f 811/777/754 781/778/755 780/774/751 809/773/750
f 812/779/756 795/780/757 794/776/753 810/775/752
f 813/781/758 782/782/759 781/778/755 811/777/754
f 814/783/760 796/784/761 795/780/757 812/779/756
f 815/785/762 783/786/763 782/782/759 813/781/758
f 816/787/764 797/788/765 796/784/761 814/783/760
f 817/789/766 784/790/767 783/786/763 815/785/762
f 818/791/768 798/792/769 797/788/765 816/787/764
f 819/793/770 785/794/771 784/790/767 817/789/766
f 820/795/772 799/796/773 798/792/769 818/791/768
f 821/797/774 786/798/775 785/794/771 819/793/770
f 823/799/776 773/800/777 772/801/778 822/802/779
f 824/803/780 800/804/781 799/796/773 820/795/772
f 825/805/782 787/806/783 786/798/775 821/797/774
f 826/807/784 774/808/785 773/800/777 823/799/776
f 827/809/786 801/810/787 800/804/781 824/803/780
f 828/811/788 788/812/789 787/806/783 825/805/782
f 829/813/790 775/814/791 774/808/785 826/807/784
f 830/815/792 802/816/793 801/810/787 827/809/786
f 831/817/794 789/818/795 788/812/789 828/811/788
f 832/819/796 776/820/797 775/814/791 829/813/790
f 833/821/798 803/822/799 802/816/793 830/815/792
f 834/823/800 790/824/801 789/818/795 831/817/794
f 835/825/802 777/826/803 776/820/797 832/819/796
f 822/802/779 772/801/778 803/822/799 833/821/798
f 804/766/743 791/765/742 790/824/801 834/823/800
f 806/770/747 778/769/746 777/827/803 835/828/802
f 746/829/804 806/770/747 835/828/802 745/830/805
f 759/831/806 804/766/743 834/823/800 758/832/807
f 740/833/808 822/802/779 833/821/798 771/834/809
f 745/835/805 835/825/802 832/819/796 744/836/810
f 758/832/807 834/823/800 831/817/794 757/837/811
f 771/834/809 833/821/798 830/815/792 770/838/812
f 744/836/810 832/819/796 829/813/790 743/839/813
f 757/837/811 831/817/794 828/811/788 756/840/814
f 770/838/812 830/815/792 827/809/786 769/841/815
f 743/839/813 829/813/790 826/807/784 742/842/816
f 756/840/814 828/811/788 825/805/782 755/843/817
f 769/841/815 827/809/786 824/803/780 768/844/818
f 742/842/816 826/807/784 823/799/776 741/845/819
f 755/843/817 825/805/782 821/797/774 754/846/820
f 768/844/818 824/803/780 820/795/772 767/847/821
f 741/845/819 823/799/776 822/802/779 740/833/808
f 754/846/820 821/797/774 819/793/770 753/848/822
f 767/847/821 820/795/772 818/791/768 766/849/823
f 753/848/822 819/793/770 817/789/766 752/850/824
f 766/849/823 818/791/768 816/787/764 765/851/825
f 752/850/824 817/789/766 815/785/762 751/852/826
f 765/851/825 816/787/764 814/783/760 764/853/827
f 751/852/826 815/785/762 813/781/758 750/854/828
f 764/853/827 814/783/760 812/779/756 763/855/829
f 750/854/828 813/781/758 811/777/754 749/856/830
f 763/855/829 812/779/756 810/775/752 762/857/831
f 749/856/830 811/777/754 809/773/750 748/858/832
f 762/857/831 810/775/752 808/771/748 761/859/833
f 748/858/832 809/773/750 807/767/744 747/860/834
f 761/859/833 808/771/748 805/763/740 760/861/835
f 747/860/834 807/767/744 806/770/747 746/829/804
f 760/861/835 805/763/740 804/766/743 759/831/806
usemtl Brown_2
f 846/862/836 2083/863/837 851/864/838
f 934/865/839 848/866/840 2081/867/841
f 842/868/842 873/869/843 1117/870/844 857/871/845
f 839/872/846 854/873/847 862/874/848 836/875/849
f 865/876/850 1916/877/851 1802/878/852 871/879/853
f 870/880/854 1798/881/855 1915/882/856 866/883/857
f 1015/884/858 2060/885/859 1012/886/860
f 963/887/861 2073/888/862 960/889/863
f 1019/890/864 2059/891/865 1016/892/866
f 967/893/867 2072/894/868 964/895/869
f 1023/896/870 1020/897/871 2058/898/872
f 971/899/873 968/900/874 2071/901/875
f 1027/902/876 1024/903/877 2057/904/878
f 975/905/879 972/906/880 2070/907/881
f 1031/908/882 1028/909/882 2056/910/882
f 979/911/883 976/912/884 2069/913/885
f 1035/914/886 1032/915/887 2055/916/888
f 983/917/889 980/918/890 2068/919/891
f 1039/920/892 2054/921/893 1036/922/894
f 987/923/895 984/924/896 2067/925/897
f 875/926/898 1129/927/899 1120/928/900 874/929/901
f 1043/930/902 1040/931/903 2053/932/904
f 991/933/905 988/934/905 2066/935/905
f 939/936/906 2079/937/907 936/938/908
f 1048/939/909 2083/940/837 1044/941/910
f 995/942/911 992/943/912 2065/944/913
f 943/945/914 940/946/915 2078/947/916
f 1051/948/917 1663/949/918 1652/950/919 1165/951/920
f 999/952/921 2064/953/922 996/954/923
f 947/955/924 944/956/925 2077/957/926
f 1003/958/927 1000/959/928 2063/960/929
f 951/961/930 948/962/931 2076/963/932
f 1007/964/933 1004/965/934 2062/966/935
f 955/967/936 952/968/937 2075/969/938
f 1011/970/939 1008/971/940 2061/972/941
f 959/973/942 2074/974/943 956/975/944
f 887/976/945 1061/977/946 1057/978/947 886/979/948
f 913/980/949 1053/981/950 1049/982/951 912/983/952
f 885/984/953 1058/985/954 1170/986/955 884/987/956
f 911/988/957 1050/989/958 1166/990/959 910/991/960
f 883/992/961 1167/993/962 1162/994/963 882/995/964
f 909/996/965 1163/997/966 1158/998/967 908/999/968
f 881/1000/969 1159/1001/970 1154/1002/971 880/1003/972
f 907/1004/973 1155/1005/974 1150/1006/975 906/1007/976
f 935/1008/977 2080/1009/978 931/1010/979
f 879/1011/980 1151/1012/981 1144/1013/982 878/1014/983
f 905/1015/984 1147/1016/985 1140/1017/986 904/1018/987
f 838/1019/988 1145/1020/989 1136/1021/990 930/1022/991
f 877/1023/992 1141/1024/993 1132/1025/994 876/1026/995
f 903/1027/996 1137/1028/997 1128/1029/998 902/1030/999
f 929/1031/1000 1133/1032/1001 1124/1033/1002 928/1034/1003
f 847/1035/1004 2082/1036/1005 843/1037/1006
f 901/1038/1007 1125/1039/1008 1116/1040/1009 900/1041/1010
f 927/1042/1011 1121/1043/1012 1112/1044/1013 926/1045/1014
f 899/1046/1015 1113/1047/1016 1104/1048/1017 898/1049/1018
f 925/1050/1019 1109/1051/1020 1100/1052/1021 924/1053/1022
f 897/1054/1023 1101/1055/1024 1096/1056/1025 896/1057/1026
f 923/1058/1027 1097/1059/1028 1092/1060/1029 922/1061/1030
f 895/1062/1031 1093/1063/1032 1088/1064/1033 894/1065/1034
f 921/1066/1035 1089/1067/1036 1084/1068/1037 920/1069/1038
f 893/1070/1039 1085/1071/1040 1080/1072/1041 892/1073/1042
f 919/1074/1043 1081/1075/1044 1076/1076/1045 918/1077/1046
f 891/1078/1047 1077/1079/1048 1072/1080/1049 890/1081/1050
f 917/1082/1051 1073/1083/1052 1068/1084/1053 916/1085/1054
f 889/1086/1055 1069/1087/1056 1064/1088/1057 888/1089/1058
f 915/1090/1059 1065/1091/1060 1056/1092/1061 914/1093/1062
f 1177/1094/1063 1924/1095/1064 1909/1096/1065 1286/1097/1066
f 1173/1098/1067 1920/1099/1068 1905/1100/1069 1282/1101/1070
f 1292/1102/1071 1672/1103/1072 1686/1104/1073 1289/1105/1074
f 1285/1106/1075 1910/1107/1076 1901/1108/1077 1278/1109/1078
f 1281/1110/1079 1906/1111/1080 1897/1112/1081 1274/1113/1082
f 1277/1114/1083 1902/1115/1084 1893/1116/1085 1270/1117/1086
f 1273/1118/1087 1898/1119/1088 1889/1120/1089 1266/1121/1090
f 1269/1122/1091 1894/1123/1092 1883/1124/1093 1260/1125/1094
f 1265/1126/1095 1890/1127/1096 1879/1128/1097 1256/1129/1098
f 1264/1130/1099 1887/1131/1100 1875/1132/1101 1252/1133/1102
f 1259/1134/1103 1884/1135/1104 1871/1136/1105 1248/1137/1106
f 1255/1138/1107 1880/1139/1108 1867/1140/1109 1244/1141/1110
f 1251/1142/1111 1876/1143/1112 1863/1144/1113 1240/1145/1114
f 1247/1146/1115 1872/1147/1116 1862/1148/1117 1236/1149/1118
f 1243/1150/1119 1868/1151/1120 1855/1152/1121 1232/1153/1122
f 1239/1154/1123 1864/1155/1124 1851/1156/1125 1228/1157/1126
f 1231/1158/1127 1856/1159/1128 1847/1160/1129 1224/1161/1130
f 1227/1162/1131 1852/1163/1132 1843/1164/1133 1220/1165/1134
f 1223/1166/1135 1848/1167/1136 1839/1168/1137 1216/1169/1138
f 1219/1170/1139 1844/1171/1140 1835/1172/1141 1212/1173/1142
f 1215/1174/1143 1840/1175/1144 1831/1176/1145 1208/1177/1146
f 1211/1178/1147 1836/1179/1148 1827/1180/1149 1204/1181/1150
f 1207/1182/1151 1832/1183/1152 1823/1184/1153 1200/1185/1154
f 1203/1186/1155 1828/1187/1156 1819/1188/1157 1196/1189/1158
f 1199/1190/1159 1824/1191/1160 1815/1192/1161 1192/1193/1162
f 1195/1194/1163 1820/1195/1164 1811/1196/1165 1188/1197/1166
f 1191/1198/1167 1816/1199/1168 1807/1200/1169 1184/1201/1170
f 1183/1202/1171 1808/1203/1172 1923/1204/1173 1178/1205/1174
f 1179/1206/1175 1804/1207/1176 1919/1208/1177 1174/1209/1178
f 855/1210/1179 1659/1211/1180 1546/1212/1181 861/1213/1182
f 1310/1214/1183 1700/1215/1184 1691/1216/1185 1299/1217/1186
f 1314/1218/1187 1704/1219/1188 1695/1220/1189 1303/1221/1190
f 1548/1222/1191 1297/1223/1192 1408/1224/1193 1661/1225/1194
f 1552/1226/1195 1301/1227/1196 1412/1228/1197 1665/1229/1198
f 1318/1230/1199 1708/1231/1200 1699/1232/1201 1307/1233/1202
f 1322/1234/1203 1712/1235/1204 1703/1236/1205 1311/1237/1206
f 1326/1238/1207 1716/1239/1208 1707/1240/1209 1315/1241/1210
f 1330/1242/1211 1720/1243/1212 1711/1244/1213 1319/1245/1214
f 1334/1246/1215 1724/1247/1216 1715/1248/1217 1323/1249/1218
f 1338/1250/1219 1728/1251/1220 1719/1252/1221 1327/1253/1222
f 1342/1254/1223 1732/1255/1224 1723/1256/1225 1331/1257/1226
f 1346/1258/1227 1736/1259/1228 1727/1260/1229 1335/1261/1230
f 1350/1262/1231 1740/1263/1232 1731/1264/1233 1339/1265/1234
f 1358/1266/1235 1748/1267/1236 1735/1268/1237 1343/1269/1238
f 1362/1270/1239 1752/1271/1240 1739/1272/1241 1347/1273/1242
f 1366/1274/1243 1756/1275/1244 1746/1276/1245 1352/1277/1246
f 1370/1278/1247 1760/1279/1248 1747/1280/1249 1355/1281/1250
f 1374/1282/1251 1764/1283/1252 1751/1284/1253 1359/1285/1254
f 1378/1286/1255 1768/1287/1256 1755/1288/1257 1363/1289/1258
f 1380/1290/1259 1771/1291/1260 1759/1292/1261 1367/1293/1262
f 1384/1294/1263 1774/1295/1264 1763/1296/1265 1371/1297/1266
f 1388/1298/1267 1778/1299/1268 1767/1300/1269 1375/1301/1270
f 1392/1302/1271 1782/1303/1272 1773/1304/1273 1381/1305/1274
f 1396/1306/1275 1786/1307/1276 1777/1308/1277 1385/1309/1278
f 1400/1310/1279 1790/1311/1280 1781/1312/1281 1389/1313/1282
f 1404/1314/1283 1794/1315/1284 1785/1316/1285 1393/1317/1286
f 1406/1318/1287 1680/1319/1288 1789/1320/1289 1397/1321/1290
f 1410/1322/1291 1684/1323/1292 1793/1324/1293 1401/1325/1294
f 1799/1326/1295 1420/1327/1296 1413/1328/1297 1914/1329/1298
f 1122/1330/1299 1607/1331/1300 1598/1332/1301 1111/1333/1302
f 1106/1334/1303 1351/1335/1304 1743/1336/1305 1676/1337/1306
f 1306/1338/1307 1696/1339/1308 1687/1340/1309 1295/1341/1310
f 1805/1342/1311 1434/1343/1312 1423/1344/1313 1918/1345/1314
f 1429/1346/1315 1935/1347/1316 2052/1348/1317 1538/1349/1318
f 1425/1350/1319 1931/1351/1320 2048/1352/1321 1534/1353/1322
f 1537/1354/1323 2049/1355/1324 2044/1356/1325 1530/1357/1326
f 1533/1358/1327 2045/1359/1328 2040/1360/1329 1526/1361/1330
f 1529/1362/1331 2041/1363/1332 2036/1364/1333 1522/1365/1334
f 1525/1366/1335 2037/1367/1336 2032/1368/1337 1518/1369/1338
f 1521/1370/1339 2033/1371/1340 2026/1372/1341 1512/1373/1342
f 1517/1374/1343 2029/1375/1344 2022/1376/1345 1508/1377/1346
f 1516/1378/1347 2027/1379/1348 2018/1380/1349 1504/1381/1350
f 1511/1382/1351 2023/1383/1352 2014/1384/1353 1500/1385/1354
f 1507/1386/1355 2019/1387/1356 2010/1388/1357 1496/1389/1358
f 1503/1390/1359 2015/1391/1360 2006/1392/1361 1492/1393/1362
f 1499/1394/1363 2011/1395/1364 1999/1396/1365 1487/1397/1366
f 1495/1398/1367 2007/1399/1368 1998/1400/1369 1484/1401/1370
f 1491/1402/1371 2003/1403/1372 1994/1404/1373 1480/1405/1374
f 1483/1406/1375 1995/1407/1376 1990/1408/1377 1476/1409/1378
f 1479/1410/1379 1991/1411/1380 1986/1412/1381 1472/1413/1382
f 1475/1414/1383 1987/1415/1384 1982/1416/1385 1468/1417/1386
f 1471/1418/1387 1983/1419/1388 1978/1420/1389 1464/1421/1390
f 1467/1422/1391 1979/1423/1392 1974/1424/1393 1460/1425/1394
f 1463/1426/1395 1975/1427/1396 1970/1428/1397 1456/1429/1398
f 1459/1430/1399 1971/1431/1400 1966/1432/1401 1452/1433/1402
f 1455/1434/1403 1967/1435/1404 1962/1436/1405 1448/1437/1406
f 1451/1438/1407 1963/1439/1408 1958/1440/1409 1444/1441/1410
f 1447/1442/1411 1959/1443/1412 1954/1444/1413 1440/1445/1414
f 1443/1446/1415 1955/1447/1416 1950/1448/1417 1436/1449/1418
f 1435/1450/1419 1947/1451/1420 1934/1452/1421 1430/1453/1422
f 1431/1454/1423 1943/1455/1424 1930/1456/1425 1426/1457/1426
f 1415/1458/1427 1927/1459/1428 1942/1460/1429 1421/1461/1430
f 1417/1462/1431 1937/1463/1432 1926/1464/1433 1416/1465/1434
f 859/1466/1435 1542/1467/1436 1658/1468/1437 856/1469/1438
f 860/1470/1439 1118/1471/1440 1604/1472/1441 1541/1473/1442
f 1674/1474/1443 869/1475/1444 863/1476/1445 1670/1477/1446
f 1062/1478/1447 1551/1479/1448 1666/1480/1449 1060/1481/1450
f 1054/1482/1451 1547/1483/1452 1662/1484/1453 1052/1485/1454
f 1689/1486/1455 1182/1487/1456 1171/1488/1457 1678/1489/1458
f 1168/1490/1459 1653/1491/1460 1648/1492/1461 1161/1493/1462
f 1164/1494/1463 1649/1495/1464 1644/1496/1465 1157/1497/1466
f 1160/1498/1467 1645/1499/1468 1640/1500/1469 1153/1501/1470
f 1156/1502/1471 1641/1503/1472 1636/1504/1473 1149/1505/1474
f 1152/1506/1475 1637/1507/1476 1630/1508/1477 1143/1509/1478
f 1148/1510/1479 1633/1511/1480 1626/1512/1481 1139/1513/1482
f 1146/1514/1483 1631/1515/1484 1622/1516/1485 1135/1517/1486
f 1142/1518/1487 1627/1519/1488 1618/1520/1489 1131/1521/1490
f 1138/1522/1491 1623/1523/1492 1614/1524/1493 1127/1525/1494
f 1134/1526/1495 1619/1527/1496 1610/1528/1497 1123/1529/1498
f 1130/1530/1499 1615/1531/1500 1603/1532/1501 1119/1533/1502
f 1126/1534/1503 1611/1535/1504 1602/1536/1505 1115/1537/1506
f 1105/1538/1507 1673/1539/1508 1671/1540/1509 1293/1541/1510
f 1114/1542/1511 1599/1543/1512 1594/1544/1513 1103/1545/1514
f 1110/1546/1515 1595/1547/1516 1590/1548/1517 1099/1549/1518
f 1102/1550/1519 1591/1551/1520 1586/1552/1521 1095/1553/1522
f 1098/1554/1523 1587/1555/1524 1582/1556/1525 1091/1557/1526
f 1094/1558/1527 1583/1559/1528 1578/1560/1529 1087/1561/1530
f 1090/1562/1531 1579/1563/1532 1574/1564/1533 1083/1565/1534
f 1086/1566/1535 1575/1567/1536 1570/1568/1537 1079/1569/1538
f 1082/1570/1539 1571/1571/1540 1566/1572/1541 1075/1573/1542
f 1078/1574/1543 1567/1575/1544 1562/1576/1545 1071/1577/1546
f 1074/1578/1547 1563/1579/1548 1558/1580/1549 1067/1581/1550
f 1059/1582/1551 1667/1583/1552 1656/1584/1553 1169/1585/1554
f 1070/1586/1555 1559/1587/1556 1554/1588/1557 1063/1589/1558
f 1066/1590/1559 1555/1591/1560 1550/1592/1561 1055/1593/1562
f 1556/1594/1563 1305/1595/1564 1296/1596/1565 1549/1597/1566
f 1560/1598/1567 1309/1599/1568 1300/1600/1569 1553/1601/1570
f 1298/1602/1571 1688/1603/1572 1679/1604/1573 1407/1605/1574
f 1302/1606/1575 1692/1607/1576 1683/1608/1577 1411/1609/1578
f 1564/1610/1579 1313/1611/1580 1304/1612/1581 1557/1613/1582
f 1568/1614/1583 1317/1615/1584 1308/1616/1585 1561/1617/1586
f 1572/1618/1587 1321/1619/1588 1312/1620/1589 1565/1621/1590
f 1576/1622/1591 1325/1623/1592 1316/1624/1593 1569/1625/1594
f 1580/1626/1595 1329/1627/1596 1320/1628/1597 1573/1629/1598
f 1584/1630/1599 1333/1631/1600 1324/1632/1601 1577/1633/1602
f 1588/1634/1603 1337/1635/1604 1328/1636/1605 1581/1637/1606
f 1592/1638/1607 1341/1639/1608 1332/1640/1609 1585/1641/1610
f 1596/1642/1611 1345/1643/1612 1336/1644/1613 1589/1645/1614
f 1600/1646/1615 1349/1647/1616 1340/1648/1617 1593/1649/1618
f 1608/1650/1619 1357/1651/1620 1344/1652/1621 1597/1653/1622
f 1612/1654/1623 1361/1655/1624 1348/1656/1625 1601/1657/1626
f 1616/1658/1627 1365/1659/1628 1353/1660/1629 1606/1661/1630
f 1620/1662/1631 1369/1663/1632 1356/1664/1633 1609/1665/1634
f 1624/1666/1635 1373/1667/1636 1360/1668/1637 1613/1669/1638
f 1628/1670/1639 1377/1671/1640 1364/1672/1641 1617/1673/1642
f 1632/1674/1643 1379/1675/1644 1368/1676/1645 1621/1677/1646
f 1634/1678/1647 1383/1679/1648 1372/1680/1649 1625/1681/1650
f 1638/1682/1651 1387/1683/1652 1376/1684/1653 1629/1685/1654
f 1642/1686/1655 1391/1687/1656 1382/1688/1657 1635/1689/1658
f 1646/1690/1659 1395/1691/1660 1386/1692/1661 1639/1693/1662
f 1650/1694/1663 1399/1695/1664 1390/1696/1665 1643/1697/1666
f 1654/1698/1667 1403/1699/1668 1394/1700/1669 1647/1701/1670
f 1664/1702/1671 1405/1703/1672 1398/1704/1673 1651/1705/1674
f 1668/1706/1675 1409/1707/1676 1402/1708/1677 1655/1709/1678
f 1544/1710/1679 1605/1711/1680 1354/1712/1681 1107/1713/1682
f 1543/1714/1683 1108/1715/1684 1294/1716/1685 1657/1717/1686
f 1660/1718/1687 1291/1719/1688 1290/1720/1689 1545/1721/1690
f 1669/1722/1691 864/1723/1692 872/1724/1693 1685/1725/1694
f 867/1726/1695 1235/1727/1696 1859/1728/1697 1797/1729/1698
f 1677/1730/1699 1172/1731/1700 1283/1732/1701 1792/1733/1702
f 1681/1734/1703 1176/1735/1704 1287/1736/1705 1796/1737/1706
f 1697/1738/1707 1190/1739/1708 1181/1740/1709 1690/1741/1710
f 1701/1742/1711 1194/1743/1712 1185/1744/1713 1694/1745/1714
f 1705/1746/1715 1198/1747/1716 1189/1748/1717 1698/1749/1718
f 1709/1750/1719 1202/1751/1720 1193/1752/1721 1702/1753/1722
f 1713/1754/1723 1206/1755/1724 1197/1756/1725 1706/1757/1726
f 1717/1758/1727 1210/1759/1728 1201/1760/1729 1710/1761/1730
f 1721/1762/1731 1214/1763/1732 1205/1764/1733 1714/1765/1734
f 1725/1766/1735 1218/1767/1736 1209/1768/1737 1718/1769/1738
f 1729/1770/1739 1222/1771/1740 1213/1772/1741 1722/1773/1742
f 1733/1774/1743 1226/1775/1744 1217/1776/1745 1726/1777/1746
f 1737/1778/1747 1230/1779/1748 1221/1780/1749 1730/1781/1750
f 1741/1782/1751 1234/1783/1752 1225/1784/1753 1734/1785/1754
f 1749/1786/1755 1242/1787/1756 1229/1788/1757 1738/1789/1758
f 1753/1790/1759 1246/1791/1760 1233/1792/1761 1742/1793/1762
f 1757/1794/1763 1250/1795/1764 1237/1796/1765 1745/1797/1766
f 1761/1798/1767 1254/1799/1768 1241/1800/1769 1750/1801/1770
f 1765/1802/1771 1258/1803/1772 1245/1804/1773 1754/1805/1774
f 1769/1806/1775 1262/1807/1776 1249/1808/1777 1758/1809/1778
f 1772/1810/1779 1263/1811/1780 1253/1812/1781 1762/1813/1782
f 1775/1814/1783 1268/1815/1784 1257/1816/1785 1766/1817/1786
f 1779/1818/1787 1272/1819/1788 1261/1820/1789 1770/1821/1790
f 1783/1822/1791 1276/1823/1792 1267/1824/1793 1776/1825/1794
f 1787/1826/1795 1280/1827/1796 1271/1828/1797 1780/1829/1798
f 1791/1830/1799 1284/1831/1800 1275/1832/1801 1784/1833/1802
f 1795/1834/1803 1288/1835/1804 1279/1836/1805 1788/1837/1806
f 1693/1838/1807 1186/1839/1808 1175/1840/1809 1682/1841/1810
f 1187/1842/1811 1812/1843/1812 1803/1844/1813 1180/1845/1814
f 1675/1846/1815 1744/1847/1816 1238/1848/1817 868/1849/1818
f 1800/1850/1819 1860/1851/1820 1489/1852/1821 1419/1853/1822
f 1439/1854/1823 1951/1855/1824 1946/1856/1825 1432/1857/1826
f 1809/1858/1827 1438/1859/1828 1427/1860/1829 1922/1861/1830
f 1911/1862/1831 1540/1863/1832 1531/1864/1833 1904/1865/1834
f 1907/1866/1835 1536/1867/1836 1527/1868/1837 1900/1869/1838
f 1903/1870/1839 1532/1871/1840 1523/1872/1841 1896/1873/1842
f 1899/1874/1843 1528/1875/1844 1519/1876/1845 1892/1877/1846
f 1895/1878/1847 1524/1879/1848 1513/1880/1849 1886/1881/1850
f 1891/1882/1851 1520/1883/1852 1509/1884/1853 1882/1885/1854
f 1888/1886/1855 1515/1887/1856 1505/1888/1857 1878/1889/1858
f 1885/1890/1859 1514/1891/1860 1501/1892/1861 1874/1893/1862
f 1881/1894/1863 1510/1895/1864 1497/1896/1865 1870/1897/1866
f 1877/1898/1867 1506/1899/1868 1493/1900/1869 1866/1901/1870
f 1873/1902/1871 1502/1903/1872 1488/1904/1873 1861/1905/1874
f 1869/1906/1875 1498/1907/1876 1485/1908/1877 1858/1909/1878
f 1865/1910/1879 1494/1911/1880 1481/1912/1881 1854/1913/1882
f 1857/1914/1883 1486/1915/1884 1477/1916/1885 1850/1917/1886
f 1853/1918/1887 1482/1919/1888 1473/1920/1889 1846/1921/1890
f 1849/1922/1891 1478/1923/1892 1469/1924/1893 1842/1925/1894
f 1845/1926/1895 1474/1927/1896 1465/1928/1897 1838/1929/1898
f 1841/1930/1899 1470/1931/1900 1461/1932/1901 1834/1933/1902
f 1837/1934/1903 1466/1935/1904 1457/1936/1905 1830/1937/1906
f 1833/1938/1907 1462/1939/1908 1453/1940/1909 1826/1941/1910
f 1829/1942/1911 1458/1943/1912 1449/1944/1913 1822/1945/1914
f 1825/1946/1915 1454/1947/1916 1445/1948/1917 1818/1949/1918
f 1821/1950/1919 1450/1951/1920 1441/1952/1921 1814/1953/1922
f 1817/1954/1923 1446/1955/1924 1437/1956/1925 1810/1957/1926
f 1813/1958/1927 1442/1959/1928 1433/1960/1929 1806/1961/1930
f 1921/1962/1931 1428/1963/1932 1539/1964/1933 1912/1965/1934
f 1917/1966/1935 1424/1967/1936 1535/1968/1937 1908/1969/1938
f 1418/1970/1939 1490/1971/1940 2000/1972/1941 1940/1973/1942
f 1913/1974/1943 1414/1975/1944 1422/1976/1945 1801/1977/1946
f 1992/1978/1947 1038/1979/1948 1033/1980/1949 1985/1981/1950
f 1996/1982/1951 986/1983/1952 981/1984/1953 1989/1985/1954
f 2004/1986/1955 1042/1987/1956 1037/1988/1957 1993/1989/1958
f 2008/1990/1959 990/1991/1960 985/1992/1961 1997/1993/1962
f 2012/1994/1963 938/1995/1964 932/1996/1965 2002/1997/1966
f 2016/1998/1967 1046/1999/1968 1041/2000/1969 2005/2001/1970
f 2020/2002/1971 994/2003/1972 989/2004/1973 2009/2005/1974
f 2024/2006/1975 942/2007/1976 937/2008/1977 2013/2009/1978
f 2028/2010/1979 1047/2011/1980 1045/2012/1981 2017/2013/1982
f 2030/2014/1983 998/2015/1984 993/2016/1985 2021/2017/1986
f 2034/2018/1987 946/2019/1988 941/2020/1989 2025/2021/1990
f 2038/2022/1991 1002/2023/1992 997/2024/1993 2031/2025/1994
f 2042/2026/1995 950/2027/1996 945/2028/1997 2035/2029/1998
f 2046/2030/1999 1006/2031/2000 1001/2032/2001 2039/2033/2002
f 2050/2034/2003 954/2035/2004 949/2036/2005 2043/2037/2006
f 1932/2038/2007 1010/2039/2008 1005/2040/2009 2047/2041/2010
f 1936/2042/2011 958/2043/2012 953/2044/2013 2051/2045/2014
f 1944/2046/2015 1014/2047/2016 1009/2048/2017 1929/2049/2018
f 1948/2050/2019 962/2051/2020 957/2052/2021 1933/2053/2022
f 1952/2054/2023 1018/2055/2024 1013/2056/2025 1945/2057/2026
f 1939/2058/2027 2001/2059/2028 933/2060/2029 849/2061/2030
f 1956/2062/2031 966/2063/2032 961/2064/2033 1949/2065/2034
f 1960/2066/2035 1022/2067/2036 1017/2068/2037 1953/2069/2038
f 1938/2070/2039 850/2071/2040 844/2072/2041 1925/2073/2042
f 1964/2074/2043 970/2075/2044 965/2076/2045 1957/2077/2046
f 1968/2078/2047 1026/2079/2048 1021/2080/2049 1961/2081/2050
f 1928/2082/2051 845/2083/2052 852/2084/2053 1941/2085/2054
f 1972/2086/2055 974/2087/2056 969/2088/2057 1965/2089/2058
f 1976/2090/2059 1030/2091/2060 1025/2092/2061 1969/2093/2062
f 1980/2094/2063 978/2095/2064 973/2096/2065 1973/2097/2066
f 1984/2098/2067 1034/2099/2068 1029/2100/2069 1977/2101/2070
f 1988/2102/2071 982/2103/2072 977/2104/2073 1981/2105/2074
f 843/1037/1006 846/862/836 845/2083/2052 844/2072/2041
f 847/1035/1004 850/2071/2040 849/2061/2030 848/866/2075
f 853/2106/2076 856/1469/1438 855/1210/1179 854/873/847
f 857/871/845 860/1470/1439 859/1466/1435 858/2107/2077
f 863/1476/1445 866/883/857 865/876/850 864/1723/1692
f 867/1726/1695 870/880/854 869/1475/1444 868/1849/1818
f 931/1010/979 934/865/2078 933/2060/2029 932/1996/1965
f 935/1008/977 938/1995/1964 937/2008/1977 936/938/908
f 939/936/906 942/2007/1976 941/2020/1989 940/946/2079
f 943/945/2080 946/2019/1988 945/2028/1997 944/956/2081
f 947/955/2082 950/2027/1996 949/2036/2005 948/962/2083
f 951/961/2084 954/2035/2004 953/2044/2013 952/968/2085
f 955/967/2086 958/2108/2012 957/2109/2021 956/2110/944
f 959/973/942 962/2051/2020 961/2064/2033 960/889/863
f 963/887/861 966/2063/2032 965/2076/2045 964/895/869
f 967/893/867 970/2075/2044 969/2088/2057 968/900/2087
f 971/899/2088 974/2087/2056 973/2096/2065 972/906/2089
f 975/905/2090 978/2095/2064 977/2104/2073 976/912/2091
f 979/911/2092 982/2103/2072 981/1984/1953 980/918/2093
f 983/917/2094 986/1983/1952 985/1992/1961 984/924/2095
f 987/923/2096 990/1991/1960 989/2004/1973 988/934/2097
f 991/933/2098 994/2003/1972 993/2016/1985 992/943/2099
f 995/942/2100 998/2015/1984 997/2024/1993 996/954/923
f 999/952/921 1002/2023/1992 1001/2032/2001 1000/959/2101
f 1003/958/2102 1006/2031/2000 1005/2040/2009 1004/965/2103
f 1007/964/2104 1010/2039/2008 1009/2048/2017 1008/971/2105
f 1011/970/2106 1014/2047/2016 1013/2056/2025 1012/886/860
f 1015/884/858 1018/2055/2024 1017/2068/2037 1016/892/866
f 1019/890/864 1022/2067/2036 1021/2080/2049 1020/897/2107
f 1023/896/2108 1026/2079/2048 1025/2092/2061 1024/903/2109
f 1027/902/2110 1030/2091/2060 1029/2100/2069 1028/909/2111
f 1031/908/2112 1034/2099/2068 1033/1980/1949 1032/915/2113
f 1035/914/2114 1038/1979/1948 1037/1988/1957 1036/922/894
f 1039/920/892 1042/1987/1956 1041/2000/1969 1040/931/2115
f 1043/930/2116 1046/1999/1968 1045/2012/1981 1044/941/910
f 1049/982/951 1052/1485/1454 1051/948/917 1050/989/958
f 1053/981/950 1056/1092/1061 1055/1593/1562 1054/1482/1451
f 1057/978/947 1060/2111/1450 1059/2112/1551 1058/2113/954
f 1061/977/946 1064/1088/1057 1063/1589/1558 1062/1478/1447
f 1065/1091/1060 1068/1084/1053 1067/1581/1550 1066/1590/1559
f 1069/1087/1056 1072/1080/1049 1071/1577/1546 1070/1586/1555
f 1073/1083/1052 1076/1076/1045 1075/1573/1542 1074/1578/1547
f 1077/1079/1048 1080/1072/1041 1079/1569/1538 1078/1574/1543
f 1081/1075/1044 1084/1068/1037 1083/1565/1534 1082/1570/1539
f 1085/1071/1040 1088/1064/1033 1087/1561/1530 1086/1566/1535
f 1089/1067/1036 1092/1060/1029 1091/1557/1526 1090/1562/1531
f 1093/1063/1032 1096/1056/1025 1095/1553/1522 1094/1558/1527
f 1097/1059/1028 1100/1052/1021 1099/1549/1518 1098/1554/1523
f 1101/1055/1024 1104/1048/1017 1103/1545/1514 1102/1550/1519
f 1105/1538/1507 1108/1715/1684 1107/1713/1682 1106/1334/1303
f 1109/1051/1020 1112/1044/1013 1111/1333/1302 1110/1546/1515
f 1113/1047/1016 1116/1040/1009 1115/1537/1506 1114/1542/1511
f 1117/870/844 1120/928/900 1119/1533/1502 1118/1471/1440
f 1121/1043/1012 1124/1033/1002 1123/1529/1498 1122/1330/1299
f 1125/1039/1008 1128/1029/998 1127/1525/1494 1126/1534/1503
f 1129/927/899 1132/1025/994 1131/1521/1490 1130/1530/1499
f 1133/1032/1001 1136/1021/990 1135/1517/1486 1134/1526/1495
f 1137/1028/997 1140/1017/986 1139/1513/1482 1138/1522/1491
f 1141/1024/993 1144/1013/982 1143/1509/1478 1142/1518/1487
f 1147/1016/985 1150/1006/975 1149/1505/1474 1148/1510/1479
f 1151/1012/981 1154/1002/971 1153/1501/1470 1152/1506/1475
f 1155/1005/974 1158/998/967 1157/1497/1466 1156/1502/1471
f 1159/1001/970 1162/994/963 1161/1493/1462 1160/1498/1467
f 1163/997/966 1166/990/959 1165/951/920 1164/1494/1463
f 1167/993/962 1170/986/955 1169/1585/1554 1168/1490/1459
f 1171/1488/1457 1174/1209/1178 1173/1098/1067 1172/1731/1700
f 1175/1840/1809 1178/2114/1174 1177/2115/1063 1176/2116/1704
f 1179/1206/1175 1182/1487/1456 1181/1740/1709 1180/1845/1814
f 1183/1202/1171 1186/1839/1808 1185/1744/1713 1184/1201/1170
f 1187/1842/1811 1190/1739/1708 1189/1748/1717 1188/1197/1166
f 1191/1198/1167 1194/1743/1712 1193/1752/1721 1192/1193/1162
f 1195/1194/1163 1198/1747/1716 1197/1756/1725 1196/1189/1158
f 1199/1190/1159 1202/1751/1720 1201/1760/1729 1200/1185/1154
f 1203/1186/1155 1206/1755/1724 1205/1764/1733 1204/1181/1150
f 1207/1182/1151 1210/1759/1728 1209/1768/1737 1208/1177/1146
f 1211/1178/1147 1214/1763/1732 1213/1772/1741 1212/1173/1142
f 1215/1174/1143 1218/1767/1736 1217/1776/1745 1216/1169/1138
f 1219/1170/1139 1222/1771/1740 1221/1780/1749 1220/1165/1134
f 1223/1166/1135 1226/1775/1744 1225/1784/1753 1224/1161/1130
f 1227/1162/1131 1230/1779/1748 1229/1788/1757 1228/1157/1126
f 1231/1158/1127 1234/1783/1752 1233/1792/1761 1232/1153/1122
f 1235/1727/1696 1238/1848/1817 1237/1796/1765 1236/1149/1118
f 1239/1154/1123 1242/1787/1756 1241/1800/1769 1240/1145/1114
f 1243/1150/1119 1246/1791/1760 1245/1804/1773 1244/1141/1110
f 1247/1146/1115 1250/1795/1764 1249/1808/1777 1248/1137/1106
f 1251/1142/1111 1254/1799/1768 1253/1812/1781 1252/1133/1102
f 1255/1138/1107 1258/1803/1772 1257/1816/1785 1256/1129/1098
f 1259/1134/1103 1262/1807/1776 1261/1820/1789 1260/1125/1094
f 1265/1126/1095 1268/1815/1784 1267/1824/1793 1266/1121/1090
f 1269/1122/1091 1272/1819/1788 1271/1828/1797 1270/1117/1086
f 1273/1118/1087 1276/1823/1792 1275/1832/1801 1274/1113/1082
f 1277/1114/1083 1280/1827/1796 1279/1836/1805 1278/1109/1078
f 1281/1110/1079 1284/1831/1800 1283/1732/1701 1282/1101/1070
f 1285/1106/1075 1288/1835/1804 1287/1736/1705 1286/1097/1066
f 1291/1719/1688 1294/1716/1685 1293/1541/1510 1292/1102/1071
f 1295/1341/1310 1298/1602/1571 1297/1223/1192 1296/1596/1565
f 1299/1217/1186 1302/1606/1575 1301/1227/1196 1300/1600/1569
f 1303/1221/1190 1306/1338/1307 1305/1595/1564 1304/1612/1581
f 1307/1233/1202 1310/1214/1183 1309/1599/1568 1308/1616/1585
f 1311/1237/1206 1314/1218/1187 1313/1611/1580 1312/1620/1589
f 1315/1241/1210 1318/1230/1199 1317/1615/1584 1316/1624/1593
f 1319/1245/1214 1322/1234/1203 1321/1619/1588 1320/1628/1597
f 1323/1249/1218 1326/1238/1207 1325/1623/1592 1324/1632/1601
f 1327/1253/1222 1330/1242/1211 1329/1627/1596 1328/1636/1605
f 1331/1257/1226 1334/1246/1215 1333/1631/1600 1332/1640/1609
f 1335/1261/1230 1338/1250/1219 1337/1635/1604 1336/1644/1613
f 1339/1265/1234 1342/1254/1223 1341/1639/1608 1340/1648/1617
f 1343/1269/1238 1346/1258/1227 1345/1643/1612 1344/1652/1621
f 1347/1273/1242 1350/1262/1231 1349/1647/1616 1348/1656/1625
f 1351/1335/1304 1354/1712/1681 1353/1660/1629 1352/1277/1246
f 1355/1281/1250 1358/1266/1235 1357/1651/1620 1356/1664/1633
f 1359/1285/1254 1362/1270/1239 1361/1655/1624 1360/1668/1637
f 1363/1289/1258 1366/1274/1243 1365/1659/1628 1364/1672/1641
f 1367/1293/1262 1370/1278/1247 1369/1663/1632 1368/1676/1645
f 1371/1297/1266 1374/1282/1251 1373/1667/1636 1372/1680/1649
f 1375/1301/1270 1378/1286/1255 1377/1671/1640 1376/1684/1653
f 1381/1305/1274 1384/1294/1263 1383/1679/1648 1382/1688/1657
f 1385/1309/1278 1388/1298/1267 1387/1683/1652 1386/1692/1661
f 1389/1313/1282 1392/1302/1271 1391/1687/1656 1390/1696/1665
f 1393/1317/1286 1396/1306/1275 1395/1691/1660 1394/1700/1669
f 1397/1321/1290 1400/1310/1279 1399/1695/1664 1398/1704/1673
f 1401/1325/1294 1404/1314/1283 1403/1699/1668 1402/1708/1677
f 1405/1703/1672 1408/1224/1193 1407/1605/1574 1406/1318/1287
f 1409/1707/1676 1412/2117/1197 1411/2118/1578 1410/2119/1291
f 1413/1328/1297 1416/1465/1434 1415/1458/1427 1414/1975/1944
f 1417/1462/1431 1420/1327/1296 1419/1853/1822 1418/1970/1939
f 1423/1344/1313 1426/1457/1426 1425/1350/1319 1424/1967/1936
f 1427/1860/1829 1430/2120/1422 1429/2121/1315 1428/2122/1932
f 1431/1454/1423 1434/1343/1312 1433/1960/1929 1432/1857/1826
f 1435/1450/1419 1438/1859/1828 1437/1956/1925 1436/1449/1418
f 1439/1854/1823 1442/1959/1928 1441/1952/1921 1440/1445/1414
f 1443/1446/1415 1446/1955/1924 1445/1948/1917 1444/1441/1410
f 1447/1442/1411 1450/1951/1920 1449/1944/1913 1448/1437/1406
f 1451/1438/1407 1454/1947/1916 1453/1940/1909 1452/1433/1402
f 1455/1434/1403 1458/1943/1912 1457/1936/1905 1456/1429/1398
f 1459/1430/1399 1462/1939/1908 1461/1932/1901 1460/1425/1394
f 1463/1426/1395 1466/1935/1904 1465/1928/1897 1464/1421/1390
f 1467/1422/1391 1470/1931/1900 1469/1924/1893 1468/1417/1386
f 1471/1418/1387 1474/1927/1896 1473/1920/1889 1472/1413/1382
f 1475/1414/1383 1478/1923/1892 1477/1916/1885 1476/1409/1378
f 1479/1410/1379 1482/1919/1888 1481/1912/1881 1480/1405/1374
f 1483/1406/1375 1486/1915/1884 1485/1908/1877 1484/1401/1370
f 1487/1397/1366 1490/1971/1940 1489/1852/1821 1488/1904/1873
f 1491/1402/1371 1494/1911/1880 1493/1900/1869 1492/1393/1362
f 1495/1398/1367 1498/1907/1876 1497/1896/1865 1496/1389/1358
f 1499/1394/1363 1502/1903/1872 1501/1892/1861 1500/1385/1354
f 1503/1390/1359 1506/1899/1868 1505/1888/1857 1504/1381/1350
f 1507/1386/1355 1510/1895/1864 1509/1884/1853 1508/1377/1346
f 1511/1382/1351 1514/1891/1860 1513/1880/1849 1512/1373/1342
f 1517/1374/1343 1520/1883/1852 1519/1876/1845 1518/1369/1338
f 1521/1370/1339 1524/1879/1848 1523/1872/1841 1522/1365/1334
f 1525/1366/1335 1528/1875/1844 1527/1868/1837 1526/1361/1330
f 1529/1362/1331 1532/1871/1840 1531/1864/1833 1530/1357/1326
f 1533/1358/1327 1536/1867/1836 1535/1968/1937 1534/1353/1322
f 1537/1354/1323 1540/1863/1832 1539/1964/1933 1538/1349/1318
f 1541/1473/1442 1544/1710/1679 1543/1714/1683 1542/1467/1436
f 1547/1483/1452 1550/1592/1561 1549/1597/1566 1548/1222/1191
f 1551/1479/1448 1554/1588/1557 1553/1601/1570 1552/1226/1195
f 1555/1591/1560 1558/1580/1549 1557/1613/1582 1556/1594/1563
f 1559/1587/1556 1562/1576/1545 1561/1617/1586 1560/1598/1567
f 1563/1579/1548 1566/1572/1541 1565/1621/1590 1564/1610/1579
f 1567/1575/1544 1570/1568/1537 1569/1625/1594 1568/1614/1583
f 1571/1571/1540 1574/1564/1533 1573/1629/1598 1572/1618/1587
f 1575/1567/1536 1578/1560/1529 1577/1633/1602 1576/1622/1591
f 1579/1563/1532 1582/1556/1525 1581/1637/1606 1580/1626/1595
f 1583/1559/1528 1586/1552/1521 1585/1641/1610 1584/1630/1599
f 1587/1555/1524 1590/1548/1517 1589/1645/1614 1588/1634/1603
f 1591/1551/1520 1594/1544/1513 1593/1649/1618 1592/1638/1607
f 1595/1547/1516 1598/1332/1301 1597/1653/1622 1596/1642/1611
f 1599/1543/1512 1602/1536/1505 1601/1657/1626 1600/1646/1615
f 1603/1532/1501 1606/1661/1630 1605/1711/1680 1604/1472/1441
f 1607/1331/1300 1610/1528/1497 1609/1665/1634 1608/1650/1619
f 1611/1535/1504 1614/1524/1493 1613/1669/1638 1612/1654/1623
f 1615/1531/1500 1618/1520/1489 1617/1673/1642 1616/1658/1627
f 1619/1527/1496 1622/1516/1485 1621/1677/1646 1620/1662/1631
f 1623/1523/1492 1626/1512/1481 1625/1681/1650 1624/1666/1635
f 1627/1519/1488 1630/1508/1477 1629/1685/1654 1628/1670/1639
f 1633/1511/1480 1636/1504/1473 1635/1689/1658 1634/1678/1647
f 1637/1507/1476 1640/1500/1469 1639/1693/1662 1638/1682/1651
f 1641/1503/1472 1644/1496/1465 1643/1697/1666 1642/1686/1655
f 1645/1499/1468 1648/1492/1461 1647/1701/1670 1646/1690/1659
f 1649/1495/1464 1652/950/919 1651/1705/1674 1650/1694/1663
f 1653/1491/1460 1656/1584/1553 1655/1709/1678 1654/1698/1667
f 1657/1717/1686 1660/1718/1687 1659/1211/1180 1658/1468/1437
f 1661/1225/1194 1664/1702/1671 1663/949/918 1662/1484/1453
f 1665/1229/1198 1668/2123/1675 1667/2124/1552 1666/2125/1449
f 1669/1722/1691 1672/1103/1072 1671/1540/1509 1670/1477/1446
f 1673/1539/1508 1676/1337/1306 1675/1846/1815 1674/1474/1443
f 1677/1730/1699 1680/1319/1288 1679/1604/1573 1678/1489/1458
f 1681/1734/1703 1684/2126/1292 1683/2127/1577 1682/2128/1810
f 1687/1340/1309 1690/1741/1710 1689/1486/1455 1688/1603/1572
f 1691/1216/1185 1694/1745/1714 1693/1838/1807 1692/1607/1576
f 1695/1220/1189 1698/1749/1718 1697/1738/1707 1696/1339/1308
f 1699/1232/1201 1702/1753/1722 1701/1742/1711 1700/1215/1184
f 1703/1236/1205 1706/1757/1726 1705/1746/1715 1704/1219/1188
f 1707/1240/1209 1710/1761/1730 1709/1750/1719 1708/1231/1200
f 1711/1244/1213 1714/1765/1734 1713/1754/1723 1712/1235/1204
f 1715/1248/1217 1718/1769/1738 1717/1758/1727 1716/1239/1208
f 1719/1252/1221 1722/1773/1742 1721/1762/1731 1720/1243/1212
f 1723/1256/1225 1726/1777/1746 1725/1766/1735 1724/1247/1216
f 1727/1260/1229 1730/1781/1750 1729/1770/1739 1728/1251/1220
f 1731/1264/1233 1734/1785/1754 1733/1774/1743 1732/1255/1224
f 1735/1268/1237 1738/1789/1758 1737/1778/1747 1736/1259/1228
f 1739/1272/1241 1742/1793/1762 1741/1782/1751 1740/1263/1232
f 1743/1336/1305 1746/1276/1245 1745/1797/1766 1744/1847/1816
f 1747/1280/1249 1750/1801/1770 1749/1786/1755 1748/1267/1236
f 1751/1284/1253 1754/1805/1774 1753/1790/1759 1752/1271/1240
f 1755/1288/1257 1758/1809/1778 1757/1794/1763 1756/1275/1244
f 1759/1292/1261 1762/1813/1782 1761/1798/1767 1760/1279/1248
f 1763/1296/1265 1766/1817/1786 1765/1802/1771 1764/1283/1252
f 1767/1300/1269 1770/1821/1790 1769/1806/1775 1768/1287/1256
f 1773/1304/1273 1776/1825/1794 1775/1814/1783 1774/1295/1264
f 1777/1308/1277 1780/1829/1798 1779/1818/1787 1778/1299/1268
f 1781/1312/1281 1784/1833/1802 1783/1822/1791 1782/1303/1272
f 1785/1316/1285 1788/1837/1806 1787/1826/1795 1786/1307/1276
f 1789/1320/1289 1792/1733/1702 1791/1830/1799 1790/1311/1280
f 1793/1324/1293 1796/1737/1706 1795/1834/1803 1794/1315/1284
f 1797/1729/1698 1800/1850/1819 1799/1326/1295 1798/881/855
f 1803/1844/1813 1806/1961/1930 1805/1342/1311 1804/1207/1176
f 1807/1200/1169 1810/1957/1926 1809/1858/1827 1808/1203/1172
f 1811/1196/1165 1814/1953/1922 1813/1958/1927 1812/1843/1812
f 1815/1192/1161 1818/1949/1918 1817/1954/1923 1816/1199/1168
f 1819/1188/1157 1822/1945/1914 1821/1950/1919 1820/1195/1164
f 1823/1184/1153 1826/1941/1910 1825/1946/1915 1824/1191/1160
f 1827/1180/1149 1830/1937/1906 1829/1942/1911 1828/1187/1156
f 1831/1176/1145 1834/1933/1902 1833/1938/1907 1832/1183/1152
f 1835/1172/1141 1838/1929/1898 1837/1934/1903 1836/1179/1148
f 1839/1168/1137 1842/1925/1894 1841/1930/1899 1840/1175/1144
f 1843/1164/1133 1846/1921/1890 1845/1926/1895 1844/1171/1140
f 1847/1160/1129 1850/1917/1886 1849/1922/1891 1848/1167/1136
f 1851/1156/1125 1854/1913/1882 1853/1918/1887 1852/1163/1132
f 1855/1152/1121 1858/1909/1878 1857/1914/1883 1856/1159/1128
f 1859/1728/1697 1862/1148/1117 1861/1905/1874 1860/1851/1820
f 1863/1144/1113 1866/1901/1870 1865/1910/1879 1864/1155/1124
f 1867/1140/1109 1870/1897/1866 1869/1906/1875 1868/1151/1120
f 1871/1136/1105 1874/1893/1862 1873/1902/1871 1872/1147/1116
f 1875/1132/1101 1878/1889/1858 1877/1898/1867 1876/1143/1112
f 1879/1128/1097 1882/1885/1854 1881/1894/1863 1880/1139/1108
f 1883/1124/1093 1886/1881/1850 1885/1890/1859 1884/1135/1104
f 1889/1120/1089 1892/1877/1846 1891/1882/1851 1890/1127/1096
f 1893/1116/1085 1896/1873/1842 1895/1878/1847 1894/1123/1092
f 1897/1112/1081 1900/1869/1838 1899/1874/1843 1898/1119/1088
f 1901/1108/1077 1904/1865/1834 1903/1870/1839 1902/1115/1084
f 1905/1100/1069 1908/1969/1938 1907/1866/1835 1906/1111/1080
f 1909/1096/1065 1912/1965/1934 1911/1862/1831 1910/1107/1076
f 1913/1974/1943 1916/877/851 1915/882/856 1914/1329/1298
f 1917/1966/1935 1920/1099/1068 1919/1208/1177 1918/1345/1314
f 1921/1962/1931 1924/2129/1064 1923/2130/1173 1922/2131/1830
f 1925/2073/2042 1928/2082/2051 1927/1459/1428 1926/1464/1433
f 1929/2049/2018 1932/2038/2007 1931/1351/1320 1930/1456/1425
f 1933/2053/2022 1936/2132/2011 1935/2133/1316 1934/2134/1421
f 1937/1463/1432 1940/1973/1942 1939/2058/2027 1938/2070/2039
f 1943/1455/1424 1946/1856/1825 1945/2057/2026 1944/2046/2015
f 1947/1451/1420 1950/1448/1417 1949/2065/2034 1948/2050/2019
f 1951/1855/1824 1954/1444/1413 1953/2069/2038 1952/2054/2023
f 1955/1447/1416 1958/1440/1409 1957/2077/2046 1956/2062/2031
f 1959/1443/1412 1962/1436/1405 1961/2081/2050 1960/2066/2035
f 1963/1439/1408 1966/1432/1401 1965/2089/2058 1964/2074/2043
f 1967/1435/1404 1970/1428/1397 1969/2093/2062 1968/2078/2047
f 1971/1431/1400 1974/1424/1393 1973/2097/2066 1972/2086/2055
f 1975/1427/1396 1978/1420/1389 1977/2101/2070 1976/2090/2059
f 1979/1423/1392 1982/1416/1385 1981/2105/2074 1980/2094/2063
f 1983/1419/1388 1986/1412/1381 1985/1981/1950 1984/2098/2067
f 1987/1415/1384 1990/1408/1377 1989/1985/1954 1988/2102/2071
f 1991/1411/1380 1994/1404/1373 1993/1989/1958 1992/1978/1947
f 1995/1407/1376 1998/1400/1369 1997/1993/1962 1996/1982/1951
f 1999/1396/1365 2002/1997/1966 2001/2059/2028 2000/1972/1941
f 2003/1403/1372 2006/1392/1361 2005/2001/1970 2004/1986/1955
f 2007/1399/1368 2010/1388/1357 2009/2005/1974 2008/1990/1959
f 2011/1395/1364 2014/1384/1353 2013/2009/1978 2012/1994/1963
f 2015/1391/1360 2018/1380/1349 2017/2013/1982 2016/1998/1967
f 2019/1387/1356 2022/1376/1345 2021/2017/1986 2020/2002/1971
f 2023/1383/1352 2026/1372/1341 2025/2021/1990 2024/2006/1975
f 2029/1375/1344 2032/1368/1337 2031/2025/1994 2030/2014/1983
f 2033/1371/1340 2036/1364/1333 2035/2029/1998 2034/2018/1987
f 2037/1367/1336 2040/1360/1329 2039/2033/2002 2038/2022/1991
f 2041/1363/1332 2044/1356/1325 2043/2037/2006 2042/2026/1995
f 2045/1359/1328 2048/1352/1321 2047/2041/2010 2046/2030/1999
f 2049/1355/1324 2052/1348/1317 2051/2045/2014 2050/2034/2003
f 2053/932/2117 2083/2135/837 2082/2136/1005 2081/2137/2118 2080/2138/2118 2079/2139/2118 2078/2140/2119 2077/2141/2120 2076/2142/2118 2075/2143/2118 2074/2144/2118 2073/2145/2118 2072/2146/2118 2071/2147/2118 2070/2148/2118 2069/2149/2118 2068/2150/2118 2067/2151/2121 2066/2152/2122 2065/2153/2123 2064/2154/2118 2063/2155/2118 2062/2156/2118 2061/2157/2118 2060/2158/2118 2059/2159/2118 2058/2160/2118 2057/2161/2124 2056/2162/2125 2055/2163/2126 2054/2164/2118
f 850/2071/2040 847/1035/1004 843/1037/1006 844/2072/2041
f 845/2083/2052 846/862/836 851/864/838 852/2084/2053
f 1928/2082/2051 1925/2073/2042 844/2072/2041 845/2083/2052
f 857/871/845 858/2107/2077 841/2165/2127 842/868/842
f 839/872/846 840/2166/2128 853/2106/2076 854/873/847
f 1541/1473/1442 1542/1467/1436 859/1466/1435 860/1470/1439
f 861/1213/1182 862/874/848 854/873/847 855/1210/1179
f 856/1469/1438 853/2106/2076 858/2107/2077 859/1466/1435
f 1669/1722/1691 1670/1477/1446 863/1476/1445 864/1723/1692
f 1797/1729/1698 1798/881/855 870/880/854 867/1726/1695
f 871/879/853 872/1724/1693 864/1723/1692 865/876/850
f 866/883/857 863/1476/1445 869/1475/1444 870/880/854
f 938/1995/1964 935/1008/977 931/1010/979 932/1996/1965
f 942/2007/1976 939/936/906 936/938/908 937/2008/1977
f 946/2019/1988 943/945/2080 940/946/2079 941/2020/1989
f 950/2027/1996 947/955/2082 944/956/2081 945/2028/1997
f 954/2035/2004 951/961/2084 948/962/2083 949/2036/2005
f 958/2043/2012 955/967/2086 952/968/2085 953/2044/2013
f 962/2051/2020 959/973/942 956/975/944 957/2052/2021
f 966/2063/2032 963/887/861 960/889/863 961/2064/2033
f 970/2075/2044 967/893/867 964/895/869 965/2076/2045
f 974/2087/2056 971/899/2088 968/900/2087 969/2088/2057
f 978/2095/2064 975/905/2090 972/906/2089 973/2096/2065
f 982/2103/2072 979/911/2092 976/912/2091 977/2104/2073
f 986/1983/1952 983/917/2094 980/918/2093 981/1984/1953
f 990/1991/1960 987/923/2096 984/924/2095 985/1992/1961
f 994/2003/1972 991/933/2098 988/934/2097 989/2004/1973
f 998/2015/1984 995/942/2100 992/943/2099 993/2016/1985
f 1002/2023/1992 999/952/921 996/954/923 997/2024/1993
f 1006/2031/2000 1003/958/2102 1000/959/2101 1001/2032/2001
f 1010/2039/2008 1007/964/2104 1004/965/2103 1005/2040/2009
f 1014/2047/2016 1011/970/2106 1008/971/2105 1009/2048/2017
f 1018/2055/2024 1015/884/858 1012/886/860 1013/2056/2025
f 1022/2067/2036 1019/890/864 1016/892/866 1017/2068/2037
f 1026/2079/2048 1023/896/2108 1020/897/2107 1021/2080/2049
f 1030/2091/2060 1027/902/2110 1024/903/2109 1025/2092/2061
f 1034/2099/2068 1031/908/2112 1028/909/2111 1029/2100/2069
f 1038/1979/1948 1035/914/2114 1032/915/2113 1033/1980/1949
f 1042/1987/1956 1039/920/892 1036/922/894 1037/1988/1957
f 1046/1999/1968 1043/930/2116 1040/931/2115 1041/2000/1969
f 1047/2011/1980 1048/939/909 1044/941/910 1045/2012/1981
f 1932/2038/2007 1929/2049/2018 1009/2048/2017 1010/2039/2008
f 1056/1092/1061 1053/981/950 913/980/949 914/1093/1062
f 1936/2042/2011 1933/2167/2022 957/2168/2021 958/2043/2012
f 1064/1088/1057 1061/977/946 887/976/945 888/1089/1058
f 1068/1084/1053 1065/1091/1060 915/1090/1059 916/1085/1054
f 1072/1080/1049 1069/1087/1056 889/1086/1055 890/1081/1050
f 1076/1076/1045 1073/1083/1052 917/1082/1051 918/1077/1046
f 1080/1072/1041 1077/1079/1048 891/1078/1047 892/1073/1042
f 1084/1068/1037 1081/1075/1044 919/1074/1043 920/1069/1038
f 1088/1064/1033 1085/1071/1040 893/1070/1039 894/1065/1034
f 1092/1060/1029 1089/1067/1036 921/1066/1035 922/1061/1030
f 1096/1056/1025 1093/1063/1032 895/1062/1031 896/1057/1026
f 1100/1052/1021 1097/1059/1028 923/1058/1027 924/1053/1022
f 1104/1048/1017 1101/1055/1024 897/1054/1023 898/1049/1018
f 1676/1337/1306 1673/1539/1508 1105/1538/1507 1106/1334/1303
f 1112/1044/1013 1109/1051/1020 925/1050/1019 926/1045/1014
f 1116/1040/1009 1113/1047/1016 899/1046/1015 900/1041/1010
f 1120/928/900 1117/870/844 873/869/843 874/929/901
f 1124/1033/1002 1121/1043/1012 927/1042/1011 928/1034/1003
f 1128/1029/998 1125/1039/1008 901/1038/1007 902/1030/999
f 1132/1025/994 1129/927/899 875/926/898 876/1026/995
f 1136/1021/990 1133/1032/1001 929/1031/1000 930/1022/991
f 1140/1017/986 1137/1028/997 903/1027/996 904/1018/987
f 1144/1013/982 1141/1024/993 877/1023/992 878/1014/983
f 1150/1006/975 1147/1016/985 905/1015/984 906/1007/976
f 1154/1002/971 1151/1012/981 879/1011/980 880/1003/972
f 1158/998/967 1155/1005/974 907/1004/973 908/999/968
f 1162/994/963 1159/1001/970 881/1000/969 882/995/964
f 1166/990/959 1163/997/966 909/996/965 910/991/960
f 1170/986/955 1167/993/962 883/992/961 884/987/956
f 911/988/957 912/983/952 1049/982/951 1050/989/958
f 1550/1592/1561 1547/1483/1452 1054/1482/1451 1055/1593/1562
f 885/984/953 886/2169/948 1057/2170/947 1058/985/954
f 1554/1588/1557 1551/1479/1448 1062/1478/1447 1063/1589/1558
f 1558/1580/1549 1555/1591/1560 1066/1590/1559 1067/1581/1550
f 1562/1576/1545 1559/1587/1556 1070/1586/1555 1071/1577/1546
f 1566/1572/1541 1563/1579/1548 1074/1578/1547 1075/1573/1542
f 1570/1568/1537 1567/1575/1544 1078/1574/1543 1079/1569/1538
f 1574/1564/1533 1571/1571/1540 1082/1570/1539 1083/1565/1534
f 1578/1560/1529 1575/1567/1536 1086/1566/1535 1087/1561/1530
f 1582/1556/1525 1579/1563/1532 1090/1562/1531 1091/1557/1526
f 1586/1552/1521 1583/1559/1528 1094/1558/1527 1095/1553/1522
f 1590/1548/1517 1587/1555/1524 1098/1554/1523 1099/1549/1518
f 1594/1544/1513 1591/1551/1520 1102/1550/1519 1103/1545/1514
f 1598/1332/1301 1595/1547/1516 1110/1546/1515 1111/1333/1302
f 1602/1536/1505 1599/1543/1512 1114/1542/1511 1115/1537/1506
f 1603/1532/1501 1604/1472/1441 1118/1471/1440 1119/1533/1502
f 1610/1528/1497 1607/1331/1300 1122/1330/1299 1123/1529/1498
f 1614/1524/1493 1611/1535/1504 1126/1534/1503 1127/1525/1494
f 1618/1520/1489 1615/1531/1500 1130/1530/1499 1131/1521/1490
f 1622/1516/1485 1619/1527/1496 1134/1526/1495 1135/1517/1486
f 1626/1512/1481 1623/1523/1492 1138/1522/1491 1139/1513/1482
f 1630/1508/1477 1627/1519/1488 1142/1518/1487 1143/1509/1478
f 1636/1504/1473 1633/1511/1480 1148/1510/1479 1149/1505/1474
f 1640/1500/1469 1637/1507/1476 1152/1506/1475 1153/1501/1470
f 1644/1496/1465 1641/1503/1472 1156/1502/1471 1157/1497/1466
f 1648/1492/1461 1645/1499/1468 1160/1498/1467 1161/1493/1462
f 1652/950/919 1649/1495/1464 1164/1494/1463 1165/951/920
f 1656/1584/1553 1653/1491/1460 1168/1490/1459 1169/1585/1554
f 1169/1585/1554 1170/986/955 1058/985/954 1059/1582/1551
f 1165/951/920 1166/990/959 1050/989/958 1051/948/917
f 1161/1493/1462 1162/994/963 1167/993/962 1168/1490/1459
f 1157/1497/1466 1158/998/967 1163/997/966 1164/1494/1463
f 1153/1501/1470 1154/1002/971 1159/1001/970 1160/1498/1467
f 1149/1505/1474 1150/1006/975 1155/1005/974 1156/1502/1471
f 1143/1509/1478 1144/1013/982 1151/1012/981 1152/1506/1475
f 1139/1513/1482 1140/1017/986 1147/1016/985 1148/1510/1479
f 1135/1517/1486 1136/1021/990 1145/1020/989 1146/1514/1483
f 1131/1521/1490 1132/1025/994 1141/1024/993 1142/1518/1487
f 1127/1525/1494 1128/1029/998 1137/1028/997 1138/1522/1491
f 1123/1529/1498 1124/1033/1002 1133/1032/1001 1134/1526/1495
f 1119/1533/1502 1120/928/900 1129/927/899 1130/1530/1499
f 1115/1537/1506 1116/1040/1009 1125/1039/1008 1126/1534/1503
f 1111/1333/1302 1112/1044/1013 1121/1043/1012 1122/1330/1299
f 1103/1545/1514 1104/1048/1017 1113/1047/1016 1114/1542/1511
f 1099/1549/1518 1100/1052/1021 1109/1051/1020 1110/1546/1515
f 1095/1553/1522 1096/1056/1025 1101/1055/1024 1102/1550/1519
f 1091/1557/1526 1092/1060/1029 1097/1059/1028 1098/1554/1523
f 1087/1561/1530 1088/1064/1033 1093/1063/1032 1094/1558/1527
f 1083/1565/1534 1084/1068/1037 1089/1067/1036 1090/1562/1531
f 1079/1569/1538 1080/1072/1041 1085/1071/1040 1086/1566/1535
f 1075/1573/1542 1076/1076/1045 1081/1075/1044 1082/1570/1539
f 1071/1577/1546 1072/1080/1049 1077/1079/1048 1078/1574/1543
f 1067/1581/1550 1068/1084/1053 1073/1083/1052 1074/1578/1547
f 1063/1589/1558 1064/1088/1057 1069/1087/1056 1070/1586/1555
f 1055/1593/1562 1056/1092/1061 1065/1091/1060 1066/1590/1559
f 1060/1481/1450 1057/978/947 1061/977/946 1062/1478/1447
f 1052/1485/1454 1049/982/951 1053/981/950 1054/1482/1451
f 1677/1730/1699 1678/1489/1458 1171/1488/1457 1172/1731/1700
f 1681/1734/1703 1682/2128/1810 1175/2171/1809 1176/1735/1704
f 1803/1844/1813 1804/1207/1176 1179/1206/1175 1180/1845/1814
f 1807/1200/1169 1808/1203/1172 1183/1202/1171 1184/1201/1170
f 1811/1196/1165 1812/1843/1812 1187/1842/1811 1188/1197/1166
f 1815/1192/1161 1816/1199/1168 1191/1198/1167 1192/1193/1162
f 1819/1188/1157 1820/1195/1164 1195/1194/1163 1196/1189/1158
f 1823/1184/1153 1824/1191/1160 1199/1190/1159 1200/1185/1154
f 1827/1180/1149 1828/1187/1156 1203/1186/1155 1204/1181/1150
f 1831/1176/1145 1832/1183/1152 1207/1182/1151 1208/1177/1146
f 1835/1172/1141 1836/1179/1148 1211/1178/1147 1212/1173/1142
f 1839/1168/1137 1840/1175/1144 1215/1174/1143 1216/1169/1138
f 1843/1164/1133 1844/1171/1140 1219/1170/1139 1220/1165/1134
f 1847/1160/1129 1848/1167/1136 1223/1166/1135 1224/1161/1130
f 860/1470/1439 857/871/845 1117/870/844 1118/1471/1440
f 1851/1156/1125 1852/1163/1132 1227/1162/1131 1228/1157/1126
f 1855/1152/1121 1856/1159/1128 1231/1158/1127 1232/1153/1122
f 1862/1148/1117 1859/1728/1697 1235/1727/1696 1236/1149/1118
f 1863/1144/1113 1864/1155/1124 1239/1154/1123 1240/1145/1114
f 1867/1140/1109 1868/1151/1120 1243/1150/1119 1244/1141/1110
f 1871/1136/1105 1872/1147/1116 1247/1146/1115 1248/1137/1106
f 1875/1132/1101 1876/1143/1112 1251/1142/1111 1252/1133/1102
f 1879/1128/1097 1880/1139/1108 1255/1138/1107 1256/1129/1098
f 1883/1124/1093 1884/1135/1104 1259/1134/1103 1260/1125/1094
f 1889/1120/1089 1890/1127/1096 1265/1126/1095 1266/1121/1090
f 1893/1116/1085 1894/1123/1092 1269/1122/1091 1270/1117/1086
f 1897/1112/1081 1898/1119/1088 1273/1118/1087 1274/1113/1082
f 1901/1108/1077 1902/1115/1084 1277/1114/1083 1278/1109/1078
f 1905/1100/1069 1906/1111/1080 1281/1110/1079 1282/1101/1070
f 1909/1096/1065 1910/1107/1076 1285/1106/1075 1286/1097/1066
f 1286/1097/1066 1287/1736/1705 1176/1735/1704 1177/1094/1063
f 1282/1101/1070 1283/1732/1701 1172/1731/1700 1173/1098/1067
f 1278/1109/1078 1279/1836/1805 1288/1835/1804 1285/1106/1075
f 1274/1113/1082 1275/1832/1801 1284/1831/1800 1281/1110/1079
f 1270/1117/1086 1271/1828/1797 1280/1827/1796 1277/1114/1083
f 1266/1121/1090 1267/1824/1793 1276/1823/1792 1273/1118/1087
f 1260/1125/1094 1261/1820/1789 1272/1819/1788 1269/1122/1091
f 1256/1129/1098 1257/1816/1785 1268/1815/1784 1265/1126/1095
f 1252/1133/1102 1253/1812/1781 1263/1811/1780 1264/1130/1099
f 1248/1137/1106 1249/1808/1777 1262/1807/1776 1259/1134/1103
f 1244/1141/1110 1245/1804/1773 1258/1803/1772 1255/1138/1107
f 1240/1145/1114 1241/1800/1769 1254/1799/1768 1251/1142/1111
f 1236/1149/1118 1237/1796/1765 1250/1795/1764 1247/1146/1115
f 1232/1153/1122 1233/1792/1761 1246/1791/1760 1243/1150/1119
f 1228/1157/1126 1229/1788/1757 1242/1787/1756 1239/1154/1123
f 867/1726/1695 868/1849/1818 1238/1848/1817 1235/1727/1696
f 1224/1161/1130 1225/1784/1753 1234/1783/1752 1231/1158/1127
f 1220/1165/1134 1221/1780/1749 1230/1779/1748 1227/1162/1131
f 1216/1169/1138 1217/1776/1745 1226/1775/1744 1223/1166/1135
f 1212/1173/1142 1213/1772/1741 1222/1771/1740 1219/1170/1139
f 1208/1177/1146 1209/1768/1737 1218/1767/1736 1215/1174/1143
f 1204/1181/1150 1205/1764/1733 1214/1763/1732 1211/1178/1147
f 1200/1185/1154 1201/1760/1729 1210/1759/1728 1207/1182/1151
f 1196/1189/1158 1197/1756/1725 1206/1755/1724 1203/1186/1155
f 1192/1193/1162 1193/1752/1721 1202/1751/1720 1199/1190/1159
f 1188/1197/1166 1189/1748/1717 1198/1747/1716 1195/1194/1163
f 1184/1201/1170 1185/1744/1713 1194/1743/1712 1191/1198/1167
f 1180/1845/1814 1181/1740/1709 1190/1739/1708 1187/1842/1811
f 1178/1205/1174 1175/1840/1809 1186/1839/1808 1183/1202/1171
f 1174/1209/1178 1171/1488/1457 1182/1487/1456 1179/1206/1175
f 848/866/2075 849/2061/2030 933/2060/2029 934/865/2078
f 1660/1718/1687 1657/1717/1686 1294/1716/1685 1291/1719/1688
f 1687/1340/1309 1688/1603/1572 1298/1602/1571 1295/1341/1310
f 1691/1216/1185 1692/1607/1576 1302/1606/1575 1299/1217/1186
f 1695/1220/1189 1696/1339/1308 1306/1338/1307 1303/1221/1190
f 1699/1232/1201 1700/1215/1184 1310/1214/1183 1307/1233/1202
f 1703/1236/1205 1704/1219/1188 1314/1218/1187 1311/1237/1206
f 1707/1240/1209 1708/1231/1200 1318/1230/1199 1315/1241/1210
f 1711/1244/1213 1712/1235/1204 1322/1234/1203 1319/1245/1214
f 1715/1248/1217 1716/1239/1208 1326/1238/1207 1323/1249/1218
f 1719/1252/1221 1720/1243/1212 1330/1242/1211 1327/1253/1222
f 1723/1256/1225 1724/1247/1216 1334/1246/1215 1331/1257/1226
f 1727/1260/1229 1728/1251/1220 1338/1250/1219 1335/1261/1230
f 1731/1264/1233 1732/1255/1224 1342/1254/1223 1339/1265/1234
f 1735/1268/1237 1736/1259/1228 1346/1258/1227 1343/1269/1238
f 1739/1272/1241 1740/1263/1232 1350/1262/1231 1347/1273/1242
f 1746/1276/1245 1743/1336/1305 1351/1335/1304 1352/1277/1246
f 1747/1280/1249 1748/1267/1236 1358/1266/1235 1355/1281/1250
f 1751/1284/1253 1752/1271/1240 1362/1270/1239 1359/1285/1254
f 1755/1288/1257 1756/1275/1244 1366/1274/1243 1363/1289/1258
f 1759/1292/1261 1760/1279/1248 1370/1278/1247 1367/1293/1262
f 1763/1296/1265 1764/1283/1252 1374/1282/1251 1371/1297/1266
f 1767/1300/1269 1768/1287/1256 1378/1286/1255 1375/1301/1270
f 1773/1304/1273 1774/1295/1264 1384/1294/1263 1381/1305/1274
f 1777/1308/1277 1778/1299/1268 1388/1298/1267 1385/1309/1278
f 1781/1312/1281 1782/1303/1272 1392/1302/1271 1389/1313/1282
f 1785/1316/1285 1786/1307/1276 1396/1306/1275 1393/1317/1286
f 1789/1320/1289 1790/1311/1280 1400/1310/1279 1397/1321/1290
f 1793/1324/1293 1794/1315/1284 1404/1314/1283 1401/1325/1294
f 1664/1702/1671 1661/1225/1194 1408/1224/1193 1405/1703/1672
f 1668/1706/1675 1665/2172/1198 1412/2117/1197 1409/1707/1676
f 1407/1605/1574 1408/1224/1193 1297/1223/1192 1298/1602/1571
f 1411/1609/1578 1412/1228/1197 1301/1227/1196 1302/1606/1575
f 1295/1341/1310 1296/1596/1565 1305/1595/1564 1306/1338/1307
f 1299/1217/1186 1300/1600/1569 1309/1599/1568 1310/1214/1183
f 1303/1221/1190 1304/1612/1581 1313/1611/1580 1314/1218/1187
f 1307/1233/1202 1308/1616/1585 1317/1615/1584 1318/1230/1199
f 1311/1237/1206 1312/1620/1589 1321/1619/1588 1322/1234/1203
f 1315/1241/1210 1316/1624/1593 1325/1623/1592 1326/1238/1207
f 1319/1245/1214 1320/1628/1597 1329/1627/1596 1330/1242/1211
f 1323/1249/1218 1324/1632/1601 1333/1631/1600 1334/1246/1215
f 1327/1253/1222 1328/1636/1605 1337/1635/1604 1338/1250/1219
f 1331/1257/1226 1332/1640/1609 1341/1639/1608 1342/1254/1223
f 1335/1261/1230 1336/1644/1613 1345/1643/1612 1346/1258/1227
f 1339/1265/1234 1340/1648/1617 1349/1647/1616 1350/1262/1231
f 1343/1269/1238 1344/1652/1621 1357/1651/1620 1358/1266/1235
f 1347/1273/1242 1348/1656/1625 1361/1655/1624 1362/1270/1239
f 1352/1277/1246 1353/1660/1629 1365/1659/1628 1366/1274/1243
f 1355/1281/1250 1356/1664/1633 1369/1663/1632 1370/1278/1247
f 1359/1285/1254 1360/1668/1637 1373/1667/1636 1374/1282/1251
f 1363/1289/1258 1364/1672/1641 1377/1671/1640 1378/1286/1255
f 1367/1293/1262 1368/1676/1645 1379/1675/1644 1380/1290/1259
f 1371/1297/1266 1372/1680/1649 1383/1679/1648 1384/1294/1263
f 1375/1301/1270 1376/1684/1653 1387/1683/1652 1388/1298/1267
f 1381/1305/1274 1382/1688/1657 1391/1687/1656 1392/1302/1271
f 1385/1309/1278 1386/1692/1661 1395/1691/1660 1396/1306/1275
f 1389/1313/1282 1390/1696/1665 1399/1695/1664 1400/1310/1279
f 1393/1317/1286 1394/1700/1669 1403/1699/1668 1404/1314/1283
f 1397/1321/1290 1398/1704/1673 1405/1703/1672 1406/1318/1287
f 1401/1325/1294 1402/1708/1677 1409/1707/1676 1410/1322/1291
f 1106/1334/1303 1107/1713/1682 1354/1712/1681 1351/1335/1304
f 1293/1541/1510 1294/1716/1685 1108/1715/1684 1105/1538/1507
f 1289/1105/1074 1290/1720/1689 1291/1719/1688 1292/1102/1071
f 1913/1974/1943 1914/1329/1298 1413/1328/1297 1414/1975/1944
f 1940/1973/1942 1937/1463/1432 1417/1462/1431 1418/1970/1939
f 1917/1966/1935 1918/1345/1314 1423/1344/1313 1424/1967/1936
f 1921/1962/1931 1922/2131/1830 1427/2173/1829 1428/1963/1932
f 1946/1856/1825 1943/1455/1424 1431/1454/1423 1432/1857/1826
f 1950/1448/1417 1947/1451/1420 1435/1450/1419 1436/1449/1418
f 1954/1444/1413 1951/1855/1824 1439/1854/1823 1440/1445/1414
f 1958/1440/1409 1955/1447/1416 1443/1446/1415 1444/1441/1410
f 1962/1436/1405 1959/1443/1412 1447/1442/1411 1448/1437/1406
f 1966/1432/1401 1963/1439/1408 1451/1438/1407 1452/1433/1402
f 1970/1428/1397 1967/1435/1404 1455/1434/1403 1456/1429/1398
f 1974/1424/1393 1971/1431/1400 1459/1430/1399 1460/1425/1394
f 1978/1420/1389 1975/1427/1396 1463/1426/1395 1464/1421/1390
f 1982/1416/1385 1979/1423/1392 1467/1422/1391 1468/1417/1386
f 1986/1412/1381 1983/1419/1388 1471/1418/1387 1472/1413/1382
f 1990/1408/1377 1987/1415/1384 1475/1414/1383 1476/1409/1378
f 1994/1404/1373 1991/1411/1380 1479/1410/1379 1480/1405/1374
f 1998/1400/1369 1995/1407/1376 1483/1406/1375 1484/1401/1370
f 1999/1396/1365 2000/1972/1941 1490/1971/1940 1487/1397/1366
f 2006/1392/1361 2003/1403/1372 1491/1402/1371 1492/1393/1362
f 2010/1388/1357 2007/1399/1368 1495/1398/1367 1496/1389/1358
f 2014/1384/1353 2011/1395/1364 1499/1394/1363 1500/1385/1354
f 2018/1380/1349 2015/1391/1360 1503/1390/1359 1504/1381/1350
f 2022/1376/1345 2019/1387/1356 1507/1386/1355 1508/1377/1346
f 2026/1372/1341 2023/1383/1352 1511/1382/1351 1512/1373/1342
f 2032/1368/1337 2029/1375/1344 1517/1374/1343 1518/1369/1338
f 2036/1364/1333 2033/1371/1340 1521/1370/1339 1522/1365/1334
f 2040/1360/1329 2037/1367/1336 1525/1366/1335 1526/1361/1330
f 2044/1356/1325 2041/1363/1332 1529/1362/1331 1530/1357/1326
f 2048/1352/1321 2045/1359/1328 1533/1358/1327 1534/1353/1322
f 2052/1348/1317 2049/1355/1324 1537/1354/1323 1538/1349/1318
f 1418/1970/1939 1419/1853/1822 1489/1852/1821 1490/1971/1940
f 1538/1349/1318 1539/1964/1933 1428/1963/1932 1429/1346/1315
f 1534/1353/1322 1535/1968/1937 1424/1967/1936 1425/1350/1319
f 1530/1357/1326 1531/1864/1833 1540/1863/1832 1537/1354/1323
f 1526/1361/1330 1527/1868/1837 1536/1867/1836 1533/1358/1327
f 1522/1365/1334 1523/1872/1841 1532/1871/1840 1529/1362/1331
f 1518/1369/1338 1519/1876/1845 1528/1875/1844 1525/1366/1335
f 1512/1373/1342 1513/1880/1849 1524/1879/1848 1521/1370/1339
f 1508/1377/1346 1509/1884/1853 1520/1883/1852 1517/1374/1343
f 1504/1381/1350 1505/1888/1857 1515/1887/1856 1516/1378/1347
f 1500/1385/1354 1501/1892/1861 1514/1891/1860 1511/1382/1351
f 1496/1389/1358 1497/1896/1865 1510/1895/1864 1507/1386/1355
f 1492/1393/1362 1493/1900/1869 1506/1899/1868 1503/1390/1359
f 1487/1397/1366 1488/1904/1873 1502/1903/1872 1499/1394/1363
f 1484/1401/1370 1485/1908/1877 1498/1907/1876 1495/1398/1367
f 1480/1405/1374 1481/1912/1881 1494/1911/1880 1491/1402/1371
f 1476/1409/1378 1477/1916/1885 1486/1915/1884 1483/1406/1375
f 1472/1413/1382 1473/1920/1889 1482/1919/1888 1479/1410/1379
f 1468/1417/1386 1469/1924/1893 1478/1923/1892 1475/1414/1383
f 1464/1421/1390 1465/1928/1897 1474/1927/1896 1471/1418/1387
f 1460/1425/1394 1461/1932/1901 1470/1931/1900 1467/1422/1391
f 1456/1429/1398 1457/1936/1905 1466/1935/1904 1463/1426/1395
f 1452/1433/1402 1453/1940/1909 1462/1939/1908 1459/1430/1399
f 1448/1437/1406 1449/1944/1913 1458/1943/1912 1455/1434/1403
f 1444/1441/1410 1445/1948/1917 1454/1947/1916 1451/1438/1407
f 1440/1445/1414 1441/1952/1921 1450/1951/1920 1447/1442/1411
f 1436/1449/1418 1437/1956/1925 1446/1955/1924 1443/1446/1415
f 1432/1857/1826 1433/1960/1929 1442/1959/1928 1439/1854/1823
f 1430/1453/1422 1427/1860/1829 1438/1859/1828 1435/1450/1419
f 1426/1457/1426 1423/1344/1313 1434/1343/1312 1431/1454/1423
f 1421/1461/1430 1422/1976/1945 1414/1975/1944 1415/1458/1427
f 1416/1465/1434 1413/1328/1297 1420/1327/1296 1417/1462/1431
f 1107/1713/1682 1108/1715/1684 1543/1714/1683 1544/1710/1679
f 1296/1596/1565 1297/1223/1192 1548/1222/1191 1549/1597/1566
f 1300/1600/1569 1301/1227/1196 1552/1226/1195 1553/1601/1570
f 1304/1612/1581 1305/1595/1564 1556/1594/1563 1557/1613/1582
f 1308/1616/1585 1309/1599/1568 1560/1598/1567 1561/1617/1586
f 1312/1620/1589 1313/1611/1580 1564/1610/1579 1565/1621/1590
f 1316/1624/1593 1317/1615/1584 1568/1614/1583 1569/1625/1594
f 1320/1628/1597 1321/1619/1588 1572/1618/1587 1573/1629/1598
f 1324/1632/1601 1325/1623/1592 1576/1622/1591 1577/1633/1602
f 1328/1636/1605 1329/1627/1596 1580/1626/1595 1581/1637/1606
f 1332/1640/1609 1333/1631/1600 1584/1630/1599 1585/1641/1610
f 1336/1644/1613 1337/1635/1604 1588/1634/1603 1589/1645/1614
f 1340/1648/1617 1341/1639/1608 1592/1638/1607 1593/1649/1618
f 1344/1652/1621 1345/1643/1612 1596/1642/1611 1597/1653/1622
f 1348/1656/1625 1349/1647/1616 1600/1646/1615 1601/1657/1626
f 1353/1660/1629 1354/1712/1681 1605/1711/1680 1606/1661/1630
f 1356/1664/1633 1357/1651/1620 1608/1650/1619 1609/1665/1634
f 1360/1668/1637 1361/1655/1624 1612/1654/1623 1613/1669/1638
f 1364/1672/1641 1365/1659/1628 1616/1658/1627 1617/1673/1642
f 1368/1676/1645 1369/1663/1632 1620/1662/1631 1621/1677/1646
f 1372/1680/1649 1373/1667/1636 1624/1666/1635 1625/1681/1650
f 1376/1684/1653 1377/1671/1640 1628/1670/1639 1629/1685/1654
f 1382/1688/1657 1383/1679/1648 1634/1678/1647 1635/1689/1658
f 1386/1692/1661 1387/1683/1652 1638/1682/1651 1639/1693/1662
f 1390/1696/1665 1391/1687/1656 1642/1686/1655 1643/1697/1666
f 1394/1700/1669 1395/1691/1660 1646/1690/1659 1647/1701/1670
f 1398/1704/1673 1399/1695/1664 1650/1694/1663 1651/1705/1674
f 1402/1708/1677 1403/1699/1668 1654/1698/1667 1655/1709/1678
f 855/1210/1179 856/1469/1438 1658/1468/1437 1659/1211/1180
f 1051/948/917 1052/1485/1454 1662/1484/1453 1663/949/918
f 1059/1582/1551 1060/2174/1450 1666/2175/1449 1667/1583/1552
f 1545/1721/1690 1546/1212/1181 1659/1211/1180 1660/1718/1687
f 1657/1717/1686 1658/1468/1437 1542/1467/1436 1543/1714/1683
f 1544/1710/1679 1541/1473/1442 1604/1472/1441 1605/1711/1680
f 1655/1709/1678 1656/1584/1553 1667/1583/1552 1668/1706/1675
f 1651/1705/1674 1652/950/919 1663/949/918 1664/1702/1671
f 1647/1701/1670 1648/1492/1461 1653/1491/1460 1654/1698/1667
f 1643/1697/1666 1644/1496/1465 1649/1495/1464 1650/1694/1663
f 1639/1693/1662 1640/1500/1469 1645/1499/1468 1646/1690/1659
f 1635/1689/1658 1636/1504/1473 1641/1503/1472 1642/1686/1655
f 1629/1685/1654 1630/1508/1477 1637/1507/1476 1638/1682/1651
f 1625/1681/1650 1626/1512/1481 1633/1511/1480 1634/1678/1647
f 1621/1677/1646 1622/1516/1485 1631/1515/1484 1632/1674/1643
f 1617/1673/1642 1618/1520/1489 1627/1519/1488 1628/1670/1639
f 1613/1669/1638 1614/1524/1493 1623/1523/1492 1624/1666/1635
f 1609/1665/1634 1610/1528/1497 1619/1527/1496 1620/1662/1631
f 1606/1661/1630 1603/1532/1501 1615/1531/1500 1616/1658/1627
f 1601/1657/1626 1602/1536/1505 1611/1535/1504 1612/1654/1623
f 1597/1653/1622 1598/1332/1301 1607/1331/1300 1608/1650/1619
f 1593/1649/1618 1594/1544/1513 1599/1543/1512 1600/1646/1615
f 1589/1645/1614 1590/1548/1517 1595/1547/1516 1596/1642/1611
f 1585/1641/1610 1586/1552/1521 1591/1551/1520 1592/1638/1607
f 1581/1637/1606 1582/1556/1525 1587/1555/1524 1588/1634/1603
f 1577/1633/1602 1578/1560/1529 1583/1559/1528 1584/1630/1599
f 1573/1629/1598 1574/1564/1533 1579/1563/1532 1580/1626/1595
f 1569/1625/1594 1570/1568/1537 1575/1567/1536 1576/1622/1591
f 1565/1621/1590 1566/1572/1541 1571/1571/1540 1572/1618/1587
f 1561/1617/1586 1562/1576/1545 1567/1575/1544 1568/1614/1583
f 1557/1613/1582 1558/1580/1549 1563/1579/1548 1564/1610/1579
f 1553/1601/1570 1554/1588/1557 1559/1587/1556 1560/1598/1567
f 1549/1597/1566 1550/1592/1561 1555/1591/1560 1556/1594/1563
f 1665/1229/1198 1666/1480/1449 1551/1479/1448 1552/1226/1195
f 1661/1225/1194 1662/1484/1453 1547/1483/1452 1548/1222/1191
f 1292/1102/1071 1293/1541/1510 1671/1540/1509 1672/1103/1072
f 868/1849/1818 869/1475/1444 1674/1474/1443 1675/1846/1815
f 1406/1318/1287 1407/1605/1574 1679/1604/1573 1680/1319/1288
f 1410/1322/1291 1411/2176/1578 1683/2177/1577 1684/1323/1292
f 1181/1740/1709 1182/1487/1456 1689/1486/1455 1690/1741/1710
f 1185/1744/1713 1186/1839/1808 1693/1838/1807 1694/1745/1714
f 1189/1748/1717 1190/1739/1708 1697/1738/1707 1698/1749/1718
f 1193/1752/1721 1194/1743/1712 1701/1742/1711 1702/1753/1722
f 1197/1756/1725 1198/1747/1716 1705/1746/1715 1706/1757/1726
f 1201/1760/1729 1202/1751/1720 1709/1750/1719 1710/1761/1730
f 1205/1764/1733 1206/1755/1724 1713/1754/1723 1714/1765/1734
f 1209/1768/1737 1210/1759/1728 1717/1758/1727 1718/1769/1738
f 1213/1772/1741 1214/1763/1732 1721/1762/1731 1722/1773/1742
f 1217/1776/1745 1218/1767/1736 1725/1766/1735 1726/1777/1746
f 1221/1780/1749 1222/1771/1740 1729/1770/1739 1730/1781/1750
f 1225/1784/1753 1226/1775/1744 1733/1774/1743 1734/1785/1754
f 1229/1788/1757 1230/1779/1748 1737/1778/1747 1738/1789/1758
f 1233/1792/1761 1234/1783/1752 1741/1782/1751 1742/1793/1762
f 1237/1796/1765 1238/1848/1817 1744/1847/1816 1745/1797/1766
f 1241/1800/1769 1242/1787/1756 1749/1786/1755 1750/1801/1770
f 1245/1804/1773 1246/1791/1760 1753/1790/1759 1754/1805/1774
f 1249/1808/1777 1250/1795/1764 1757/1794/1763 1758/1809/1778
f 1253/1812/1781 1254/1799/1768 1761/1798/1767 1762/1813/1782
f 1257/1816/1785 1258/1803/1772 1765/1802/1771 1766/1817/1786
f 1261/1820/1789 1262/1807/1776 1769/1806/1775 1770/1821/1790
f 1267/1824/1793 1268/1815/1784 1775/1814/1783 1776/1825/1794
f 1271/1828/1797 1272/1819/1788 1779/1818/1787 1780/1829/1798
f 1275/1832/1801 1276/1823/1792 1783/1822/1791 1784/1833/1802
f 1279/1836/1805 1280/1827/1796 1787/1826/1795 1788/1837/1806
f 1283/1732/1701 1284/1831/1800 1791/1830/1799 1792/1733/1702
f 1287/1736/1705 1288/1835/1804 1795/1834/1803 1796/1737/1706
f 1678/1489/1458 1679/1604/1573 1688/1603/1572 1689/1486/1455
f 1682/1841/1810 1683/1608/1577 1692/1607/1576 1693/1838/1807
f 1690/1741/1710 1687/1340/1309 1696/1339/1308 1697/1738/1707
f 1694/1745/1714 1691/1216/1185 1700/1215/1184 1701/1742/1711
f 1698/1749/1718 1695/1220/1189 1704/1219/1188 1705/1746/1715
f 1702/1753/1722 1699/1232/1201 1708/1231/1200 1709/1750/1719
f 1706/1757/1726 1703/1236/1205 1712/1235/1204 1713/1754/1723
f 1710/1761/1730 1707/1240/1209 1716/1239/1208 1717/1758/1727
f 1714/1765/1734 1711/1244/1213 1720/1243/1212 1721/1762/1731
f 1718/1769/1738 1715/1248/1217 1724/1247/1216 1725/1766/1735
f 1722/1773/1742 1719/1252/1221 1728/1251/1220 1729/1770/1739
f 1726/1777/1746 1723/1256/1225 1732/1255/1224 1733/1774/1743
f 1730/1781/1750 1727/1260/1229 1736/1259/1228 1737/1778/1747
f 1734/1785/1754 1731/1264/1233 1740/1263/1232 1741/1782/1751
f 1738/1789/1758 1735/1268/1237 1748/1267/1236 1749/1786/1755
f 1742/1793/1762 1739/1272/1241 1752/1271/1240 1753/1790/1759
f 1745/1797/1766 1746/1276/1245 1756/1275/1244 1757/1794/1763
f 1750/1801/1770 1747/1280/1249 1760/1279/1248 1761/1798/1767
f 1754/1805/1774 1751/1284/1253 1764/1283/1252 1765/1802/1771
f 1758/1809/1778 1755/1288/1257 1768/1287/1256 1769/1806/1775
f 1762/1813/1782 1759/1292/1261 1771/1291/1260 1772/1810/1779
f 1766/1817/1786 1763/1296/1265 1774/1295/1264 1775/1814/1783
f 1770/1821/1790 1767/1300/1269 1778/1299/1268 1779/1818/1787
f 1776/1825/1794 1773/1304/1273 1782/1303/1272 1783/1822/1791
f 1780/1829/1798 1777/1308/1277 1786/1307/1276 1787/1826/1795
f 1784/1833/1802 1781/1312/1281 1790/1311/1280 1791/1830/1799
f 1788/1837/1806 1785/1316/1285 1794/1315/1284 1795/1834/1803
f 1792/1733/1702 1789/1320/1289 1680/1319/1288 1677/1730/1699
f 1796/1737/1706 1793/1324/1293 1684/1323/1292 1681/1734/1703
f 1675/1846/1815 1676/1337/1306 1743/1336/1305 1744/1847/1816
f 1670/1477/1446 1671/1540/1509 1673/1539/1508 1674/1474/1443
f 1685/1725/1694 1686/1104/1073 1672/1103/1072 1669/1722/1691
f 1419/1853/1822 1420/1327/1296 1799/1326/1295 1800/1850/1819
f 1433/1960/1929 1434/1343/1312 1805/1342/1311 1806/1961/1930
f 1437/1956/1925 1438/1859/1828 1809/1858/1827 1810/1957/1926
f 1441/1952/1921 1442/1959/1928 1813/1958/1927 1814/1953/1922
f 1445/1948/1917 1446/1955/1924 1817/1954/1923 1818/1949/1918
f 1449/1944/1913 1450/1951/1920 1821/1950/1919 1822/1945/1914
f 1453/1940/1909 1454/1947/1916 1825/1946/1915 1826/1941/1910
f 1457/1936/1905 1458/1943/1912 1829/1942/1911 1830/1937/1906
f 1461/1932/1901 1462/1939/1908 1833/1938/1907 1834/1933/1902
f 1465/1928/1897 1466/1935/1904 1837/1934/1903 1838/1929/1898
f 1469/1924/1893 1470/1931/1900 1841/1930/1899 1842/1925/1894
f 1473/1920/1889 1474/1927/1896 1845/1926/1895 1846/1921/1890
f 1477/1916/1885 1478/1923/1892 1849/1922/1891 1850/1917/1886
f 1481/1912/1881 1482/1919/1888 1853/1918/1887 1854/1913/1882
f 1485/1908/1877 1486/1915/1884 1857/1914/1883 1858/1909/1878
f 1488/1904/1873 1489/1852/1821 1860/1851/1820 1861/1905/1874
f 1493/1900/1869 1494/1911/1880 1865/1910/1879 1866/1901/1870
f 1497/1896/1865 1498/1907/1876 1869/1906/1875 1870/1897/1866
f 1501/1892/1861 1502/1903/1872 1873/1902/1871 1874/1893/1862
f 1505/1888/1857 1506/1899/1868 1877/1898/1867 1878/1889/1858
f 1509/1884/1853 1510/1895/1864 1881/1894/1863 1882/1885/1854
f 1513/1880/1849 1514/1891/1860 1885/1890/1859 1886/1881/1850
f 1519/1876/1845 1520/1883/1852 1891/1882/1851 1892/1877/1846
f 1523/1872/1841 1524/1879/1848 1895/1878/1847 1896/1873/1842
f 1527/1868/1837 1528/1875/1844 1899/1874/1843 1900/1869/1838
f 1531/1864/1833 1532/1871/1840 1903/1870/1839 1904/1865/1834
f 1535/1968/1937 1536/1867/1836 1907/1866/1835 1908/1969/1938
f 1539/1964/1933 1540/1863/1832 1911/1862/1831 1912/1965/1934
f 865/876/850 866/883/857 1915/882/856 1916/877/851
f 1173/1098/1067 1174/1209/1178 1919/1208/1177 1920/1099/1068
f 1177/1094/1063 1178/2178/1174 1923/2179/1173 1924/1095/1064
f 1914/1329/1298 1915/882/856 1798/881/855 1799/1326/1295
f 1801/1977/1946 1802/878/852 1916/877/851 1913/1974/1943
f 1918/1345/1314 1919/1208/1177 1804/1207/1176 1805/1342/1311
f 1922/1861/1830 1923/1204/1173 1808/1203/1172 1809/1858/1827
f 1806/1961/1930 1803/1844/1813 1812/1843/1812 1813/1958/1927
f 1810/1957/1926 1807/1200/1169 1816/1199/1168 1817/1954/1923
f 1814/1953/1922 1811/1196/1165 1820/1195/1164 1821/1950/1919
f 1818/1949/1918 1815/1192/1161 1824/1191/1160 1825/1946/1915
f 1822/1945/1914 1819/1188/1157 1828/1187/1156 1829/1942/1911
f 1826/1941/1910 1823/1184/1153 1832/1183/1152 1833/1938/1907
f 1830/1937/1906 1827/1180/1149 1836/1179/1148 1837/1934/1903
f 1834/1933/1902 1831/1176/1145 1840/1175/1144 1841/1930/1899
f 1838/1929/1898 1835/1172/1141 1844/1171/1140 1845/1926/1895
f 1842/1925/1894 1839/1168/1137 1848/1167/1136 1849/1922/1891
f 1846/1921/1890 1843/1164/1133 1852/1163/1132 1853/1918/1887
f 1850/1917/1886 1847/1160/1129 1856/1159/1128 1857/1914/1883
f 1854/1913/1882 1851/1156/1125 1864/1155/1124 1865/1910/1879
f 1858/1909/1878 1855/1152/1121 1868/1151/1120 1869/1906/1875
f 1861/1905/1874 1862/1148/1117 1872/1147/1116 1873/1902/1871
f 1866/1901/1870 1863/1144/1113 1876/1143/1112 1877/1898/1867
f 1870/1897/1866 1867/1140/1109 1880/1139/1108 1881/1894/1863
f 1874/1893/1862 1871/1136/1105 1884/1135/1104 1885/1890/1859
f 1878/1889/1858 1875/1132/1101 1887/1131/1100 1888/1886/1855
f 1882/1885/1854 1879/1128/1097 1890/1127/1096 1891/1882/1851
f 1886/1881/1850 1883/1124/1093 1894/1123/1092 1895/1878/1847
f 1892/1877/1846 1889/1120/1089 1898/1119/1088 1899/1874/1843
f 1896/1873/1842 1893/1116/1085 1902/1115/1084 1903/1870/1839
f 1900/1869/1838 1897/1112/1081 1906/1111/1080 1907/1866/1835
f 1904/1865/1834 1901/1108/1077 1910/1107/1076 1911/1862/1831
f 1908/1969/1938 1905/1100/1069 1920/1099/1068 1917/1966/1935
f 1912/1965/1934 1909/1096/1065 1924/1095/1064 1921/1962/1931
f 1800/1850/1819 1797/1729/1698 1859/1728/1697 1860/1851/1820
f 1415/1458/1427 1416/1465/1434 1926/1464/1433 1927/1459/1428
f 1425/1350/1319 1426/1457/1426 1930/1456/1425 1931/1351/1320
f 1429/1346/1315 1430/2180/1422 1934/2181/1421 1935/1347/1316
f 849/2061/2030 850/2071/2040 1938/2070/2039 1939/2058/2027
f 1013/2056/2025 1014/2047/2016 1944/2046/2015 1945/2057/2026
f 961/2064/2033 962/2051/2020 1948/2050/2019 1949/2065/2034
f 1017/2068/2037 1018/2055/2024 1952/2054/2023 1953/2069/2038
f 965/2076/2045 966/2063/2032 1956/2062/2031 1957/2077/2046
f 1021/2080/2049 1022/2067/2036 1960/2066/2035 1961/2081/2050
f 969/2088/2057 970/2075/2044 1964/2074/2043 1965/2089/2058
f 1025/2092/2061 1026/2079/2048 1968/2078/2047 1969/2093/2062
f 973/2096/2065 974/2087/2056 1972/2086/2055 1973/2097/2066
f 1029/2100/2069 1030/2091/2060 1976/2090/2059 1977/2101/2070
f 977/2104/2073 978/2095/2064 1980/2094/2063 1981/2105/2074
f 1033/1980/1949 1034/2099/2068 1984/2098/2067 1985/1981/1950
f 981/1984/1953 982/2103/2072 1988/2102/2071 1989/1985/1954
f 1037/1988/1957 1038/1979/1948 1992/1978/1947 1993/1989/1958
f 985/1992/1961 986/1983/1952 1996/1982/1951 1997/1993/1962
f 932/1996/1965 933/2060/2029 2001/2059/2028 2002/1997/1966
f 1041/2000/1969 1042/1987/1956 2004/1986/1955 2005/2001/1970
f 989/2004/1973 990/1991/1960 2008/1990/1959 2009/2005/1974
f 937/2008/1977 938/1995/1964 2012/1994/1963 2013/2009/1978
f 1045/2012/1981 1046/1999/1968 2016/1998/1967 2017/2013/1982
f 993/2016/1985 994/2003/1972 2020/2002/1971 2021/2017/1986
f 941/2020/1989 942/2007/1976 2024/2006/1975 2025/2021/1990
f 997/2024/1993 998/2015/1984 2030/2014/1983 2031/2025/1994
f 945/2028/1997 946/2019/1988 2034/2018/1987 2035/2029/1998
f 1001/2032/2001 1002/2023/1992 2038/2022/1991 2039/2033/2002
f 949/2036/2005 950/2027/1996 2042/2026/1995 2043/2037/2006
f 1005/2040/2009 1006/2031/2000 2046/2030/1999 2047/2041/2010
f 953/2044/2013 954/2035/2004 2050/2034/2003 2051/2045/2014
f 1939/2058/2027 1940/1973/1942 2000/1972/1941 2001/2059/2028
f 2051/2045/2014 2052/1348/1317 1935/1347/1316 1936/2042/2011
f 2047/2041/2010 2048/1352/1321 1931/1351/1320 1932/2038/2007
f 2043/2037/2006 2044/1356/1325 2049/1355/1324 2050/2034/2003
f 2039/2033/2002 2040/1360/1329 2045/1359/1328 2046/2030/1999
f 2035/2029/1998 2036/1364/1333 2041/1363/1332 2042/2026/1995
f 2031/2025/1994 2032/1368/1337 2037/1367/1336 2038/2022/1991
f 2025/2021/1990 2026/1372/1341 2033/1371/1340 2034/2018/1987
f 2021/2017/1986 2022/1376/1345 2029/1375/1344 2030/2014/1983
f 2017/2013/1982 2018/1380/1349 2027/1379/1348 2028/2010/1979
f 2013/2009/1978 2014/1384/1353 2023/1383/1352 2024/2006/1975
f 2009/2005/1974 2010/1388/1357 2019/1387/1356 2020/2002/1971
f 2005/2001/1970 2006/1392/1361 2015/1391/1360 2016/1998/1967
f 2002/1997/1966 1999/1396/1365 2011/1395/1364 2012/1994/1963
f 1997/1993/1962 1998/1400/1369 2007/1399/1368 2008/1990/1959
f 1993/1989/1958 1994/1404/1373 2003/1403/1372 2004/1986/1955
f 1989/1985/1954 1990/1408/1377 1995/1407/1376 1996/1982/1951
f 1985/1981/1950 1986/1412/1381 1991/1411/1380 1992/1978/1947
f 1981/2105/2074 1982/1416/1385 1987/1415/1384 1988/2102/2071
f 1977/2101/2070 1978/1420/1389 1983/1419/1388 1984/2098/2067
f 1973/2097/2066 1974/1424/1393 1979/1423/1392 1980/2094/2063
f 1969/2093/2062 1970/1428/1397 1975/1427/1396 1976/2090/2059
f 1965/2089/2058 1966/1432/1401 1971/1431/1400 1972/2086/2055
f 1961/2081/2050 1962/1436/1405 1967/1435/1404 1968/2078/2047
f 1957/2077/2046 1958/1440/1409 1963/1439/1408 1964/2074/2043
f 1953/2069/2038 1954/1444/1413 1959/1443/1412 1960/2066/2035
f 1949/2065/2034 1950/1448/1417 1955/1447/1416 1956/2062/2031
f 1945/2057/2026 1946/1856/1825 1951/1855/1824 1952/2054/2023
f 1933/2053/2022 1934/1452/1421 1947/1451/1420 1948/2050/2019
f 1929/2049/2018 1930/1456/1425 1943/1455/1424 1944/2046/2015
f 1941/2085/2054 1942/1460/1429 1927/1459/1428 1928/2082/2051
f 1925/2073/2042 1926/1464/1433 1937/1463/1432 1938/2070/2039
f 846/862/836 843/1037/1006 2082/1036/1005 2083/863/837
f 1031/908/2112 1032/915/2113 2055/916/2126 2056/910/2125
f 2054/921/2129 1036/922/2129 1035/914/886 2055/916/888
f 979/911/883 2069/913/885 2068/919/891 980/918/890
f 2067/925/897 984/924/896 983/917/889 2068/919/891
f 2053/932/904 1040/931/903 1039/920/2130 2054/921/2130
f 2066/935/2122 2067/925/2121 987/923/2096 988/934/2097
f 934/865/839 2081/867/841 2080/1009/2131 931/1010/2131
f 2079/937/2132 936/938/2132 935/1008/2132 2080/1009/2132
f 2083/940/837 2053/932/2117 1043/930/2116 1044/941/910
f 2065/944/2123 2066/935/2122 991/933/2098 992/943/2099
f 2078/947/916 940/946/915 939/936/2133 2079/937/2133
f 2064/953/2134 996/954/2134 995/942/911 2065/944/913
f 2077/957/2120 2078/947/2119 943/945/2080 944/956/2081
f 2063/960/929 1000/959/928 999/952/2135 2064/953/2135
f 2076/963/932 948/962/931 947/955/924 2077/957/926
f 2062/966/935 1004/965/934 1003/958/927 2063/960/929
f 2075/969/938 952/968/937 951/961/930 2076/963/932
f 2061/972/941 1008/971/940 1007/964/933 2062/966/935
f 2074/974/2136 956/975/2136 955/2182/936 2075/2183/938
f 2060/885/2137 1012/886/2137 1011/970/939 2061/972/941
f 2073/888/2138 960/889/2138 959/973/2138 2074/974/2138
f 2059/891/2139 1016/892/2139 1015/884/2139 2060/885/2139
f 847/1035/2140 2082/1036/2140 2081/867/841 848/866/840
f 2072/894/2141 964/895/2141 963/887/2141 2073/888/2141
f 2058/898/872 1020/897/871 1019/890/2142 2059/891/2142
f 2071/901/875 968/900/874 967/893/2143 2072/894/2143
f 2057/904/878 1024/903/877 1023/896/870 2058/898/872
f 2070/907/881 972/906/880 971/899/873 2071/901/875
f 2056/910/2125 2057/904/2124 1027/902/2110 1028/909/2111
f 2069/913/885 976/912/884 975/905/879 2070/907/881
f 841/2165/2127 858/2107/2077 853/2106/2076 840/2166/2128
usemtl Red_
f 2149/2184/2144 2148/2185/2145 2122/2186/2146 2123/2187/2147
f 2151/2188/2148 2150/2189/2149 2136/2190/2150 2137/2191/2151
f 2152/2192/2152 2149/2184/2144 2123/2187/2147 2124/2193/2153
f 2153/2194/2154 2151/2188/2148 2137/2191/2151 2138/2195/2155
f 2154/2196/2156 2152/2192/2152 2124/2193/2153 2125/2197/2157
f 2155/2198/2158 2153/2194/2154 2138/2195/2155 2139/2199/2159
f 2156/2200/2160 2154/2201/2156 2125/2202/2157 2126/2203/2161
f 2157/2204/2162 2155/2198/2158 2139/2199/2159 2140/2205/2163
f 2158/2206/2164 2156/2200/2160 2126/2203/2161 2127/2207/2165
f 2159/2208/2166 2157/2204/2162 2140/2205/2163 2141/2209/2167
f 2160/2210/2168 2158/2206/2164 2127/2207/2165 2128/2211/2169
f 2161/2212/2170 2159/2208/2166 2141/2209/2167 2142/2213/2171
f 2162/2214/2172 2160/2210/2168 2128/2211/2169 2129/2215/2173
f 2163/2216/2174 2161/2212/2170 2142/2213/2171 2143/2217/2175
f 2164/2218/2176 2162/2214/2172 2129/2215/2173 2130/2219/2177
f 2166/2220/2178 2165/2221/2179 2116/2222/2180 2117/2223/2181
f 2167/2224/2182 2163/2216/2174 2143/2217/2175 2144/2225/2183
f 2168/2226/2184 2164/2218/2176 2130/2219/2177 2131/2227/2185
f 2169/2228/2186 2166/2220/2178 2117/2223/2181 2118/2229/2187
f 2170/2230/2188 2167/2224/2182 2144/2225/2183 2145/2231/2189
f 2171/2232/2190 2168/2226/2184 2131/2227/2185 2132/2233/2191
f 2172/2234/2192 2169/2228/2186 2118/2229/2187 2119/2235/2193
f 2173/2236/2194 2170/2230/2188 2145/2231/2189 2146/2237/2195
f 2174/2238/2196 2171/2232/2190 2132/2233/2191 2133/2239/2197
f 2175/2240/2198 2172/2234/2192 2119/2235/2193 2120/2241/2199
f 2176/2242/2200 2173/2236/2194 2146/2237/2195 2147/2243/2201
f 2177/2244/2202 2174/2238/2196 2133/2239/2197 2134/2245/2203
f 2178/2246/2204 2175/2240/2198 2120/2241/2199 2121/2247/2205
f 2165/2221/2179 2176/2242/2200 2147/2243/2201 2116/2222/2180
f 2179/2248/2206 2177/2244/2202 2134/2245/2203 2135/2249/2207
f 2148/2185/2145 2178/2246/2204 2121/2247/2205 2122/2186/2146
f 2150/2189/2149 2179/2248/2206 2135/2249/2207 2136/2190/2150
f 2104/2250/2208 2103/2251/2209 2179/2248/2206 2150/2189/2149
f 2090/2252/2210 2089/2253/2211 2178/2246/2204 2148/2185/2145
f 2103/2251/2209 2102/2254/2212 2177/2244/2202 2179/2248/2206
f 2084/2255/2213 2115/2256/2214 2176/2242/2200 2165/2221/2179
f 2089/2253/2211 2088/2257/2215 2175/2240/2198 2178/2246/2204
f 2102/2254/2212 2101/2258/2216 2174/2238/2196 2177/2244/2202
f 2115/2256/2214 2114/2259/2217 2173/2236/2194 2176/2242/2200
f 2088/2257/2215 2087/2260/2218 2172/2234/2192 2175/2240/2198
f 2101/2258/2216 2100/2261/2219 2171/2232/2190 2174/2238/2196
f 2114/2259/2217 2113/2262/2220 2170/2230/2188 2173/2236/2194
f 2087/2260/2218 2086/2263/2221 2169/2228/2186 2172/2234/2192
f 2100/2261/2219 2099/2264/2222 2168/2226/2184 2171/2232/2190
f 2113/2262/2220 2112/2265/2223 2167/2224/2182 2170/2230/2188
f 2086/2263/2221 2085/2266/2224 2166/2220/2178 2169/2228/2186
f 2099/2264/2222 2098/2267/2225 2164/2218/2176 2168/2226/2184
f 2112/2265/2223 2111/2268/2226 2163/2216/2174 2167/2224/2182
f 2085/2266/2224 2084/2255/2213 2165/2221/2179 2166/2220/2178
f 2098/2267/2225 2097/2269/2227 2162/2214/2172 2164/2218/2176
f 2111/2268/2226 2110/2270/2228 2161/2212/2170 2163/2216/2174
f 2097/2269/2227 2096/2271/2229 2160/2210/2168 2162/2214/2172
f 2110/2270/2228 2109/2272/2230 2159/2208/2166 2161/2212/2170
f 2096/2271/2229 2095/2273/2231 2158/2206/2164 2160/2210/2168
f 2109/2272/2230 2108/2274/2232 2157/2204/2162 2159/2208/2166
f 2095/2273/2231 2094/2275/2233 2156/2200/2160 2158/2206/2164
f 2108/2274/2232 2107/2276/2234 2155/2198/2158 2157/2204/2162
f 2094/2275/2233 2093/2277/2235 2154/2201/2156 2156/2200/2160
f 2107/2276/2234 2106/2278/2236 2153/2194/2154 2155/2198/2158
f 2093/2279/2235 2092/2280/2237 2152/2192/2152 2154/2196/2156
f 2106/2278/2236 2105/2281/2238 2151/2188/2148 2153/2194/2154
f 2092/2280/2237 2091/2282/2239 2149/2184/2144 2152/2192/2152
f 2105/2281/2238 2104/2250/2208 2150/2189/2149 2151/2188/2148
f 2091/2282/2239 2090/2252/2210 2148/2185/2145 2149/2184/2144
f 2131/2227/2185 2130/2219/2177 2194/2283/2240 2195/2284/2241
f 2118/2229/2187 2117/2223/2181 2181/2285/2242 2182/2286/2243
f 2145/2231/2189 2144/2225/2183 2208/2287/2244 2209/2288/2245
f 2132/2233/2191 2131/2227/2185 2195/2284/2241 2196/2289/2246
f 2119/2235/2193 2118/2229/2187 2182/2286/2243 2183/2290/2247
f 2146/2237/2195 2145/2231/2189 2209/2288/2245 2210/2291/2248
f 2133/2239/2197 2132/2233/2191 2196/2289/2246 2197/2292/2249
f 2120/2241/2199 2119/2235/2193 2183/2290/2247 2184/2293/2250
f 2147/2243/2201 2146/2237/2195 2210/2291/2248 2211/2294/2251
f 2134/2245/2203 2133/2239/2197 2197/2292/2249 2198/2295/2252
f 2121/2247/2205 2120/2241/2199 2184/2293/2250 2185/2296/2253
f 2116/2222/2180 2147/2243/2201 2211/2294/2251 2180/2297/2254
f 2135/2249/2207 2134/2245/2203 2198/2295/2252 2199/2298/2255
f 2122/2186/2146 2121/2247/2205 2185/2296/2253 2186/2299/2256
f 2136/2190/2150 2135/2249/2207 2199/2298/2255 2200/2300/2257
f 2123/2187/2147 2122/2186/2146 2186/2299/2256 2187/2301/2258
f 2137/2191/2151 2136/2190/2150 2200/2300/2257 2201/2302/2259
f 2124/2193/2153 2123/2187/2147 2187/2301/2258 2188/2303/2260
f 2138/2195/2155 2137/2191/2151 2201/2302/2259 2202/2304/2261
f 2125/2197/2157 2124/2193/2153 2188/2303/2260 2189/2305/2262
f 2139/2199/2159 2138/2195/2155 2202/2304/2261 2203/2306/2263
f 2126/2203/2161 2125/2202/2157 2189/2307/2262 2190/2308/2264
f 2140/2205/2163 2139/2199/2159 2203/2306/2263 2204/2309/2265
f 2127/2207/2165 2126/2203/2161 2190/2308/2264 2191/2310/2266
f 2141/2209/2167 2140/2205/2163 2204/2309/2265 2205/2311/2267
f 2128/2211/2169 2127/2207/2165 2191/2310/2266 2192/2312/2268
f 2142/2213/2171 2141/2209/2167 2205/2311/2267 2206/2313/2269
f 2129/2215/2173 2128/2211/2169 2192/2312/2268 2193/2314/2270
f 2143/2217/2175 2142/2213/2171 2206/2313/2269 2207/2315/2271
f 2130/2219/2177 2129/2215/2173 2193/2314/2270 2194/2283/2240
f 2117/2223/2181 2116/2222/2180 2180/2297/2254 2181/2285/2242
f 2144/2225/2183 2143/2217/2175 2207/2315/2271 2208/2287/2244
f 2201/2302/2259 2200/2300/2257 2232/2316/2272 2233/2317/2273
f 2188/2303/2260 2187/2301/2258 2219/2318/2274 2220/2319/2275
f 2202/2304/2261 2201/2302/2259 2233/2317/2273 2234/2320/2276
f 2189/2305/2262 2188/2303/2260 2220/2319/2275 2221/2321/2277
f 2203/2306/2263 2202/2304/2261 2234/2320/2276 2235/2322/2278
f 2190/2308/2264 2189/2307/2262 2221/2323/2277 2222/2324/2279
f 2204/2309/2265 2203/2306/2263 2235/2322/2278 2236/2325/2280
f 2191/2310/2266 2190/2308/2264 2222/2324/2279 2223/2326/2281
f 2205/2311/2267 2204/2309/2265 2236/2325/2280 2237/2327/2282
f 2192/2312/2268 2191/2310/2266 2223/2326/2281 2224/2328/2283
f 2206/2313/2269 2205/2311/2267 2237/2327/2282 2238/2329/2284
f 2193/2314/2270 2192/2312/2268 2224/2328/2283 2225/2330/2285
f 2207/2315/2271 2206/2313/2269 2238/2329/2284 2239/2331/2286
f 2194/2283/2240 2193/2314/2270 2225/2330/2285 2226/2332/2287
f 2181/2285/2242 2180/2297/2254 2212/2333/2288 2213/2334/2289
f 2208/2287/2244 2207/2315/2271 2239/2331/2286 2240/2335/2290
f 2195/2284/2241 2194/2283/2240 2226/2332/2287 2227/2336/2291
f 2182/2286/2243 2181/2285/2242 2213/2334/2289 2214/2337/2292
f 2209/2288/2245 2208/2287/2244 2240/2335/2290 2241/2338/2293
f 2196/2289/2246 2195/2284/2241 2227/2336/2291 2228/2339/2294
f 2183/2290/2247 2182/2286/2243 2214/2337/2292 2215/2340/2295
f 2210/2291/2248 2209/2288/2245 2241/2338/2293 2242/2341/2296
f 2197/2292/2249 2196/2289/2246 2228/2339/2294 2229/2342/2297
f 2184/2293/2250 2183/2290/2247 2215/2340/2295 2216/2343/2298
f 2211/2294/2251 2210/2291/2248 2242/2341/2296 2243/2344/2299
f 2198/2295/2252 2197/2292/2249 2229/2342/2297 2230/2345/2300
f 2185/2296/2253 2184/2293/2250 2216/2343/2298 2217/2346/2301
f 2180/2297/2254 2211/2294/2251 2243/2344/2299 2212/2333/2288
f 2199/2298/2255 2198/2295/2252 2230/2345/2300 2231/2347/2302
f 2186/2299/2256 2185/2296/2253 2217/2346/2301 2218/2348/2303
f 2200/2300/2257 2199/2298/2255 2231/2347/2302 2232/2316/2272
f 2187/2301/2258 2186/2299/2256 2218/2348/2303 2219/2318/2274
f 2236/2325/2280 2235/2322/2278 2267/2349/2304 2268/2350/2305
f 2223/2326/2281 2222/2324/2279 2254/2351/2306 2255/2352/2307
f 2237/2327/2282 2236/2325/2280 2268/2350/2305 2269/2353/2308
f 2224/2328/2283 2223/2326/2281 2255/2352/2307 2256/2354/2309
f 2238/2329/2284 2237/2327/2282 2269/2353/2308 2270/2355/2310
f 2225/2330/2285 2224/2328/2283 2256/2354/2309 2257/2356/2311
f 2239/2331/2286 2238/2329/2284 2270/2355/2310 2271/2357/2312
f 2226/2332/2287 2225/2330/2285 2257/2356/2311 2258/2358/2313
f 2213/2334/2289 2212/2333/2288 2244/2359/2314 2245/2360/2315
f 2240/2335/2290 2239/2331/2286 2271/2357/2312 2272/2361/2316
f 2227/2336/2291 2226/2332/2287 2258/2358/2313 2259/2362/2317
f 2214/2337/2292 2213/2334/2289 2245/2360/2315 2246/2363/2318
f 2241/2338/2293 2240/2335/2290 2272/2361/2316 2273/2364/2319
f 2228/2339/2294 2227/2336/2291 2259/2362/2317 2260/2365/2320
f 2215/2340/2295 2214/2337/2292 2246/2363/2318 2247/2366/2321
f 2242/2341/2296 2241/2338/2293 2273/2364/2319 2274/2367/2322
f 2229/2342/2297 2228/2339/2294 2260/2365/2320 2261/2368/2323
f 2216/2343/2298 2215/2340/2295 2247/2366/2321 2248/2369/2324
f 2243/2344/2299 2242/2341/2296 2274/2367/2322 2275/2370/2325
f 2230/2345/2300 2229/2342/2297 2261/2368/2323 2262/2371/2326
f 2217/2346/2301 2216/2343/2298 2248/2369/2324 2249/2372/2327
f 2212/2333/2288 2243/2344/2299 2275/2370/2325 2244/2359/2314
f 2231/2347/2302 2230/2345/2300 2262/2371/2326 2263/2373/2328
f 2218/2348/2303 2217/2346/2301 2249/2372/2327 2250/2374/2329
f 2232/2316/2272 2231/2347/2302 2263/2373/2328 2264/2375/2330
f 2219/2318/2274 2218/2348/2303 2250/2374/2329 2251/2376/2331
f 2233/2317/2273 2232/2316/2272 2264/2375/2330 2265/2377/2332
f 2220/2319/2275 2219/2318/2274 2251/2376/2331 2252/2378/2333
f 2234/2320/2276 2233/2317/2273 2265/2377/2332 2266/2379/2334
f 2221/2321/2277 2220/2319/2275 2252/2378/2333 2253/2380/2335
f 2235/2322/2278 2234/2320/2276 2266/2379/2334 2267/2349/2304
f 2222/2324/2279 2221/2323/2277 2253/2381/2335 2254/2351/2306
f 2271/2357/2312 2270/2355/2310 2302/2382/2336 2303/2383/2337
f 2258/2358/2313 2257/2356/2311 2289/2384/2338 2290/2385/2339
f 2245/2360/2315 2244/2359/2314 2276/2386/2340 2277/2387/2341
f 2272/2361/2316 2271/2357/2312 2303/2383/2337 2304/2388/2342
f 2259/2362/2317 2258/2358/2313 2290/2385/2339 2291/2389/2343
f 2246/2363/2318 2245/2360/2315 2277/2387/2341 2278/2390/2344
f 2273/2364/2319 2272/2361/2316 2304/2388/2342 2305/2391/2345
f 2260/2365/2320 2259/2362/2317 2291/2389/2343 2292/2392/2346
f 2247/2366/2321 2246/2363/2318 2278/2390/2344 2279/2393/2347
f 2274/2367/2322 2273/2364/2319 2305/2391/2345 2306/2394/2348
f 2261/2368/2323 2260/2365/2320 2292/2392/2346 2293/2395/2349
f 2248/2369/2324 2247/2366/2321 2279/2393/2347 2280/2396/2350
f 2275/2370/2325 2274/2367/2322 2306/2394/2348 2307/2397/2351
f 2262/2371/2326 2261/2368/2323 2293/2395/2349 2294/2398/2352
f 2249/2372/2327 2248/2369/2324 2280/2396/2350 2281/2399/2353
f 2244/2359/2314 2275/2370/2325 2307/2397/2351 2276/2386/2340
f 2263/2373/2328 2262/2371/2326 2294/2398/2352 2295/2400/2354
f 2250/2374/2329 2249/2372/2327 2281/2399/2353 2282/2401/2355
f 2264/2375/2330 2263/2373/2328 2295/2400/2354 2296/2402/2356
f 2251/2376/2331 2250/2374/2329 2282/2401/2355 2283/2403/2357
f 2265/2377/2332 2264/2375/2330 2296/2402/2356 2297/2404/2358
f 2252/2378/2333 2251/2376/2331 2283/2403/2357 2284/2405/2359
f 2266/2379/2334 2265/2377/2332 2297/2404/2358 2298/2406/2360
f 2253/2380/2335 2252/2378/2333 2284/2405/2359 2285/2407/2361
f 2267/2349/2304 2266/2379/2334 2298/2406/2360 2299/2408/2362
f 2254/2351/2306 2253/2381/2335 2285/2409/2361 2286/2410/2363
f 2268/2350/2305 2267/2349/2304 2299/2408/2362 2300/2411/2364
f 2255/2352/2307 2254/2351/2306 2286/2410/2363 2287/2412/2365
f 2269/2353/2308 2268/2350/2305 2300/2411/2364 2301/2413/2366
f 2256/2354/2309 2255/2352/2307 2287/2412/2365 2288/2414/2367
f 2270/2355/2310 2269/2353/2308 2301/2413/2366 2302/2382/2336
f 2257/2356/2311 2256/2354/2309 2288/2414/2367 2289/2384/2338
f 2341/2415/2368 2340/2416/2369 2315/2417/2370 2314/2418/2371
f 2343/2419/2372 2342/2420/2373 2329/2421/2374 2328/2422/2375
f 2340/2416/2369 2344/2423/2376 2316/2424/2377 2315/2417/2370
f 2342/2420/2373 2345/2425/2378 2330/2426/2379 2329/2421/2374
f 2344/2423/2376 2346/2427/2380 2317/2428/2381 2316/2424/2377
f 2345/2425/2378 2347/2429/2382 2331/2430/2383 2330/2426/2379
f 2346/2431/2380 2348/2432/2384 2318/2433/2385 2317/2434/2381
f 2347/2429/2382 2349/2435/2386 2332/2436/2387 2331/2430/2383
f 2348/2432/2384 2350/2437/2388 2319/2438/2389 2318/2433/2385
f 2349/2435/2386 2351/2439/2390 2333/2440/2391 2332/2436/2387
f 2350/2437/2388 2352/2441/2392 2320/2442/2393 2319/2438/2389
f 2351/2439/2390 2353/2443/2394 2334/2444/2395 2333/2440/2391
f 2352/2441/2392 2354/2445/2396 2321/2446/2397 2320/2442/2393
f 2353/2443/2394 2355/2447/2398 2335/2448/2399 2334/2444/2395
f 2354/2445/2396 2356/2449/2400 2322/2450/2401 2321/2446/2397
f 2358/2451/2402 2357/2452/2403 2309/2453/2404 2308/2454/2405
f 2355/2447/2398 2359/2455/2406 2336/2456/2407 2335/2448/2399
f 2356/2449/2400 2360/2457/2408 2323/2458/2409 2322/2450/2401
f 2357/2452/2403 2361/2459/2410 2310/2460/2411 2309/2453/2404
f 2359/2455/2406 2362/2461/2412 2337/2462/2413 2336/2456/2407
f 2360/2457/2408 2363/2463/2414 2324/2464/2415 2323/2458/2409
f 2361/2459/2410 2364/2465/2416 2311/2466/2417 2310/2460/2411
f 2362/2461/2412 2365/2467/2418 2338/2468/2419 2337/2462/2413
f 2363/2463/2414 2366/2469/2420 2325/2470/2421 2324/2464/2415
f 2364/2465/2416 2367/2471/2422 2312/2472/2423 2311/2466/2417
f 2365/2467/2418 2368/2473/2424 2339/2474/2425 2338/2468/2419
f 2366/2469/2420 2369/2475/2426 2326/2476/2427 2325/2470/2421
f 2367/2471/2422 2370/2477/2428 2313/2478/2429 2312/2472/2423
f 2368/2473/2424 2358/2451/2402 2308/2454/2405 2339/2474/2425
f 2369/2475/2426 2371/2479/2430 2327/2480/2431 2326/2476/2427
f 2370/2477/2428 2341/2415/2368 2314/2418/2371 2313/2478/2429
f 2371/2479/2430 2343/2419/2372 2328/2422/2375 2327/2480/2431
f 2103/2251/2209 2104/2250/2208 2343/2419/2372 2371/2479/2430
f 2089/2253/2211 2090/2252/2210 2341/2415/2368 2370/2477/2428
f 2102/2254/2212 2103/2251/2209 2371/2479/2430 2369/2475/2426
f 2115/2256/2214 2084/2255/2213 2358/2451/2402 2368/2473/2424
f 2088/2257/2215 2089/2253/2211 2370/2477/2428 2367/2471/2422
f 2101/2258/2216 2102/2254/2212 2369/2475/2426 2366/2469/2420
f 2114/2259/2217 2115/2256/2214 2368/2473/2424 2365/2467/2418
f 2087/2260/2218 2088/2257/2215 2367/2471/2422 2364/2465/2416
f 2100/2261/2219 2101/2258/2216 2366/2469/2420 2363/2463/2414
f 2113/2262/2220 2114/2259/2217 2365/2467/2418 2362/2461/2412
f 2086/2263/2221 2087/2260/2218 2364/2465/2416 2361/2459/2410
f 2099/2264/2222 2100/2261/2219 2363/2463/2414 2360/2457/2408
f 2112/2265/2223 2113/2262/2220 2362/2461/2412 2359/2455/2406
f 2085/2266/2224 2086/2263/2221 2361/2459/2410 2357/2452/2403
f 2098/2267/2225 2099/2264/2222 2360/2457/2408 2356/2449/2400
f 2111/2268/2226 2112/2265/2223 2359/2455/2406 2355/2447/2398
f 2084/2255/2213 2085/2266/2224 2357/2452/2403 2358/2451/2402
f 2097/2269/2227 2098/2267/2225 2356/2449/2400 2354/2445/2396
f 2110/2270/2228 2111/2268/2226 2355/2447/2398 2353/2443/2394
f 2096/2271/2229 2097/2269/2227 2354/2445/2396 2352/2441/2392
f 2109/2272/2230 2110/2270/2228 2353/2443/2394 2351/2439/2390
f 2095/2273/2231 2096/2271/2229 2352/2441/2392 2350/2437/2388
f 2108/2274/2232 2109/2272/2230 2351/2439/2390 2349/2435/2386
f 2094/2275/2233 2095/2273/2231 2350/2437/2388 2348/2432/2384
f 2107/2276/2234 2108/2274/2232 2349/2435/2386 2347/2429/2382
f 2093/2277/2235 2094/2275/2233 2348/2432/2384 2346/2431/2380
f 2106/2278/2236 2107/2276/2234 2347/2429/2382 2345/2425/2378
f 2092/2280/2237 2093/2279/2235 2346/2427/2380 2344/2423/2376
f 2105/2281/2238 2106/2278/2236 2345/2425/2378 2342/2420/2373
f 2091/2282/2239 2092/2280/2237 2344/2423/2376 2340/2416/2369
f 2104/2250/2208 2105/2281/2238 2342/2420/2373 2343/2419/2372
f 2090/2252/2210 2091/2282/2239 2340/2416/2369 2341/2415/2368
f 2329/2421/2374 2393/2481/2432 2392/2482/2433 2328/2422/2375
f 2316/2424/2377 2380/2483/2434 2379/2484/2435 2315/2417/2370
f 2330/2426/2379 2394/2485/2436 2393/2481/2432 2329/2421/2374
f 2317/2428/2381 2381/2486/2437 2380/2483/2434 2316/2424/2377
f 2331/2430/2383 2395/2487/2438 2394/2485/2436 2330/2426/2379
f 2318/2433/2385 2382/2488/2439 2381/2489/2437 2317/2434/2381
f 2332/2436/2387 2396/2490/2440 2395/2487/2438 2331/2430/2383
f 2319/2438/2389 2383/2491/2441 2382/2488/2439 2318/2433/2385
f 2333/2440/2391 2397/2492/2442 2396/2490/2440 2332/2436/2387
f 2320/2442/2393 2384/2493/2443 2383/2491/2441 2319/2438/2389
f 2334/2444/2395 2398/2494/2444 2397/2492/2442 2333/2440/2391
f 2321/2446/2397 2385/2495/2445 2384/2493/2443 2320/2442/2393
f 2335/2448/2399 2399/2496/2446 2398/2494/2444 2334/2444/2395
f 2322/2450/2401 2386/2497/2447 2385/2495/2445 2321/2446/2397
f 2336/2456/2407 2400/2498/2448 2399/2496/2446 2335/2448/2399
f 2323/2458/2409 2387/2499/2449 2386/2497/2447 2322/2450/2401
f 2310/2460/2411 2374/2500/2450 2373/2501/2451 2309/2453/2404
f 2337/2462/2413 2401/2502/2452 2400/2498/2448 2336/2456/2407
f 2324/2464/2415 2388/2503/2453 2387/2499/2449 2323/2458/2409
f 2311/2466/2417 2375/2504/2454 2374/2500/2450 2310/2460/2411
f 2338/2468/2419 2402/2505/2455 2401/2502/2452 2337/2462/2413
f 2325/2470/2421 2389/2506/2456 2388/2503/2453 2324/2464/2415
f 2312/2472/2423 2376/2507/2457 2375/2504/2454 2311/2466/2417
f 2339/2474/2425 2403/2508/2458 2402/2505/2455 2338/2468/2419
f 2326/2476/2427 2390/2509/2459 2389/2506/2456 2325/2470/2421
f 2313/2478/2429 2377/2510/2460 2376/2507/2457 2312/2472/2423
f 2308/2454/2405 2372/2511/2461 2403/2508/2458 2339/2474/2425
f 2327/2480/2431 2391/2512/2462 2390/2509/2459 2326/2476/2427
f 2314/2418/2371 2378/2513/2463 2377/2510/2460 2313/2478/2429
f 2328/2422/2375 2392/2482/2433 2391/2512/2462 2327/2480/2431
f 2315/2417/2370 2379/2484/2435 2378/2513/2463 2314/2418/2371
f 2309/2453/2404 2373/2501/2451 2372/2511/2461 2308/2454/2405
f 2376/2507/2457 2377/2510/2460 2409/2514/2464 2408/2515/2465
f 2403/2508/2458 2372/2511/2461 2404/2516/2466 2435/2517/2467
f 2390/2509/2459 2391/2512/2462 2423/2518/2468 2422/2519/2469
f 2377/2510/2460 2378/2513/2463 2410/2520/2470 2409/2514/2464
f 2391/2512/2462 2392/2482/2433 2424/2521/2471 2423/2518/2468
f 2378/2513/2463 2379/2484/2435 2411/2522/2472 2410/2520/2470
f 2392/2482/2433 2393/2481/2432 2425/2523/2473 2424/2521/2471
f 2379/2484/2435 2380/2483/2434 2412/2524/2474 2411/2522/2472
f 2393/2481/2432 2394/2485/2436 2426/2525/2475 2425/2523/2473
f 2380/2483/2434 2381/2486/2437 2413/2526/2476 2412/2524/2474
f 2394/2485/2436 2395/2487/2438 2427/2527/2477 2426/2525/2475
f 2381/2489/2437 2382/2488/2439 2414/2528/2478 2413/2529/2476
f 2395/2487/2438 2396/2490/2440 2428/2530/2479 2427/2527/2477
f 2382/2488/2439 2383/2491/2441 2415/2531/2480 2414/2528/2478
f 2396/2490/2440 2397/2492/2442 2429/2532/2481 2428/2530/2479
f 2383/2491/2441 2384/2493/2443 2416/2533/2482 2415/2531/2480
f 2397/2492/2442 2398/2494/2444 2430/2534/2483 2429/2532/2481
f 2384/2493/2443 2385/2495/2445 2417/2535/2484 2416/2533/2482
f 2398/2494/2444 2399/2496/2446 2431/2536/2485 2430/2534/2483
f 2385/2495/2445 2386/2497/2447 2418/2537/2486 2417/2535/2484
f 2372/2511/2461 2373/2501/2451 2405/2538/2487 2404/2516/2466
f 2399/2496/2446 2400/2498/2448 2432/2539/2488 2431/2536/2485
f 2386/2497/2447 2387/2499/2449 2419/2540/2489 2418/2537/2486
f 2373/2501/2451 2374/2500/2450 2406/2541/2490 2405/2538/2487
f 2400/2498/2448 2401/2502/2452 2433/2542/2491 2432/2539/2488
f 2387/2499/2449 2388/2503/2453 2420/2543/2492 2419/2540/2489
f 2374/2500/2450 2375/2504/2454 2407/2544/2493 2406/2541/2490
f 2401/2502/2452 2402/2505/2455 2434/2545/2494 2433/2542/2491
f 2388/2503/2453 2389/2506/2456 2421/2546/2495 2420/2543/2492
f 2375/2504/2454 2376/2507/2457 2408/2515/2465 2407/2544/2493
f 2402/2505/2455 2403/2508/2458 2435/2517/2467 2434/2545/2494
f 2389/2506/2456 2390/2509/2459 2422/2519/2469 2421/2546/2495
f 2469/2547/2496 2468/2548/2497 2444/2549/2498 2443/2550/2499
f 2471/2551/2500 2470/2552/2501 2458/2553/2502 2457/2554/2503
f 2468/2548/2497 2472/2555/2504 2445/2556/2505 2444/2549/2498
f 2470/2552/2501 2473/2557/2506 2459/2558/2507 2458/2553/2502
f 2472/2559/2504 2474/2560/2508 2446/2561/2509 2445/2562/2505
f 2473/2557/2506 2475/2563/2510 2460/2564/2511 2459/2558/2507
f 2474/2560/2508 2476/2565/2512 2447/2566/2513 2446/2561/2509
f 2475/2563/2510 2477/2567/2514 2461/2568/2515 2460/2564/2511
f 2476/2565/2512 2478/2569/2516 2448/2570/2517 2447/2566/2513
f 2477/2567/2514 2479/2571/2518 2462/2572/2519 2461/2568/2515
f 2478/2569/2516 2480/2573/2520 2449/2574/2521 2448/2570/2517
f 2479/2571/2518 2481/2575/2522 2463/2576/2523 2462/2572/2519
f 2480/2573/2520 2482/2577/2524 2450/2578/2525 2449/2574/2521
f 2484/2579/2526 2483/2580/2527 2437/2581/2528 2436/2582/2529
f 2481/2575/2522 2485/2583/2530 2464/2584/2531 2463/2576/2523
f 2482/2577/2524 2486/2585/2532 2451/2586/2533 2450/2578/2525
f 2483/2580/2527 2487/2587/2534 2438/2588/2535 2437/2581/2528
f 2485/2583/2530 2488/2589/2536 2465/2590/2537 2464/2584/2531
f 2486/2585/2532 2489/2591/2538 2452/2592/2539 2451/2586/2533
f 2487/2587/2534 2490/2593/2540 2439/2594/2541 2438/2588/2535
f 2488/2589/2536 2491/2595/2542 2466/2596/2543 2465/2590/2537
f 2489/2591/2538 2492/2597/2544 2453/2598/2545 2452/2592/2539
f 2490/2593/2540 2493/2599/2546 2440/2600/2547 2439/2594/2541
f 2491/2595/2542 2494/2601/2548 2467/2602/2549 2466/2596/2543
f 2492/2597/2544 2495/2603/2550 2454/2604/2551 2453/2598/2545
f 2493/2599/2546 2496/2605/2552 2441/2606/2553 2440/2600/2547
f 2494/2601/2548 2484/2579/2526 2436/2582/2529 2467/2602/2549
f 2495/2603/2550 2497/2607/2554 2455/2608/2555 2454/2604/2551
f 2496/2605/2552 2498/2609/2556 2442/2610/2557 2441/2606/2553
f 2497/2607/2554 2499/2611/2558 2456/2612/2559 2455/2608/2555
f 2498/2609/2556 2469/2547/2496 2443/2550/2499 2442/2610/2557
f 2499/2611/2558 2471/2551/2500 2457/2554/2503 2456/2612/2559
f 2424/2521/2471 2425/2523/2473 2471/2551/2500 2499/2611/2558
f 2410/2520/2470 2411/2522/2472 2469/2547/2496 2498/2609/2556
f 2423/2518/2468 2424/2521/2471 2499/2611/2558 2497/2607/2554
f 2409/2514/2464 2410/2520/2470 2498/2609/2556 2496/2605/2552
f 2422/2519/2469 2423/2518/2468 2497/2607/2554 2495/2603/2550
f 2435/2517/2467 2404/2516/2466 2484/2579/2526 2494/2601/2548
f 2408/2515/2465 2409/2514/2464 2496/2605/2552 2493/2599/2546
f 2421/2546/2495 2422/2519/2469 2495/2603/2550 2492/2597/2544
f 2434/2545/2494 2435/2517/2467 2494/2601/2548 2491/2595/2542
f 2407/2544/2493 2408/2515/2465 2493/2599/2546 2490/2593/2540
f 2420/2543/2492 2421/2546/2495 2492/2597/2544 2489/2591/2538
f 2433/2542/2491 2434/2545/2494 2491/2595/2542 2488/2589/2536
f 2406/2541/2490 2407/2544/2493 2490/2593/2540 2487/2587/2534
f 2419/2540/2489 2420/2543/2492 2489/2591/2538 2486/2585/2532
f 2432/2539/2488 2433/2542/2491 2488/2589/2536 2485/2583/2530
f 2405/2538/2487 2406/2541/2490 2487/2587/2534 2483/2580/2527
f 2418/2537/2486 2419/2540/2489 2486/2585/2532 2482/2577/2524
f 2431/2536/2485 2432/2539/2488 2485/2583/2530 2481/2575/2522
f 2404/2516/2466 2405/2538/2487 2483/2580/2527 2484/2579/2526
f 2417/2535/2484 2418/2537/2486 2482/2577/2524 2480/2573/2520
f 2430/2534/2483 2431/2536/2485 2481/2575/2522 2479/2571/2518
f 2416/2533/2482 2417/2535/2484 2480/2573/2520 2478/2569/2516
f 2429/2532/2481 2430/2534/2483 2479/2571/2518 2477/2567/2514
f 2415/2531/2480 2416/2533/2482 2478/2569/2516 2476/2565/2512
f 2428/2530/2479 2429/2532/2481 2477/2567/2514 2475/2563/2510
f 2414/2528/2478 2415/2531/2480 2476/2565/2512 2474/2560/2508
f 2427/2527/2477 2428/2530/2479 2475/2563/2510 2473/2557/2506
f 2413/2529/2476 2414/2528/2478 2474/2560/2508 2472/2559/2504
f 2426/2525/2475 2427/2527/2477 2473/2557/2506 2470/2552/2501
f 2412/2524/2474 2413/2526/2476 2472/2555/2504 2468/2548/2497
f 2425/2523/2473 2426/2525/2475 2470/2552/2501 2471/2551/2500
f 2411/2522/2472 2412/2524/2474 2468/2548/2497 2469/2547/2496
f 2446/2561/2509 2447/2566/2513 2511/2613/2560 2510/2614/2561
f 2460/2564/2511 2461/2568/2515 2525/2615/2562 2524/2616/2563
f 2447/2566/2513 2448/2570/2517 2512/2617/2564 2511/2613/2560
f 2461/2568/2515 2462/2572/2519 2526/2618/2565 2525/2615/2562
f 2448/2570/2517 2449/2574/2521 2513/2619/2566 2512/2617/2564
f 2462/2572/2519 2463/2576/2523 2527/2620/2567 2526/2618/2565
f 2449/2574/2521 2450/2578/2525 2514/2621/2568 2513/2619/2566
f 2436/2582/2529 2437/2581/2528 2501/2622/2569 2500/2623/2570
f 2463/2576/2523 2464/2584/2531 2528/2624/2571 2527/2620/2567
f 2450/2578/2525 2451/2586/2533 2515/2625/2572 2514/2621/2568
f 2437/2581/2528 2438/2588/2535 2502/2626/2573 2501/2622/2569
f 2464/2584/2531 2465/2590/2537 2529/2627/2574 2528/2624/2571
f 2451/2586/2533 2452/2592/2539 2516/2628/2575 2515/2625/2572
f 2438/2588/2535 2439/2594/2541 2503/2629/2576 2502/2626/2573
f 2465/2590/2537 2466/2596/2543 2530/2630/2577 2529/2627/2574
f 2452/2592/2539 2453/2598/2545 2517/2631/2578 2516/2628/2575
f 2439/2594/2541 2440/2600/2547 2504/2632/2579 2503/2629/2576
f 2466/2596/2543 2467/2602/2549 2531/2633/2580 2530/2630/2577
f 2453/2598/2545 2454/2604/2551 2518/2634/2581 2517/2631/2578
f 2440/2600/2547 2441/2606/2553 2505/2635/2582 2504/2632/2579
f 2467/2602/2549 2436/2582/2529 2500/2623/2570 2531/2633/2580
f 2454/2604/2551 2455/2608/2555 2519/2636/2583 2518/2634/2581
f 2441/2606/2553 2442/2610/2557 2506/2637/2584 2505/2635/2582
f 2455/2608/2555 2456/2612/2559 2520/2638/2585 2519/2636/2583
f 2442/2610/2557 2443/2550/2499 2507/2639/2586 2506/2637/2584
f 2456/2612/2559 2457/2554/2503 2521/2640/2587 2520/2638/2585
f 2443/2550/2499 2444/2549/2498 2508/2641/2588 2507/2639/2586
f 2457/2554/2503 2458/2553/2502 2522/2642/2589 2521/2640/2587
f 2444/2549/2498 2445/2556/2505 2509/2643/2590 2508/2641/2588
f 2458/2553/2502 2459/2558/2507 2523/2644/2591 2522/2642/2589
f 2445/2562/2505 2446/2561/2509 2510/2614/2561 2509/2645/2590
f 2459/2558/2507 2460/2564/2511 2524/2616/2563 2523/2644/2591
f 2516/2628/2575 2517/2631/2578 2549/2646/2592 2548/2647/2593
f 2503/2629/2576 2504/2632/2579 2536/2648/2594 2535/2649/2595
f 2530/2630/2577 2531/2633/2580 2563/2650/2596 2562/2651/2597
f 2517/2631/2578 2518/2634/2581 2550/2652/2598 2549/2646/2592
f 2504/2632/2579 2505/2635/2582 2537/2653/2599 2536/2648/2594
f 2531/2633/2580 2500/2623/2570 2532/2654/2600 2563/2650/2596
f 2518/2634/2581 2519/2636/2583 2551/2655/2601 2550/2652/2598
f 2505/2635/2582 2506/2637/2584 2538/2656/2602 2537/2653/2599
f 2519/2636/2583 2520/2638/2585 2552/2657/2603 2551/2655/2601
f 2506/2637/2584 2507/2639/2586 2539/2658/2604 2538/2656/2602
f 2520/2638/2585 2521/2640/2587 2553/2659/2605 2552/2657/2603
f 2507/2639/2586 2508/2641/2588 2540/2660/2606 2539/2658/2604
f 2521/2640/2587 2522/2642/2589 2554/2661/2607 2553/2659/2605
f 2508/2641/2588 2509/2643/2590 2541/2662/2608 2540/2660/2606
f 2522/2642/2589 2523/2644/2591 2555/2663/2609 2554/2661/2607
f 2509/2645/2590 2510/2614/2561 2542/2664/2610 2541/2665/2608
f 2523/2644/2591 2524/2616/2563 2556/2666/2611 2555/2663/2609
f 2510/2614/2561 2511/2613/2560 2543/2667/2612 2542/2664/2610
f 2524/2616/2563 2525/2615/2562 2557/2668/2613 2556/2666/2611
f 2511/2613/2560 2512/2617/2564 2544/2669/2614 2543/2667/2612
f 2525/2615/2562 2526/2618/2565 2558/2670/2615 2557/2668/2613
f 2512/2617/2564 2513/2619/2566 2545/2671/2616 2544/2669/2614
f 2526/2618/2565 2527/2620/2567 2559/2672/2617 2558/2670/2615
f 2513/2619/2566 2514/2621/2568 2546/2673/2618 2545/2671/2616
f 2500/2623/2570 2501/2622/2569 2533/2674/2619 2532/2654/2600
f 2527/2620/2567 2528/2624/2571 2560/2675/2620 2559/2672/2617
f 2514/2621/2568 2515/2625/2572 2547/2676/2621 2546/2673/2618
f 2501/2622/2569 2502/2626/2573 2534/2677/2622 2533/2674/2619
f 2528/2624/2571 2529/2627/2574 2561/2678/2623 2560/2675/2620
f 2515/2625/2572 2516/2628/2575 2548/2647/2593 2547/2676/2621
f 2502/2626/2573 2503/2629/2576 2535/2649/2595 2534/2677/2622
f 2529/2627/2574 2530/2630/2577 2562/2651/2597 2561/2678/2623
f 2551/2655/2601 2552/2657/2603 2584/2679/2624 2583/2680/2625
f 2538/2656/2602 2539/2658/2604 2571/2681/2626 2570/2682/2627
f 2552/2657/2603 2553/2659/2605 2585/2683/2628 2584/2679/2624
f 2539/2658/2604 2540/2660/2606 2572/2684/2629 2571/2681/2626
f 2553/2659/2605 2554/2661/2607 2586/2685/2630 2585/2683/2628
f 2540/2660/2606 2541/2662/2608 2573/2686/2631 2572/2684/2629
f 2554/2661/2607 2555/2663/2609 2587/2687/2632 2586/2685/2630
f 2541/2665/2608 2542/2664/2610 2574/2688/2633 2573/2689/2631
f 2555/2663/2609 2556/2666/2611 2588/2690/2634 2587/2687/2632
f 2542/2664/2610 2543/2667/2612 2575/2691/2635 2574/2688/2633
f 2556/2666/2611 2557/2668/2613 2589/2692/2636 2588/2690/2634
f 2543/2667/2612 2544/2669/2614 2576/2693/2637 2575/2691/2635
f 2557/2668/2613 2558/2670/2615 2590/2694/2638 2589/2692/2636
f 2544/2669/2614 2545/2671/2616 2577/2695/2639 2576/2693/2637
f 2558/2670/2615 2559/2672/2617 2591/2696/2640 2590/2694/2638
f 2545/2671/2616 2546/2673/2618 2578/2697/2641 2577/2695/2639
f 2532/2654/2600 2533/2674/2619 2565/2698/2642 2564/2699/2643
f 2559/2672/2617 2560/2675/2620 2592/2700/2644 2591/2696/2640
f 2546/2673/2618 2547/2676/2621 2579/2701/2645 2578/2697/2641
f 2533/2674/2619 2534/2677/2622 2566/2702/2646 2565/2698/2642
f 2560/2675/2620 2561/2678/2623 2593/2703/2647 2592/2700/2644
f 2547/2676/2621 2548/2647/2593 2580/2704/2648 2579/2701/2645
f 2534/2677/2622 2535/2649/2595 2567/2705/2649 2566/2702/2646
f 2561/2678/2623 2562/2651/2597 2594/2706/2650 2593/2703/2647
f 2548/2647/2593 2549/2646/2592 2581/2707/2651 2580/2704/2648
f 2535/2649/2595 2536/2648/2594 2568/2708/2652 2567/2705/2649
f 2562/2651/2597 2563/2650/2596 2595/2709/2653 2594/2706/2650
f 2549/2646/2592 2550/2652/2598 2582/2710/2654 2581/2707/2651
f 2536/2648/2594 2537/2653/2599 2569/2711/2655 2568/2708/2652
f 2563/2650/2596 2532/2654/2600 2564/2699/2643 2595/2709/2653
f 2550/2652/2598 2551/2655/2601 2583/2680/2625 2582/2710/2654
f 2537/2653/2599 2538/2656/2602 2570/2682/2627 2569/2711/2655
f 2586/2685/2630 2587/2687/2632 2596/2712/2656
f 2573/2689/2631 2574/2688/2633 2596/2712/2656
f 2587/2687/2632 2588/2690/2634 2596/2712/2656
f 2574/2688/2633 2575/2691/2635 2596/2712/2656
f 2588/2690/2634 2589/2692/2636 2596/2712/2656
f 2575/2691/2635 2576/2693/2637 2596/2712/2656
f 2589/2692/2636 2590/2694/2638 2596/2712/2656
f 2576/2693/2637 2577/2695/2639 2596/2712/2656
f 2590/2694/2638 2591/2696/2640 2596/2712/2656
f 2577/2695/2639 2578/2697/2641 2596/2712/2656
f 2564/2699/2643 2565/2698/2642 2596/2712/2656
f 2591/2696/2640 2592/2700/2644 2596/2712/2656
f 2578/2697/2641 2579/2701/2645 2596/2712/2656
f 2565/2698/2642 2566/2702/2646 2596/2712/2656
f 2592/2700/2644 2593/2703/2647 2596/2712/2656
f 2579/2701/2645 2580/2704/2648 2596/2712/2656
f 2566/2702/2646 2567/2705/2649 2596/2712/2656
f 2593/2703/2647 2594/2706/2650 2596/2712/2656
f 2580/2704/2648 2581/2707/2651 2596/2712/2656
f 2567/2705/2649 2568/2708/2652 2596/2712/2656
f 2594/2706/2650 2595/2709/2653 2596/2712/2656
f 2581/2707/2651 2582/2710/2654 2596/2712/2656
f 2568/2708/2652 2569/2711/2655 2596/2712/2656
f 2595/2709/2653 2564/2699/2643 2596/2712/2656
f 2582/2710/2654 2583/2680/2625 2596/2712/2656
f 2569/2711/2655 2570/2682/2627 2596/2712/2656
f 2583/2680/2625 2584/2679/2624 2596/2712/2656
f 2570/2682/2627 2571/2681/2626 2596/2712/2656
f 2584/2679/2624 2585/2683/2628 2596/2712/2656
f 2571/2681/2626 2572/2684/2629 2596/2712/2656
f 2585/2683/2628 2586/2685/2630 2596/2712/2656
f 2572/2684/2629 2573/2686/2631 2596/2712/2656
f 2306/2394/2348 2305/2391/2345 2597/2713/2657
f 2293/2395/2349 2292/2392/2346 2597/2713/2657
f 2280/2396/2350 2279/2393/2347 2597/2713/2657
f 2307/2397/2351 2306/2394/2348 2597/2713/2657
f 2294/2398/2352 2293/2395/2349 2597/2713/2657
f 2281/2399/2353 2280/2396/2350 2597/2713/2657
f 2276/2386/2340 2307/2397/2351 2597/2713/2657
f 2295/2400/2354 2294/2398/2352 2597/2713/2657
f 2282/2401/2355 2281/2399/2353 2597/2713/2657
f 2296/2402/2356 2295/2400/2354 2597/2713/2657
f 2283/2403/2357 2282/2401/2355 2597/2713/2657
f 2297/2404/2358 2296/2402/2356 2597/2713/2657
f 2284/2405/2359 2283/2403/2357 2597/2713/2657
f 2298/2406/2360 2297/2404/2358 2597/2713/2657
f 2285/2407/2361 2284/2405/2359 2597/2713/2657
f 2299/2408/2362 2298/2406/2360 2597/2713/2657
f 2286/2410/2363 2285/2409/2361 2597/2713/2657
f 2300/2411/2364 2299/2408/2362 2597/2713/2657
f 2287/2412/2365 2286/2410/2363 2597/2713/2657
f 2301/2413/2366 2300/2411/2364 2597/2713/2657
f 2288/2414/2367 2287/2412/2365 2597/2713/2657
f 2302/2382/2336 2301/2413/2366 2597/2713/2657
f 2289/2384/2338 2288/2414/2367 2597/2713/2657
f 2303/2383/2337 2302/2382/2336 2597/2713/2657
f 2290/2385/2339 2289/2384/2338 2597/2713/2657
f 2277/2387/2341 2276/2386/2340 2597/2713/2657
f 2304/2388/2342 2303/2383/2337 2597/2713/2657
f 2291/2389/2343 2290/2385/2339 2597/2713/2657
f 2278/2390/2344 2277/2387/2341 2597/2713/2657
f 2305/2391/2345 2304/2388/2342 2597/2713/2657
f 2292/2392/2346 2291/2389/2343 2597/2713/2657
f 2279/2393/2347 2278/2390/2344 2597/2713/2657