# Blender v3.2.2 OBJ File: 'uploads_files_2165898_Leaf.blend'
# www.blender.org
mtllib leaf.mtl
o Plane.014_Plane.016
v 0.029816 1.698290 -2.040906
v 0.029816 -1.714936 0.056530
v 0.033129 -1.653947 0.062105
v 0.033129 0.732209 -0.825139
v 0.033129 1.533006 -1.737729
v -0.029816 1.698290 -2.040906
v 0.000000 1.709504 -2.049083
v -0.029816 -1.714936 0.056530
v 0.000000 -1.720789 0.062832
v 0.000000 -1.658949 0.074770
v -0.033129 -1.653947 0.062105
v 0.000000 0.740543 -0.815723
v -0.033129 0.732209 -0.825139
v 0.000000 1.545703 -1.734308
v -0.033129 1.533006 -1.737729
v 0.029816 1.664717 -2.058065
v 0.029816 -1.715077 0.018826
v 0.033129 -1.654929 0.011842
v 0.033129 0.700114 -0.863834
v 0.033129 1.490470 -1.764524
v -0.029816 1.664717 -2.058065
v 0.000000 1.664666 -2.071819
v -0.029816 -1.715077 0.018826
v 0.000000 -1.720900 0.012559
v 0.000000 -1.660320 -0.000627
v -0.033129 -1.654929 0.011842
v 0.000000 0.692394 -0.873759
v -0.033129 0.700114 -0.863834
v 0.000000 1.481857 -1.774436
v -0.033129 1.490470 -1.764524
v 0.421230 -0.275004 -0.236035
v 0.019868 -0.857489 -0.046801
v 0.023582 -0.622613 -0.109348
v 0.451042 -0.162610 -0.284090
v 0.583126 0.226907 -0.473168
v 0.581101 0.276909 -0.511381
v 0.537524 0.064355 -0.390538
v 0.320150 -0.069608 -0.315427
v 0.351599 0.043763 -0.379761
v 0.290431 -0.225356 -0.252922
v 0.616724 0.269614 -0.506932
v 0.030389 -0.403900 -0.174788
v 0.605605 0.295918 -0.527214
v 0.033501 -0.291457 -0.225561
v 0.027931 -0.523643 -0.140545
v 0.594532 0.176447 -0.456082
v 0.021507 -0.738326 -0.069273
v 0.453348 -0.191393 -0.267545
v 0.298205 -0.479344 -0.155468
v 0.355885 -0.259858 -0.238462
v 0.327225 -0.361496 -0.190605
v 0.393538 -0.323302 -0.212891
v 0.432918 -0.177544 -0.273619
v 0.428888 -0.222615 -0.246450
v 0.461244 0.089679 -0.396034
v 0.480511 0.175944 -0.451748
v 0.416994 -0.088251 -0.314360
v 0.619574 0.544841 -0.682337
v 0.617745 0.595985 -0.729203
v 0.573190 0.369599 -0.569881
v 0.320150 0.237540 -0.479456
v 0.351599 0.344640 -0.553764
v 0.290431 0.088070 -0.403147
v 0.661576 0.589174 -0.724045
v 0.030389 -0.082691 -0.309213
v 0.649577 0.619453 -0.751598
v 0.033501 0.024709 -0.369930
v 0.027931 -0.198853 -0.264299
v 0.641583 0.479422 -0.648423
v 0.468475 0.394309 -0.577682
v 0.487839 0.476146 -0.641834
v 0.423834 0.220184 -0.477367
v 0.607042 0.799757 -0.885816
v 0.599423 0.842360 -0.932882
v 0.583816 0.653271 -0.773540
v 0.320150 0.525306 -0.668149
v 0.351599 0.625350 -0.751715
v 0.290431 0.383242 -0.578807
v 0.645795 0.835834 -0.927027
v 0.030389 0.221543 -0.470013
v 0.627591 0.860369 -0.953935
v 0.033501 0.323097 -0.540070
v 0.027931 0.109850 -0.414914
v 0.648105 0.746456 -0.854062
v 0.466008 0.669982 -0.777815
v 0.484175 0.744825 -0.848097
v 0.426155 0.509685 -0.665577
v 0.566010 1.014418 -1.087493
v 0.558392 1.053301 -1.137676
v 0.542785 0.876936 -0.964356
v 0.320150 0.795090 -0.881763
v 0.351599 0.887279 -0.973921
v 0.290431 0.661563 -0.780102
v 0.596557 1.040377 -1.124197
v 0.030389 0.510216 -0.657315
v 0.578353 1.062859 -1.152843
v 0.033501 0.605114 -0.736153
v 0.027931 0.403885 -0.592471
v 0.598868 0.956630 -1.044834
v 0.457801 0.922213 -0.997061
v 0.475969 0.990684 -1.073564
v 0.417949 0.772244 -0.871354
v 0.446863 1.157468 -1.240697
v 0.441114 1.195173 -1.294802
v 0.416159 1.019971 -1.103179
v 0.180407 0.930508 -1.004952
v 0.194024 1.006254 -1.089228
v 0.156826 0.807612 -0.902014
v 0.481616 1.185030 -1.282976
v 0.034232 0.792206 -0.879264
v 0.463880 1.206277 -1.313304
v 0.036775 0.877309 -0.964699
v 0.030236 0.690387 -0.803203
v 0.480889 1.103130 -1.196097
v 0.327918 1.060670 -1.135220
v 0.342873 1.122924 -1.212614
v 0.287116 0.916198 -1.001044
v 0.366398 1.324615 -1.443279
v 0.347818 1.347134 -1.484538
v 0.376665 1.236508 -1.344022
v 0.080536 1.092006 -1.168510
v 0.091015 1.161057 -1.255404
v 0.064327 0.981175 -1.064085
v 0.376247 1.330546 -1.462592
v 0.014525 1.028151 -1.101493
v 0.356536 1.347839 -1.491341
v 0.017019 1.105301 -1.193265
v 0.010724 0.938591 -1.022436
v 0.388351 1.268289 -1.388643
v 0.318794 1.282401 -1.389405
v 0.309999 1.321251 -1.450438
v 0.326424 1.174171 -1.270420
v 0.278968 1.472646 -1.649400
v 0.262600 1.496502 -1.698354
v 0.282114 1.376492 -1.524194
v 0.097441 1.331493 -1.452247
v 0.106701 1.392826 -1.546727
v 0.082665 1.231146 -1.337542
v 0.299246 1.484164 -1.679473
v 0.018549 1.263473 -1.365876
v 0.279172 1.501580 -1.712683
v 0.021092 1.332898 -1.465684
v 0.014553 1.176385 -1.272972
v 0.310786 1.417175 -1.587084
v 0.202042 1.415891 -1.566951
v 0.198042 1.455458 -1.636455
v 0.202557 1.318614 -1.447008
v 0.165857 1.589210 -1.834716
v 0.146621 1.605802 -1.877186
v 0.180303 1.519176 -1.733699
v 0.068740 1.510727 -1.707413
v 0.077538 1.561540 -1.802106
v 0.055638 1.422682 -1.588823
v 0.176766 1.595389 -1.859170
v 0.014525 1.465943 -1.639420
v 0.155443 1.606167 -1.884891
v 0.017019 1.525391 -1.743536
v 0.010724 1.392006 -1.545588
v 0.194154 1.551394 -1.792171
v 0.127592 1.557638 -1.782167
v 0.121863 1.589673 -1.849375
v 0.134349 1.477041 -1.668682
v 0.076727 1.665205 -1.969636
v 0.052979 1.683337 -2.018999
v 0.093097 1.619711 -1.901609
v 0.088687 1.663866 -1.982028
v 0.011207 1.638615 -1.920971
v 0.069827 1.674350 -2.009374
v 0.009508 1.688692 -2.029340
v 0.012787 1.580912 -1.834489
v 0.104459 1.636553 -1.939024
v 0.046961 1.653177 -1.947418
v 0.035337 1.686044 -2.024214
v 0.056188 1.598917 -1.865250
v -0.421230 -0.275004 -0.236035
v -0.019869 -0.857489 -0.046801
v -0.023582 -0.622613 -0.109348
v -0.451042 -0.162610 -0.284090
v 0.000000 -0.882602 -0.041045
v 0.000000 -0.051249 -0.378882
v 0.000000 -0.654502 -0.099918
v 0.000000 -0.064784 -0.406416
v -0.583126 0.226907 -0.473168
v -0.581101 0.276909 -0.511381
v -0.537524 0.064355 -0.390538
v -0.320150 -0.069608 -0.315427
v -0.351599 0.043763 -0.379761
v -0.290431 -0.225356 -0.252922
v -0.616724 0.269615 -0.506932
v 0.000000 -0.443295 -0.160599
v -0.030389 -0.403900 -0.174788
v 0.000000 -0.332983 -0.209103
v 0.000000 -0.555002 -0.130342
v -0.605605 0.295918 -0.527214
v -0.033501 -0.291458 -0.225561
v -0.027931 -0.523643 -0.140545
v -0.594533 0.176447 -0.456082
v -0.021507 -0.738326 -0.069273
v 0.000000 -0.768662 -0.061332
v -0.453348 -0.191393 -0.267545
v -0.298205 -0.479344 -0.155468
v -0.355885 -0.259858 -0.238462
v -0.327225 -0.361496 -0.190605
v -0.393538 -0.323302 -0.212891
v -0.432918 -0.177544 -0.273619
v -0.428888 -0.222615 -0.246450
v -0.461244 0.089679 -0.396034
v -0.480511 0.175944 -0.451748
v -0.416994 -0.088251 -0.314360
v -0.619574 0.544841 -0.682337
v -0.617744 0.595985 -0.729203
v -0.573190 0.369599 -0.569881
v -0.320150 0.237540 -0.479456
v -0.351599 0.344640 -0.553764
v -0.290431 0.088070 -0.403146
v -0.661576 0.589174 -0.724045
v 0.000000 -0.120644 -0.291525
v -0.030389 -0.082691 -0.309213
v 0.000000 -0.015161 -0.349791
v 0.000000 -0.229163 -0.251307
v -0.649577 0.619453 -0.751598
v -0.033501 0.024709 -0.369930
v -0.027931 -0.198853 -0.264299
v -0.641583 0.479422 -0.648423
v -0.468475 0.394309 -0.577682
v -0.487839 0.476146 -0.641834
v -0.423834 0.220184 -0.477367
v -0.607042 0.799757 -0.885816
v -0.599423 0.842360 -0.932882
v -0.583816 0.653271 -0.773540
v -0.320150 0.525306 -0.668149
v -0.351599 0.625350 -0.751715
v -0.290431 0.383242 -0.578807
v -0.645795 0.835834 -0.927027
v 0.000000 0.185319 -0.449009
v -0.030389 0.221543 -0.470013
v 0.000000 0.285182 -0.516454
v 0.000000 0.080820 -0.399269
v -0.627591 0.860369 -0.953935
v -0.033501 0.323097 -0.540070
v -0.027931 0.109850 -0.414914
v -0.648105 0.746456 -0.854062
v -0.466008 0.669982 -0.777815
v -0.484175 0.744825 -0.848097
v -0.426155 0.509685 -0.665577
v -0.566011 1.014418 -1.087493
v -0.558391 1.053300 -1.137675
v -0.542785 0.876936 -0.964356
v -0.319910 0.794865 -0.881567
v -0.351331 0.887053 -0.973712
v -0.290214 0.661355 -0.779937
v -0.596557 1.040377 -1.124197
v 0.000000 0.476011 -0.633164
v -0.030150 0.509973 -0.657141
v 0.000000 0.569458 -0.709248
v 0.000000 0.376367 -0.574299
v -0.578353 1.062859 -1.152843
v -0.033233 0.604869 -0.735966
v -0.027713 0.403664 -0.592324
v -0.598868 0.956630 -1.044834
v -0.457802 0.922213 -0.997061
v -0.475969 0.990684 -1.073564
v -0.417949 0.772244 -0.871354
v -0.446863 1.157468 -1.240697
v -0.441114 1.195173 -1.294802
v -0.416159 1.019971 -1.103179
v -0.180407 0.930508 -1.004952
v -0.194024 1.006254 -1.089228
v -0.156827 0.807612 -0.902014
v -0.481617 1.185030 -1.282976
v 0.000000 0.756228 -0.848512
v -0.034232 0.792206 -0.879264
v 0.000000 0.842312 -0.932839
v 0.000000 0.662397 -0.780764
v -0.463880 1.206277 -1.313304
v -0.036775 0.877309 -0.964699
v -0.030236 0.690387 -0.803203
v -0.480889 1.103130 -1.196097
v -0.327918 1.060670 -1.135220
v -0.342873 1.122924 -1.212614
v -0.287116 0.916198 -1.001044
v -0.366398 1.324615 -1.443279
v -0.347818 1.347134 -1.484538
v -0.376665 1.236508 -1.344022
v -0.080536 1.092006 -1.168510
v -0.091015 1.161057 -1.255404
v -0.064327 0.981175 -1.064085
v -0.376247 1.330546 -1.462592
v 0.000000 1.011839 -1.084881
v -0.014525 1.028151 -1.101493
v 0.000000 1.092800 -1.179699
v 0.000000 0.930227 -1.014405
v -0.356536 1.347839 -1.491341
v -0.017019 1.105301 -1.193265
v -0.010724 0.938591 -1.022436
v -0.388351 1.268289 -1.388643
v -0.318794 1.282401 -1.389405
v -0.309999 1.321251 -1.450438
v -0.326424 1.174171 -1.270420
v -0.278968 1.472647 -1.649401
v -0.262600 1.496502 -1.698355
v -0.282115 1.376492 -1.524194
v -0.097441 1.331493 -1.452247
v -0.106701 1.392826 -1.546727
v -0.082665 1.231146 -1.337542
v -0.299246 1.484164 -1.679473
v 0.000000 1.245141 -1.343443
v -0.018549 1.263473 -1.365876
v 0.000000 1.314658 -1.441875
v 0.000000 1.165022 -1.259927
v -0.279172 1.501580 -1.712682
v -0.021092 1.332898 -1.465684
v -0.014553 1.176385 -1.272972
v -0.310786 1.417175 -1.587084
v -0.202042 1.415891 -1.566951
v -0.198042 1.455458 -1.636455
v -0.202557 1.318614 -1.447007
v -0.165857 1.589210 -1.834716
v -0.146621 1.605802 -1.877186
v -0.180303 1.519176 -1.733699
v -0.068740 1.510728 -1.707414
v -0.077538 1.561540 -1.802106
v -0.055638 1.422682 -1.588823
v -0.176766 1.595389 -1.859170
v 0.000000 1.452873 -1.620152
v -0.014525 1.465943 -1.639420
v 0.000000 1.515524 -1.727948
v 0.000000 1.385218 -1.536188
v -0.155443 1.606167 -1.884891
v -0.017019 1.525391 -1.743536
v -0.010724 1.392006 -1.545588
v -0.194154 1.551394 -1.792171
v -0.127592 1.557638 -1.782167
v -0.121863 1.589673 -1.849375
v -0.134350 1.477041 -1.668681
v -0.076728 1.665205 -1.969636
v -0.052979 1.683337 -2.018999
v -0.093097 1.619711 -1.901609
v -0.088687 1.663866 -1.982028
v 0.000000 1.634605 -1.913776
v -0.011207 1.638615 -1.920971
v 0.000000 1.688292 -2.028564
v 0.000000 1.577053 -1.827980
v -0.069827 1.674350 -2.009373
v -0.009508 1.688692 -2.029340
v -0.012787 1.580912 -1.834489
v -0.104459 1.636553 -1.939024
v -0.046961 1.653177 -1.947418
v -0.035337 1.686043 -2.024214
v -0.056188 1.598917 -1.865250
v 0.421230 -0.282984 -0.255553
v 0.019868 -0.863862 -0.074185
v 0.023582 -0.630703 -0.136275
v 0.451042 -0.171208 -0.303345
v 0.583126 0.205495 -0.509503
v 0.581101 0.262243 -0.535369
v 0.537524 0.051243 -0.415410
v 0.320150 -0.087774 -0.353488
v 0.351599 0.030802 -0.404712
v 0.290431 -0.236350 -0.278800
v 0.616724 0.255002 -0.530953
v 0.030389 -0.418407 -0.214388
v 0.605605 0.284804 -0.545134
v 0.033501 -0.301969 -0.251639
v 0.027931 -0.532457 -0.167244
v 0.594532 0.165989 -0.474392
v 0.021507 -0.749172 -0.110028
v 0.453348 -0.202635 -0.293315
v 0.298205 -0.488482 -0.182057
v 0.355885 -0.270600 -0.264445
v 0.327225 -0.376467 -0.230032
v 0.393538 -0.333580 -0.239061
v 0.432918 -0.188888 -0.299345
v 0.428888 -0.239106 -0.285266
v 0.461244 0.069769 -0.433213
v 0.480511 0.162016 -0.476172
v 0.416994 -0.100248 -0.339789
v 0.619574 0.519949 -0.716382
v 0.617745 0.578987 -0.751599
v 0.573190 0.354255 -0.593441
v 0.320150 0.216012 -0.515722
v 0.351599 0.329479 -0.577442
v 0.290431 0.074785 -0.427926
v 0.661576 0.572225 -0.746478
v 0.030389 -0.100714 -0.347342
v 0.649577 0.606564 -0.768287
v 0.033501 0.011887 -0.394952
v 0.027931 -0.210041 -0.290094
v 0.641583 0.467301 -0.665678
v 0.468475 0.371065 -0.612872
v 0.487839 0.460024 -0.664868
v 0.423834 0.205933 -0.501604
v 0.607042 0.772075 -0.917634
v 0.599423 0.823560 -0.953789
v 0.583816 0.635854 -0.795612
v 0.320150 0.500629 -0.702349
v 0.351599 0.608137 -0.773946
v 0.290431 0.367798 -0.602302
v 0.645795 0.817082 -0.947976
v 0.030389 0.200190 -0.506382
v 0.627591 0.846158 -0.969513
v 0.033501 0.308093 -0.563848
v 0.027931 0.096405 -0.439607
v 0.648105 0.732870 -0.870189
v 0.466008 0.643721 -0.810815
v 0.484175 0.726738 -0.869623
v 0.426155 0.493317 -0.688438
v 0.566010 0.984387 -1.117103
v 0.558392 1.032959 -1.157085
v 0.542785 0.857884 -0.985032
v 0.320150 0.767459 -0.913625
v 0.351599 0.868151 -0.994528
v 0.290431 0.644085 -0.802126
v 0.596557 1.020130 -1.143705
v 0.030389 0.485703 -0.691634
v 0.578353 1.047537 -1.167330
v 0.033501 0.588049 -0.758498
v 0.027931 0.388291 -0.615866
v 0.598868 0.941890 -1.059914
v 0.457801 0.893192 -1.027661
v 0.475969 0.970800 -1.093443
v 0.417949 0.753957 -0.892711
v 0.446863 1.125871 -1.268630
v 0.441114 1.173794 -1.313062
v 0.416159 0.999873 -1.122840
v 0.180407 0.901395 -1.035465
v 0.194024 0.986256 -1.108992
v 0.156826 0.789066 -0.923146
v 0.481616 1.163726 -1.301323
v 0.034232 0.764607 -0.911154
v 0.463880 1.190168 -1.326911
v 0.036775 0.858254 -0.985373
v 0.030236 0.672698 -0.825058
v 0.480889 1.087586 -1.210347
v 0.327918 1.030133 -1.164308
v 0.342873 1.102074 -1.231475
v 0.287116 0.896859 -1.021452
v 0.366398 1.291188 -1.468995
v 0.347818 1.324645 -1.501412
v 0.376665 1.214827 -1.361923
v 0.080536 1.061125 -1.197234
v 0.091015 1.139927 -1.273953
v 0.064327 0.961361 -1.084033
v 0.376247 1.308177 -1.479627
v 0.014525 0.997969 -1.130949
v 0.356536 1.330952 -1.503970
v 0.017019 1.084579 -1.212268
v 0.010724 0.919088 -1.042687
v 0.388351 1.251839 -1.401836
v 0.318794 1.249436 -1.415711
v 0.309999 1.298951 -1.467561
v 0.326424 1.152945 -1.288860
v 0.278968 1.437600 -1.672861
v 0.262600 1.472921 -1.713666
v 0.282114 1.353788 -1.540778
v 0.097441 1.297991 -1.477865
v 0.106701 1.370002 -1.563146
v 0.082665 1.209504 -1.355490
v 0.299246 1.460672 -1.694921
v 0.018549 1.230716 -1.392439
v 0.279172 1.483850 -1.724097
v 0.021092 1.310512 -1.482696
v 0.014553 1.155144 -1.291393
v 0.310786 1.399908 -1.599188
v 0.202042 1.381465 -1.591313
v 0.198042 1.432176 -1.652218
v 0.202557 1.296333 -1.464155
v 0.165857 1.552888 -1.856148
v 0.146621 1.581421 -1.891190
v 0.180303 1.495429 -1.748752
v 0.068740 1.475264 -1.730238
v 0.077538 1.537482 -1.816658
v 0.055638 1.399641 -1.604934
v 0.176766 1.571085 -1.873305
v 0.014525 1.430969 -1.662989
v 0.155443 1.587863 -1.895361
v 0.017019 1.501598 -1.758517
v 0.010724 1.369189 -1.562015
v 0.194154 1.533390 -1.803150
v 0.127592 1.521661 -1.804174
v 0.121863 1.565410 -1.863581
v 0.134349 1.453602 -1.684209
v 0.076727 1.628050 -1.989591
v 0.052979 1.658390 -2.031965
v 0.093097 1.595229 -1.915434
v 0.088687 1.639061 -1.995265
v 0.011207 1.601751 -1.941458
v 0.069827 1.655671 -2.019160
v 0.009508 1.663706 -2.042231
v 0.012787 1.556713 -1.848804
v 0.104459 1.618082 -1.949197
v 0.046961 1.616155 -1.967616
v 0.035337 1.661075 -2.037143
v 0.056188 1.574587 -1.879340
v -0.421230 -0.282984 -0.255553
v -0.019869 -0.863862 -0.074185
v -0.023582 -0.630703 -0.136275
v -0.451042 -0.171208 -0.303345
v 0.000000 -0.888792 -0.068472
v 0.000000 -0.051249 -0.378882
v 0.000000 -0.662359 -0.126914
v 0.000000 -0.064784 -0.406416
v -0.583126 0.205495 -0.509503
v -0.581101 0.262243 -0.535369
v -0.537524 0.051243 -0.415410
v -0.320150 -0.087774 -0.353488
v -0.351599 0.030802 -0.404712
v -0.290431 -0.236350 -0.278800
v -0.616724 0.255002 -0.530953
v 0.000000 -0.457371 -0.200355
v -0.030389 -0.418407 -0.214388
v 0.000000 -0.343191 -0.235301
v 0.000000 -0.563586 -0.157116
v -0.605605 0.284804 -0.545134
v -0.033501 -0.301968 -0.251639
v -0.027931 -0.532457 -0.167244
v -0.594533 0.165989 -0.474392
v -0.021507 -0.749172 -0.110028
v 0.000000 -0.779176 -0.102174
v -0.453348 -0.202635 -0.293315
v -0.298205 -0.488482 -0.182057
v -0.355885 -0.270600 -0.264445
v -0.327225 -0.376467 -0.230032
v -0.393538 -0.333580 -0.239061
v -0.432918 -0.188888 -0.299345
v -0.428888 -0.239106 -0.285266
v -0.461244 0.069769 -0.433213
v -0.480511 0.162016 -0.476172
v -0.416994 -0.100248 -0.339789
v -0.619574 0.519949 -0.716382
v -0.617744 0.578987 -0.751599
v -0.573190 0.354255 -0.593441
v -0.320150 0.216012 -0.515722
v -0.351599 0.329479 -0.577442
v -0.290431 0.074785 -0.427926
v -0.661576 0.572225 -0.746478
v 0.000000 -0.138251 -0.329848
v -0.030389 -0.100714 -0.347342
v 0.000000 -0.027692 -0.374960
v 0.000000 -0.240130 -0.277196
v -0.649577 0.606564 -0.768287
v -0.033501 0.011887 -0.394952
v -0.027931 -0.210041 -0.290094
v -0.641583 0.467301 -0.665678
v -0.468475 0.371065 -0.612872
v -0.487839 0.460024 -0.664868
v -0.423834 0.205933 -0.501604
v -0.607042 0.772075 -0.917634
v -0.599423 0.823560 -0.953789
v -0.583816 0.635854 -0.795612
v -0.320150 0.500629 -0.702349
v -0.351599 0.608137 -0.773946
v -0.290431 0.367798 -0.602302
v -0.645795 0.817082 -0.947976
v 0.000000 0.164363 -0.485608
v -0.030389 0.200190 -0.506382
v 0.000000 0.270456 -0.540404
v 0.000000 0.067588 -0.424077
v -0.627591 0.846157 -0.969513
v -0.033501 0.308093 -0.563848
v -0.027931 0.096405 -0.439607
v -0.648105 0.732870 -0.870189
v -0.466008 0.643721 -0.810815
v -0.484175 0.726738 -0.869623
v -0.426155 0.493317 -0.688438
v -0.566011 0.984387 -1.117103
v -0.558391 1.032959 -1.157085
v -0.542785 0.857884 -0.985032
v -0.319910 0.767237 -0.913431
v -0.351331 0.867927 -0.994320
v -0.290214 0.643879 -0.801962
v -0.596557 1.020130 -1.143705
v 0.000000 0.451872 -0.667747
v -0.030150 0.485463 -0.691462
v 0.000000 0.552653 -0.731790
v 0.000000 0.360974 -0.597827
v -0.578353 1.047537 -1.167330
v -0.033233 0.587805 -0.758313
v -0.027713 0.388071 -0.615720
v -0.598868 0.941890 -1.059914
v -0.457801 0.893192 -1.027661
v -0.475969 0.970800 -1.093443
v -0.417949 0.753957 -0.892711
v -0.446863 1.125871 -1.268630
v -0.441114 1.173794 -1.313062
v -0.416159 0.999873 -1.122840
v -0.180407 0.901395 -1.035465
v -0.194024 0.986256 -1.108992
v -0.156827 0.789066 -0.923146
v -0.481617 1.163726 -1.301323
v 0.000000 0.729024 -0.880738
v -0.034232 0.764607 -0.911154
v 0.000000 0.823513 -0.953746
v 0.000000 0.644913 -0.802783
v -0.463880 1.190168 -1.326911
v -0.036775 0.858254 -0.985373
v -0.030236 0.672698 -0.825058
v -0.480889 1.087586 -1.210347
v -0.327918 1.030133 -1.164308
v -0.342873 1.102074 -1.231475
v -0.287116 0.896859 -1.021452
v -0.366398 1.291188 -1.468995
v -0.347818 1.324644 -1.501411
v -0.376665 1.214827 -1.361923
v -0.080536 1.061125 -1.197234
v -0.091015 1.139927 -1.273953
v -0.064327 0.961361 -1.084033
v -0.376247 1.308177 -1.479627
v 0.000000 0.981836 -1.114519
v -0.014525 0.997969 -1.130950
v 0.000000 1.072170 -1.198801
v 0.000000 0.910785 -1.034716
v -0.356536 1.330952 -1.503970
v -0.017019 1.084579 -1.212268
v -0.010724 0.919088 -1.042687
v -0.388351 1.251839 -1.401836
v -0.318794 1.249436 -1.415711
v -0.309999 1.298951 -1.467561
v -0.326424 1.152945 -1.288860
v -0.278968 1.437599 -1.672860
v -0.262600 1.472920 -1.713665
v -0.282115 1.353788 -1.540778
v -0.097441 1.297991 -1.477865
v -0.106701 1.370002 -1.563146
v -0.082665 1.209504 -1.355490
v -0.299246 1.460672 -1.694921
v 0.000000 1.212584 -1.370252
v -0.018549 1.230716 -1.392439
v 0.000000 1.292405 -1.459061
v 0.000000 1.143863 -1.278443
v -0.279172 1.483850 -1.724098
v -0.021092 1.310512 -1.482696
v -0.014553 1.155144 -1.291393
v -0.310786 1.399908 -1.599188
v -0.202042 1.381465 -1.591314
v -0.198042 1.432176 -1.652218
v -0.202557 1.296333 -1.464156
v -0.165857 1.552888 -1.856148
v -0.146621 1.581421 -1.891190
v -0.180304 1.495429 -1.748752
v -0.068740 1.475263 -1.730238
v -0.077538 1.537482 -1.816658
v -0.055638 1.399641 -1.604934
v -0.176766 1.571085 -1.873305
v 0.000000 1.418043 -1.643932
v -0.014525 1.430969 -1.662989
v 0.000000 1.491804 -1.743043
v 0.000000 1.362449 -1.552684
v -0.155443 1.587863 -1.895361
v -0.017019 1.501598 -1.758516
v -0.010724 1.369189 -1.562015
v -0.194154 1.533390 -1.803150
v -0.127592 1.521661 -1.804174
v -0.121863 1.565410 -1.863581
v -0.134350 1.453602 -1.684210
v -0.076728 1.628050 -1.989591
v -0.052979 1.658390 -2.031965
v -0.093097 1.595229 -1.915434
v -0.088687 1.639061 -1.995265
v 0.000000 1.597786 -1.934341
v -0.011207 1.601751 -1.941458
v 0.000000 1.663308 -2.041461
v 0.000000 1.552882 -1.842343
v -0.069827 1.655671 -2.019161
v -0.009508 1.663706 -2.042231
v -0.012787 1.556713 -1.848804
v -0.104459 1.618082 -1.949197
v -0.046961 1.616155 -1.967616
v -0.035337 1.661075 -2.037143
v -0.056188 1.574587 -1.879340
v 0.183038 0.468663 -0.636610
v 0.149620 0.239074 -0.488547
v 0.164369 0.364960 -0.558488
v 0.183038 0.452596 -0.659682
v 0.149620 0.224685 -0.512702
v 0.164369 0.342037 -0.593889
v 0.183038 0.178308 -0.453097
v 0.149620 -0.063575 -0.326110
v 0.164369 0.068049 -0.384539
v 0.183038 0.164363 -0.477511
v 0.149620 -0.075752 -0.351452
v 0.164369 0.048376 -0.421844
v 0.183038 0.741487 -0.845295
v 0.149620 0.526024 -0.677340
v 0.164369 0.645167 -0.758233
v 0.183038 0.723425 -0.866842
v 0.149620 0.509537 -0.700115
v 0.164369 0.619178 -0.791447
v 0.183038 -0.130977 -0.294522
v 0.149620 -0.383337 -0.189890
v 0.164369 -0.246976 -0.236198
v 0.183038 -0.142661 -0.320096
v 0.149620 -0.393176 -0.216228
v 0.164369 -0.263200 -0.275127
v 0.101244 -0.748136 -0.073945
v 0.197996 -0.619357 -0.110328
v 0.123522 -0.510507 -0.144908
v 0.242553 -0.381398 -0.190615
v 0.111077 -0.626738 -0.100775
v 0.217662 -0.497475 -0.141869
v 0.101244 -0.755309 -0.101131
v 0.197996 -0.627471 -0.137248
v 0.123522 -0.519416 -0.171575
v 0.242553 -0.391252 -0.216948
v 0.111077 -0.638806 -0.141186
v 0.217662 -0.510958 -0.181829
v -0.183038 -0.130977 -0.294522
v -0.149620 -0.383337 -0.189890
v -0.164369 -0.246976 -0.236198
v -0.183038 -0.142661 -0.320096
v -0.149620 -0.393176 -0.216228
v -0.164369 -0.263200 -0.275127
v -0.101244 -0.748136 -0.073945
v -0.197996 -0.619357 -0.110328
v -0.123522 -0.510507 -0.144908
v -0.242553 -0.381398 -0.190615
v -0.111077 -0.626738 -0.100775
v -0.217662 -0.497475 -0.141869
v -0.101244 -0.755309 -0.101131
v -0.197996 -0.627471 -0.137248
v -0.123522 -0.519416 -0.171575
v -0.242553 -0.391252 -0.216948
v -0.111077 -0.638806 -0.141186
v -0.217662 -0.510958 -0.181829
v -0.183038 0.178308 -0.453097
v -0.149620 -0.063575 -0.326110
v -0.164369 0.068049 -0.384539
v -0.183038 0.164363 -0.477511
v -0.149620 -0.075752 -0.351452
v -0.164369 0.048376 -0.421844
v -0.183038 0.468663 -0.636610
v -0.149620 0.239074 -0.488547
v -0.164369 0.364960 -0.558488
v -0.183038 0.452596 -0.659682
v -0.149620 0.224685 -0.512702
v -0.164369 0.342037 -0.593888
v -0.181966 0.740542 -0.844504
v -0.148749 0.525163 -0.676717
v -0.163410 0.644228 -0.757498
v -0.181966 0.722487 -0.866057
v -0.148749 0.508682 -0.699496
v -0.163410 0.618249 -0.790721
v 0.195960 1.076972 -1.162707
v 0.201988 1.191246 -1.279422
v 0.205006 1.245933 -1.355481
v 0.195960 1.056457 -1.181934
v 0.201988 1.159279 -1.306931
v 0.205006 1.224183 -1.373298
v -0.195960 1.076972 -1.162707
v -0.201988 1.191246 -1.279422
v -0.205006 1.245933 -1.355481
v -0.195960 1.056457 -1.181934
v -0.201988 1.159279 -1.306931
v -0.205006 1.224183 -1.373298
v 0.000000 -1.404753 0.061773
v 0.000000 -1.105066 0.024714
v 0.000000 -0.809183 -0.035609
v 0.000000 -0.518906 -0.118829
v 0.000000 -0.236006 -0.224440
v 0.000000 0.037793 -0.351796
v 0.000000 0.300823 -0.500123
v 0.033129 -1.401118 0.048852
v 0.033129 -1.103071 0.011651
v 0.033129 -0.808824 -0.048637
v 0.033129 -0.520164 -0.131648
v 0.033129 -0.238841 -0.236878
v 0.033129 0.033437 -0.363688
v 0.033129 0.295017 -0.511308
v -0.033129 -1.401118 0.048852
v -0.033129 -1.103071 0.011651
v -0.033129 -0.808824 -0.048637
v -0.033129 -0.520164 -0.131648
v -0.033129 -0.238841 -0.236878
v -0.033129 0.033437 -0.363688
v -0.033129 0.295017 -0.511308
v 0.000000 -1.411079 -0.013370
v 0.000000 -1.117234 -0.049706
v 0.000000 -0.827119 -0.108854
v 0.000000 -0.542502 -0.190451
v 0.000000 -0.265117 -0.294003
v 0.000000 0.003345 -0.418877
v 0.000000 0.261247 -0.564312
v 0.033129 -1.405396 -0.001238
v 0.033129 -1.111236 -0.037954
v 0.033129 -0.820826 -0.097457
v 0.033129 -0.535929 -0.179385
v 0.033129 -0.258274 -0.283243
v 0.033129 0.010453 -0.408399
v 0.033129 0.268622 -0.554094
v -0.033129 -1.405396 -0.001238
v -0.033129 -1.111236 -0.037954
v -0.033129 -0.820826 -0.097457
v -0.033129 -0.535929 -0.179385
v -0.033129 -0.258274 -0.283243
v -0.033129 0.010453 -0.408399
v -0.033129 0.268622 -0.554094
v 0.033129 1.177131 -1.259291
v 0.000000 0.452598 -0.598673
v 0.033129 0.445942 -0.609348
v 0.000000 1.188002 -1.252637
v 0.018620 -1.718662 0.061750
v 0.019049 0.739423 -0.816835
v 0.019049 1.543600 -1.733915
v 0.018620 1.707089 -2.046703
v 0.019049 -1.657011 0.073163
v 0.000000 -1.708740 0.073784
v 0.032562 -1.703449 0.061678
v 0.000000 1.687614 -1.982950
v 0.032562 1.674261 -1.983545
v -0.033129 1.177131 -1.259291
v -0.033129 0.445942 -0.609348
v -0.018620 -1.718662 0.061750
v -0.019049 0.739424 -0.816836
v -0.019049 1.543600 -1.733915
v -0.018620 1.707089 -2.046703
v -0.019049 -1.657011 0.073163
v -0.032562 -1.703449 0.061678
v -0.032562 1.674261 -1.983545
v 0.033129 1.139235 -1.292325
v 0.000000 0.410062 -0.660941
v 0.033129 0.417580 -0.650856
v 0.000000 1.131130 -1.302156
v 0.018620 -1.718794 0.013630
v 0.019049 0.693284 -0.872456
v 0.019049 1.482430 -1.772395
v 0.018620 1.664189 -2.068500
v 0.019049 -1.658361 0.000909
v 0.000000 -1.709124 0.001518
v 0.032562 -1.703772 0.013559
v 0.000000 1.623752 -2.016776
v 0.032562 1.631772 -2.006131
v -0.033129 1.139235 -1.292325
v -0.033129 0.417580 -0.650856
v -0.018620 -1.718794 0.013630
v -0.019049 0.693283 -0.872456
v -0.019049 1.482430 -1.772395
v -0.018620 1.664189 -2.068500
v -0.019049 -1.658361 0.000909
v -0.032562 -1.703772 0.013559
v -0.032562 1.631772 -2.006131
v 0.031994 1.683650 -2.053693
v 0.031994 -1.715359 0.037679
v 0.038099 -1.653139 0.036948
v 0.038099 0.716084 -0.844423
v 0.038099 1.511227 -1.750316
v -0.031994 1.683650 -2.053692
v 0.000000 1.692554 -2.071279
v -0.031994 -1.715359 0.037679
v 0.000000 -1.722975 0.037699
v -0.038099 -1.653139 0.036948
v -0.038099 0.716084 -0.844423
v -0.038099 1.511227 -1.750316
v 0.004168 -0.878617 -0.041947
v 0.413235 -0.289767 -0.226893
v 0.004632 -0.648009 -0.101813
v 0.446821 -0.163476 -0.280515
v 0.022656 -0.670855 -0.088801
v 0.000000 -0.833858 -0.046055
v 0.455414 -0.167576 -0.278690
v 0.561667 0.145883 -0.427741
v 0.586724 0.267629 -0.498531
v 0.529764 0.166150 -0.438106
v 0.338060 0.000646 -0.350821
v 0.538007 0.233942 -0.485495
v 0.354200 -0.156894 -0.282797
v 0.302889 -0.154148 -0.277287
v 0.271062 -0.039359 -0.337849
v 0.079986 -0.463290 -0.161024
v 0.005483 -0.436301 -0.163083
v 0.608054 0.223225 -0.479856
v 0.612675 0.291927 -0.521318
v 0.243796 -0.156269 -0.275376
v 0.600179 0.294895 -0.523153
v 0.609018 0.259561 -0.493654
v 0.005176 -0.550254 -0.131868
v 0.028911 -0.471500 -0.151665
v 0.000000 -0.378994 -0.184947
v 0.005872 -0.325355 -0.212085
v 0.000000 -0.506890 -0.139632
v 0.032113 -0.337769 -0.200646
v 0.575530 0.132423 -0.427991
v 0.020521 -0.806143 -0.052788
v 0.000000 -0.702464 -0.079914
v 0.436862 -0.237480 -0.248449
v 0.448896 -0.195116 -0.259217
v 0.004373 -0.762749 -0.062859
v 0.246804 -0.553880 -0.130702
v 0.301356 -0.318212 -0.214894
v 0.271326 -0.432369 -0.164486
v 0.343741 -0.300698 -0.215227
v 0.310574 -0.427076 -0.167315
v 0.351590 -0.393727 -0.186025
v 0.401604 -0.210985 -0.259062
v 0.384369 -0.284411 -0.220826
v 0.411694 -0.274247 -0.225903
v 0.434337 -0.190452 -0.261245
v 0.391596 0.011301 -0.355212
v 0.419691 0.113793 -0.417064
v 0.481296 -0.012500 -0.351117
v 0.474821 0.149168 -0.429574
v 0.438299 -0.002409 -0.349287
v 0.597724 0.458040 -0.621763
v 0.623343 0.587394 -0.715000
v 0.551494 0.477226 -0.634012
v 0.338060 0.304311 -0.521048
v 0.559993 0.543326 -0.689939
v 0.355055 0.153696 -0.439159
v 0.302889 0.156788 -0.433841
v 0.271062 0.265641 -0.504519
v 0.079986 -0.140596 -0.290143
v 0.005483 -0.113903 -0.294630
v 0.654452 0.533608 -0.683589
v 0.656757 0.615318 -0.744733
v 0.243796 0.154849 -0.431746
v 0.643235 0.618082 -0.746861
v 0.652380 0.579856 -0.709340
v 0.005176 -0.224572 -0.253255
v 0.028911 -0.147928 -0.280081
v 0.000000 -0.058803 -0.321579
v 0.005872 -0.007834 -0.353449
v 0.000000 -0.182086 -0.264903
v 0.032113 -0.019165 -0.340935
v 0.619913 0.435419 -0.614445
v 0.392500 0.315213 -0.526814
v 0.420607 0.411822 -0.597776
v 0.502000 0.294494 -0.522197
v 0.482137 0.451397 -0.617192
v 0.445334 0.304709 -0.521296
v 0.596772 0.727528 -0.825660
v 0.605745 0.835531 -0.918507
v 0.544068 0.742234 -0.836754
v 0.338060 0.588101 -0.715532
v 0.549000 0.800335 -0.895644
v 0.355345 0.445580 -0.620659
v 0.302889 0.448947 -0.615510
v 0.271062 0.551060 -0.695618
v 0.079986 0.165569 -0.445853
v 0.005483 0.191756 -0.452703
v 0.650782 0.790735 -0.888087
v 0.635547 0.857229 -0.947136
v 0.243796 0.447202 -0.613250
v 0.621707 0.859830 -0.949503
v 0.637298 0.829097 -0.912779
v 0.005176 0.085219 -0.401619
v 0.028911 0.159165 -0.435177
v 0.000000 0.244231 -0.484461
v 0.005872 0.292154 -0.520751
v 0.000000 0.126497 -0.417011
v 0.032113 0.281985 -0.507276
v 0.630167 0.710739 -0.820570
v 0.392192 0.598101 -0.721986
v 0.420149 0.687874 -0.801171
v 0.508839 0.582245 -0.718823
v 0.478622 0.722467 -0.821477
v 0.445261 0.587822 -0.715322
v 0.555741 0.946994 -1.021996
v 0.564714 1.047589 -1.122821
v 0.519449 0.974983 -1.048073
v 0.338060 0.853407 -0.934560
v 0.524381 1.028091 -1.111504
v 0.354320 0.718965 -0.826561
v 0.302889 0.723732 -0.822521
v 0.271062 0.818290 -0.911420
v 0.079986 0.456621 -0.628258
v 0.005483 0.482092 -0.637417
v 0.601544 0.998276 -1.082034
v 0.586309 1.060229 -1.145831
v 0.243796 0.722196 -0.820115
v 0.573495 1.063500 -1.149282
v 0.589086 1.035574 -1.110381
v 0.005176 0.380538 -0.577032
v 0.028911 0.451195 -0.617053
v 0.000000 0.531524 -0.673730
v 0.005872 0.576019 -0.714150
v 0.000000 0.420278 -0.596044
v 0.032113 0.567092 -0.699823
v 0.581956 0.924378 -1.009651
v 0.391166 0.861873 -0.941045
v 0.419123 0.944251 -1.027898
v 0.484221 0.825141 -0.917492
v 0.470416 0.970717 -1.045107
v 0.437055 0.845777 -0.927684
v 0.432854 1.090329 -1.167998
v 0.447203 1.190085 -1.279420
v 0.395103 1.115609 -1.194117
v 0.189233 0.979955 -1.054216
v 0.400919 1.166152 -1.261219
v 0.222790 0.864575 -0.953015
v 0.167844 0.865950 -0.945944
v 0.106540 0.935832 -1.019781
v 0.086360 0.743360 -0.846867
v 0.005963 0.762416 -0.853746
v 0.485452 1.144336 -1.237388
v 0.471778 1.203994 -1.306097
v 0.098799 0.854687 -0.934533
v 0.458671 1.206817 -1.309431
v 0.472919 1.179940 -1.267684
v 0.005464 0.666584 -0.784094
v 0.032080 0.736469 -0.833087
v 0.000000 0.807793 -0.893994
v 0.006281 0.848643 -0.938544
v 0.000000 0.704132 -0.806443
v 0.035839 0.844085 -0.926164
v 0.460254 1.069477 -1.155611
v 0.256917 0.999453 -1.072400
v 0.273964 1.069582 -1.154845
v 0.354615 0.967863 -1.050926
v 0.339102 1.105696 -1.184602
v 0.307042 0.987591 -1.061792
v 0.373133 1.282199 -1.390561
v 0.356546 1.345347 -1.471934
v 0.350548 1.309245 -1.423436
v 0.087134 1.137150 -1.219212
v 0.336248 1.339368 -1.474224
v 0.123413 1.024876 -1.108202
v 0.071789 1.033910 -1.108667
v 0.046744 1.127816 -1.218031
v 0.028458 0.953329 -1.036705
v 0.003500 1.015183 -1.088270
v 0.384949 1.297992 -1.421430
v 0.364681 1.346249 -1.484361
v 0.039511 1.054032 -1.128267
v 0.353084 1.349763 -1.489050
v 0.373623 1.331942 -1.454281
v 0.003025 0.931898 -1.016006
v 0.012470 0.979127 -1.053397
v 0.000000 1.059912 -1.135697
v 0.003812 1.094996 -1.182073
v 0.000000 0.966143 -1.040620
v 0.016090 1.075153 -1.151788
v 0.385505 1.255455 -1.368107
v 0.266390 1.241324 -1.338815
v 0.263453 1.288291 -1.408126
v 0.360121 1.209981 -1.312243
v 0.313853 1.312836 -1.429480
v 0.323298 1.228869 -1.325186
v 0.282099 1.426514 -1.583570
v 0.270879 1.494789 -1.684459
v 0.247022 1.449352 -1.615004
v 0.103317 1.372022 -1.507703
v 0.235906 1.479939 -1.673063
v 0.141948 1.275416 -1.391923
v 0.089497 1.279285 -1.386913
v 0.058377 1.359650 -1.501315
v 0.039843 1.197385 -1.297393
v 0.004003 1.248831 -1.347930
v 0.308327 1.449859 -1.629280
v 0.287362 1.500214 -1.705192
v 0.051181 1.292395 -1.401983
v 0.274738 1.503055 -1.709594
v 0.294401 1.484285 -1.668483
v 0.003503 1.167015 -1.262206
v 0.016396 1.216545 -1.310486
v 0.000000 1.287686 -1.397456
v 0.004321 1.318538 -1.446908
v 0.000000 1.201458 -1.292691
v 0.020157 1.306642 -1.421528
v 0.302702 1.399762 -1.557436
v 0.150000 1.374799 -1.509993
v 0.154328 1.425732 -1.593190
v 0.249462 1.351065 -1.489786
v 0.200090 1.445665 -1.611183
v 0.202686 1.367509 -1.501590
v 0.174642 1.556079 -1.781303
v 0.155275 1.605449 -1.864256
v 0.150208 1.575850 -1.812248
v 0.074229 1.545093 -1.763467
v 0.136528 1.599269 -1.865857
v 0.095075 1.449465 -1.627631
v 0.061637 1.465515 -1.640357
v 0.045059 1.542138 -1.770379
v 0.027371 1.403472 -1.561600
v 0.003500 1.455556 -1.624086
v 0.188523 1.573532 -1.823244
v 0.163789 1.605797 -1.878387
v 0.038036 1.485836 -1.669238
v 0.151977 1.608294 -1.882744
v 0.173831 1.596606 -1.849045
v 0.003025 1.386575 -1.538063
v 0.012470 1.426335 -1.583315
v 0.000000 1.491057 -1.678764
v 0.003812 1.517259 -1.730677
v 0.000000 1.415852 -1.568417
v 0.016090 1.503166 -1.697326
v 0.190975 1.538378 -1.765452
v 0.099689 1.535445 -1.746328
v 0.103037 1.577420 -1.828598
v 0.162421 1.499488 -1.702962
v 0.124195 1.582264 -1.824710
v 0.131374 1.517941 -1.720296
v 0.086878 1.643405 -1.931434
v 0.063810 1.679889 -1.999131
v 0.064005 1.660068 -1.960104
v 0.044898 1.684942 -2.022089
v 0.032340 1.588724 -1.847755
v 0.003085 1.635344 -1.915099
v 0.099007 1.650222 -1.957951
v 0.077871 1.672331 -1.999272
v 0.062341 1.679839 -2.013585
v 0.084638 1.667638 -1.976037
v 0.003283 1.577578 -1.828864
v 0.012128 1.607677 -1.868115
v 0.000000 1.667633 -1.976027
v 0.002873 1.688621 -2.029202
v 0.000000 1.603342 -1.860618
v 0.010242 1.669897 -1.980266
v 0.102219 1.630304 -1.921731
v 0.027434 1.645248 -1.932957
v 0.021945 1.687565 -2.027155
v 0.077298 1.609161 -1.883047
v 0.040517 1.675784 -1.991350
v 0.052506 1.625715 -1.899733
v -0.004168 -0.878617 -0.041947
v -0.413235 -0.289767 -0.226893
v -0.004632 -0.648009 -0.101814
v -0.446821 -0.163476 -0.280515
v -0.022656 -0.670855 -0.088801
v -0.455414 -0.167576 -0.278690
v -0.561667 0.145883 -0.427741
v -0.586724 0.267629 -0.498531
v -0.529765 0.166150 -0.438106
v -0.338060 0.000646 -0.350821
v -0.538007 0.233943 -0.485496
v -0.354200 -0.156894 -0.282797
v -0.302889 -0.154148 -0.277287
v -0.271063 -0.039358 -0.337849
v -0.079986 -0.463290 -0.161024
v -0.005483 -0.436301 -0.163083
v -0.608054 0.223225 -0.479856
v -0.612675 0.291927 -0.521318
v -0.243796 -0.156268 -0.275376
v -0.600179 0.294894 -0.523153
v -0.609018 0.259562 -0.493654
v -0.005176 -0.550254 -0.131868
v -0.028911 -0.471500 -0.151665
v -0.005872 -0.325355 -0.212085
v -0.032113 -0.337769 -0.200646
v -0.575530 0.132423 -0.427991
v -0.020521 -0.806143 -0.052788
v -0.436862 -0.237480 -0.248449
v -0.448896 -0.195115 -0.259217
v -0.004373 -0.762749 -0.062859
v -0.246804 -0.553880 -0.130702
v -0.301356 -0.318212 -0.214894
v -0.271326 -0.432369 -0.164486
v -0.343741 -0.300698 -0.215227
v -0.310575 -0.427076 -0.167315
v -0.351590 -0.393727 -0.186025
v -0.401604 -0.210985 -0.259062
v -0.384369 -0.284411 -0.220826
v -0.411694 -0.274247 -0.225903
v -0.434337 -0.190452 -0.261245
v -0.391596 0.011301 -0.355212
v -0.419691 0.113793 -0.417064
v -0.481296 -0.012500 -0.351117
v -0.474821 0.149168 -0.429574
v -0.438299 -0.002409 -0.349287
v -0.597724 0.458040 -0.621763
v -0.623343 0.587394 -0.715000
v -0.551494 0.477226 -0.634012
v -0.338060 0.304311 -0.521048
v -0.559993 0.543326 -0.689939
v -0.355056 0.153696 -0.439159
v -0.302889 0.156788 -0.433841
v -0.271063 0.265641 -0.504519
v -0.079986 -0.140596 -0.290143
v -0.005483 -0.113903 -0.294630
v -0.654452 0.533608 -0.683589
v -0.656757 0.615317 -0.744733
v -0.243796 0.154849 -0.431746
v -0.643235 0.618082 -0.746861
v -0.652380 0.579855 -0.709340
v -0.005176 -0.224572 -0.253255
v -0.028911 -0.147928 -0.280081
v -0.005872 -0.007833 -0.353449
v -0.032113 -0.019165 -0.340935
v -0.619913 0.435419 -0.614445
v -0.392500 0.315213 -0.526814
v -0.420607 0.411822 -0.597776
v -0.502000 0.294494 -0.522197
v -0.482137 0.451397 -0.617192
v -0.445334 0.304709 -0.521296
v -0.596772 0.727527 -0.825660
v -0.605745 0.835531 -0.918507
v -0.544068 0.742234 -0.836754
v -0.338060 0.588101 -0.715532
v -0.549000 0.800335 -0.895644
v -0.355345 0.445580 -0.620659
v -0.302889 0.448947 -0.615510
v -0.271063 0.551060 -0.695618
v -0.079986 0.165569 -0.445853
v -0.005483 0.191756 -0.452703
v -0.650782 0.790735 -0.888087
v -0.635547 0.857229 -0.947136
v -0.243796 0.447202 -0.613250
v -0.621707 0.859830 -0.949503
v -0.637298 0.829097 -0.912779
v -0.005176 0.085219 -0.401619
v -0.028911 0.159165 -0.435177
v -0.005872 0.292154 -0.520751
v -0.032113 0.281985 -0.507276
v -0.630167 0.710739 -0.820570
v -0.392191 0.598101 -0.721986
v -0.420149 0.687874 -0.801171
v -0.508840 0.582245 -0.718823
v -0.478622 0.722467 -0.821477
v -0.445261 0.587822 -0.715322
v -0.555740 0.946994 -1.021996
v -0.564714 1.047589 -1.122821
v -0.519449 0.974984 -1.048073
v -0.337805 0.853180 -0.934354
v -0.524381 1.028091 -1.111504
v -0.354293 0.718939 -0.826540
v -0.302662 0.723514 -0.822342
v -0.270293 0.817627 -0.910833
v -0.079360 0.455993 -0.627824
v -0.005453 0.482062 -0.637396
v -0.601545 0.998276 -1.082034
v -0.586309 1.060230 -1.145831
v -0.243106 0.721534 -0.819569
v -0.573495 1.063500 -1.149282
v -0.589086 1.035574 -1.110381
v -0.005149 0.380510 -0.577013
v -0.028684 0.450962 -0.616893
v -0.005839 0.575988 -0.714127
v -0.031858 0.566846 -0.699640
v -0.581956 0.924378 -1.009651
v -0.391136 0.861845 -0.941020
v -0.419090 0.944223 -1.027871
v -0.484221 0.825141 -0.917492
v -0.470416 0.970717 -1.045108
v -0.437055 0.845777 -0.927684
v -0.432854 1.090329 -1.167998
v -0.447203 1.190085 -1.279420
v -0.395103 1.115609 -1.194117
v -0.189233 0.979955 -1.054216
v -0.400919 1.166151 -1.261219
v -0.222790 0.864575 -0.953015
v -0.167845 0.865950 -0.945944
v -0.106540 0.935832 -1.019781
v -0.086360 0.743361 -0.846867
v -0.005963 0.762416 -0.853746
v -0.485452 1.144336 -1.237388
v -0.471778 1.203994 -1.306097
v -0.098799 0.854687 -0.934533
v -0.458671 1.206817 -1.309431
v -0.472919 1.179940 -1.267684
v -0.005464 0.666584 -0.784094
v -0.032080 0.736470 -0.833087
v -0.006281 0.848643 -0.938544
v -0.035840 0.844085 -0.926164
v -0.460254 1.069477 -1.155611
v -0.256917 0.999453 -1.072400
v -0.273964 1.069582 -1.154845
v -0.354615 0.967863 -1.050926
v -0.339102 1.105695 -1.184602
v -0.307042 0.987591 -1.061792
v -0.373133 1.282199 -1.390561
v -0.356546 1.345347 -1.471934
v -0.350548 1.309245 -1.423436
v -0.087134 1.137150 -1.219212
v -0.336248 1.339368 -1.474224
v -0.123413 1.024876 -1.108201
v -0.071789 1.033910 -1.108667
v -0.046744 1.127816 -1.218031
v -0.028458 0.953329 -1.036705
v -0.003500 1.015183 -1.088270
v -0.384949 1.297992 -1.421430
v -0.364681 1.346249 -1.484361
v -0.039511 1.054032 -1.128268
v -0.353084 1.349763 -1.489050
v -0.373623 1.331942 -1.454281
v -0.003025 0.931898 -1.016006
v -0.012470 0.979127 -1.053397
v -0.003812 1.094996 -1.182072
v -0.016090 1.075153 -1.151788
v -0.385505 1.255455 -1.368107
v -0.266390 1.241324 -1.338815
v -0.263453 1.288291 -1.408126
v -0.360121 1.209981 -1.312243
v -0.313853 1.312836 -1.429480
v -0.323298 1.228869 -1.325186
v -0.282100 1.426514 -1.583570
v -0.270879 1.494789 -1.684459
v -0.247022 1.449352 -1.615004
v -0.103317 1.372022 -1.507703
v -0.235906 1.479939 -1.673063
v -0.141948 1.275416 -1.391923
v -0.089497 1.279285 -1.386913
v -0.058377 1.359650 -1.501315
v -0.039843 1.197385 -1.297393
v -0.004003 1.248830 -1.347930
v -0.308327 1.449859 -1.629280
v -0.287362 1.500214 -1.705192
v -0.051181 1.292395 -1.401983
v -0.274738 1.503056 -1.709595
v -0.294401 1.484285 -1.668482
v -0.003503 1.167015 -1.262206
v -0.016397 1.216545 -1.310486
v -0.004321 1.318538 -1.446908
v -0.020157 1.306642 -1.421528
v -0.302702 1.399763 -1.557436
v -0.150000 1.374799 -1.509993
v -0.154328 1.425732 -1.593190
v -0.249463 1.351066 -1.489787
v -0.200090 1.445665 -1.611183
v -0.202687 1.367509 -1.501590
v -0.174643 1.556079 -1.781303
v -0.155275 1.605449 -1.864256
v -0.150208 1.575850 -1.812248
v -0.074229 1.545093 -1.763468
v -0.136528 1.599269 -1.865857
v -0.095075 1.449465 -1.627631
v -0.061637 1.465515 -1.640357
v -0.045059 1.542138 -1.770379
v -0.027371 1.403472 -1.561600
v -0.003500 1.455556 -1.624086
v -0.188523 1.573532 -1.823244
v -0.163789 1.605797 -1.878387
v -0.038037 1.485836 -1.669237
v -0.151978 1.608294 -1.882744
v -0.173831 1.596606 -1.849046
v -0.003025 1.386575 -1.538063
v -0.012470 1.426335 -1.583315
v -0.003812 1.517259 -1.730677
v -0.016090 1.503166 -1.697326
v -0.190976 1.538378 -1.765452
v -0.099689 1.535445 -1.746328
v -0.103037 1.577420 -1.828598
v -0.162421 1.499488 -1.702962
v -0.124195 1.582264 -1.824710
v -0.131375 1.517941 -1.720296
v -0.086878 1.643405 -1.931434
v -0.063810 1.679889 -1.999131
v -0.064005 1.660068 -1.960104
v -0.044898 1.684942 -2.022089
v -0.032340 1.588724 -1.847755
v -0.003085 1.635344 -1.915099
v -0.099007 1.650222 -1.957951
v -0.077871 1.672330 -1.999271
v -0.062341 1.679839 -2.013585
v -0.084639 1.667638 -1.976037
v -0.003283 1.577578 -1.828864
v -0.012128 1.607677 -1.868115
v -0.002873 1.688621 -2.029202
v -0.010242 1.669897 -1.980266
v -0.102219 1.630304 -1.921731
v -0.027434 1.645248 -1.932957
v -0.021945 1.687565 -2.027155
v -0.077298 1.609161 -1.883047
v -0.040517 1.675784 -1.991350
v -0.052506 1.625715 -1.899733
v 0.004168 -0.884836 -0.069367
v 0.413235 -0.299841 -0.251848
v 0.004632 -0.655914 -0.128796
v 0.446821 -0.174434 -0.305095
v 0.022656 -0.681959 -0.127662
v 0.000000 -0.843253 -0.085365
v 0.455414 -0.178506 -0.303282
v 0.561667 0.126210 -0.463046
v 0.586724 0.246678 -0.533094
v 0.529764 0.145403 -0.474824
v 0.338060 -0.017504 -0.386933
v 0.538007 0.219591 -0.509673
v 0.354200 -0.168389 -0.308456
v 0.302889 -0.170674 -0.314171
v 0.271062 -0.051712 -0.363106
v 0.079986 -0.472545 -0.187574
v 0.005483 -0.450453 -0.202811
v 0.608054 0.209561 -0.503041
v 0.612675 0.277782 -0.544213
v 0.243796 -0.173486 -0.313875
v 0.600179 0.280728 -0.546035
v 0.609018 0.238695 -0.528268
v 0.005176 -0.558873 -0.158630
v 0.028911 -0.484697 -0.189867
v 0.000000 -0.393161 -0.222800
v 0.005872 -0.335618 -0.238261
v 0.000000 -0.519715 -0.177960
v 0.032113 -0.352369 -0.238334
v 0.575530 0.119394 -0.451539
v 0.020521 -0.815828 -0.092027
v 0.000000 -0.713237 -0.118868
v 0.436862 -0.247920 -0.273254
v 0.448896 -0.211212 -0.296290
v 0.004373 -0.773327 -0.103685
v 0.246804 -0.562473 -0.157473
v 0.301356 -0.328527 -0.241049
v 0.271326 -0.446564 -0.204199
v 0.343741 -0.315686 -0.252762
v 0.310574 -0.440738 -0.205353
v 0.351590 -0.403490 -0.212392
v 0.401604 -0.222084 -0.284895
v 0.384369 -0.300226 -0.259923
v 0.411694 -0.289513 -0.263326
v 0.434337 -0.206597 -0.298297
v 0.391596 -0.007750 -0.392838
v 0.419691 0.100320 -0.441742
v 0.481296 -0.025050 -0.376277
v 0.474821 0.129460 -0.464860
v 0.438299 -0.020527 -0.385415
v 0.597724 0.435091 -0.655033
v 0.623343 0.563088 -0.747291
v 0.551494 0.453074 -0.668586
v 0.338060 0.282975 -0.555375
v 0.559993 0.526712 -0.712621
v 0.355055 0.139931 -0.463675
v 0.302889 0.137000 -0.469082
v 0.271062 0.251058 -0.528557
v 0.079986 -0.152210 -0.315749
v 0.005483 -0.131584 -0.332919
v 0.654452 0.517772 -0.705348
v 0.656757 0.598909 -0.766064
v 0.243796 0.134226 -0.468534
v 0.643235 0.601654 -0.768177
v 0.652380 0.555628 -0.741691
v 0.005176 -0.235572 -0.279130
v 0.028911 -0.164519 -0.316936
v 0.000000 -0.076330 -0.357998
v 0.005872 -0.020418 -0.378591
v 0.000000 -0.198319 -0.301916
v 0.032113 -0.037107 -0.377151
v 0.619913 0.420270 -0.636688
v 0.392500 0.292835 -0.562561
v 0.420607 0.396170 -0.621133
v 0.502000 0.279700 -0.546106
v 0.482137 0.428518 -0.650509
v 0.445334 0.283369 -0.555620
v 0.596772 0.701751 -0.856791
v 0.605745 0.808621 -0.948664
v 0.544068 0.715182 -0.869109
v 0.338060 0.563787 -0.747818
v 0.549000 0.781843 -0.916823
v 0.355345 0.429681 -0.643849
v 0.302889 0.426093 -0.648845
v 0.271062 0.534390 -0.718259
v 0.079986 0.151718 -0.470320
v 0.005483 0.170729 -0.489262
v 0.650782 0.773099 -0.908415
v 0.635547 0.839127 -0.967051
v 0.243796 0.423379 -0.648052
v 0.621707 0.841711 -0.969401
v 0.637298 0.802255 -0.942996
v 0.005176 0.071955 -0.426410
v 0.028911 0.139352 -0.470404
v 0.000000 0.223525 -0.519171
v 0.005872 0.277377 -0.544670
v 0.000000 0.107026 -0.452429
v 0.032113 0.260883 -0.541747
v 0.630167 0.693663 -0.841371
v 0.392192 0.572626 -0.755597
v 0.420149 0.670204 -0.823040
v 0.508839 0.565347 -0.741294
v 0.478622 0.696744 -0.852652
v 0.445261 0.563511 -0.747610
v 0.555741 0.918915 -1.051066
v 0.564714 1.018455 -1.150834
v 0.519449 0.945384 -1.078115
v 0.338060 0.826310 -0.964547
v 0.524381 1.007934 -1.131105
v 0.354320 0.701067 -0.848245
v 0.302889 0.697995 -0.853684
v 0.271062 0.799667 -0.932484
v 0.079986 0.440642 -0.651391
v 0.005483 0.457887 -0.671954
v 0.601544 0.979188 -1.101005
v 0.586309 1.040708 -1.164355
v 0.243796 0.695363 -0.852652
v 0.573495 1.043955 -1.167782
v 0.589086 1.006566 -1.138524
v 0.005176 0.365115 -0.600540
v 0.028911 0.428318 -0.650372
v 0.000000 0.507804 -0.706454
v 0.005872 0.559166 -0.736656
v 0.000000 0.397725 -0.629584
v 0.032113 0.542999 -0.732273
v 0.581956 0.905807 -1.029128
v 0.391166 0.833512 -0.972259
v 0.419123 0.924706 -1.048110
v 0.484221 0.806467 -0.938511
v 0.470416 0.942389 -1.073935
v 0.437055 0.818760 -0.957744
v 0.432854 1.060746 -1.195536
v 0.447203 1.159456 -1.305790
v 0.395103 1.084471 -1.222560
v 0.189233 0.951530 -1.082948
v 0.400919 1.144984 -1.279725
v 0.222790 0.845613 -0.973774
v 0.167844 0.838721 -0.975812
v 0.106540 0.916349 -1.040052
v 0.086360 0.725285 -0.868402
v 0.005963 0.735143 -0.885915
v 0.485452 1.124225 -1.255272
v 0.471778 1.183466 -1.323500
v 0.098799 0.826405 -0.965818
v 0.458671 1.186269 -1.326810
v 0.472919 1.149417 -1.294177
v 0.005464 0.649069 -0.806088
v 0.032080 0.710599 -0.864139
v 0.000000 0.781174 -0.924407
v 0.006281 0.829798 -0.959410
v 0.000000 0.678601 -0.837774
v 0.035839 0.817086 -0.956240
v 0.460254 1.049890 -1.174067
v 0.256917 0.969586 -1.102175
v 0.273964 1.049122 -1.174129
v 0.354615 0.948145 -1.070970
v 0.339102 1.075951 -1.211966
v 0.307042 0.959087 -1.090444
v 0.373133 1.250602 -1.415764
v 0.356546 1.313088 -1.496284
v 0.350548 1.275987 -1.449369
v 0.087134 1.107076 -1.246213
v 0.336248 1.316936 -1.491173
v 0.123413 1.004742 -1.127826
v 0.071789 1.004919 -1.136828
v 0.046744 1.106930 -1.236853
v 0.028458 0.933718 -1.056852
v 0.003500 0.985143 -1.117871
v 0.384949 1.276806 -1.438025
v 0.364681 1.324725 -1.500516
v 0.039511 1.023567 -1.157432
v 0.353084 1.328214 -1.505172
v 0.373623 1.299824 -1.478815
v 0.003025 0.912444 -1.036305
v 0.012470 0.950711 -1.082138
v 0.000000 1.030648 -1.163574
v 0.003812 1.074350 -1.201157
v 0.000000 0.937863 -1.069495
v 0.016090 1.045729 -1.179497
v 0.385505 1.234567 -1.385076
v 0.266390 1.208809 -1.365674
v 0.263453 1.266232 -1.425558
v 0.360121 1.188494 -1.330376
v 0.313853 1.280919 -1.454275
v 0.323298 1.197833 -1.351075
v 0.282099 1.393404 -1.606748
v 0.270879 1.460962 -1.706579
v 0.247022 1.414560 -1.638840
v 0.103317 1.339483 -1.531677
v 0.235906 1.456479 -1.688558
v 0.141948 1.253451 -1.409474
v 0.089497 1.247720 -1.412154
v 0.058377 1.337069 -1.518066
v 0.039843 1.175990 -1.315635
v 0.004003 1.216233 -1.374690
v 0.308327 1.427611 -1.644420
v 0.287362 1.477612 -1.719801
v 0.051181 1.259321 -1.428151
v 0.274738 1.480435 -1.724174
v 0.294401 1.450568 -1.690770
v 0.003503 1.145842 -1.280706
v 0.016396 1.185637 -1.336529
v 0.000000 1.256032 -1.422587
v 0.004321 1.296257 -1.464057
v 0.000000 1.170709 -1.318922
v 0.020157 1.274789 -1.446407
v 0.302702 1.377864 -1.573080
v 0.150000 1.340822 -1.534979
v 0.154328 1.402668 -1.609269
v 0.249463 1.328547 -1.506622
v 0.200090 1.412354 -1.634072
v 0.202686 1.335018 -1.525629
v 0.174642 1.521610 -1.802406
v 0.155275 1.570461 -1.884489
v 0.150208 1.539674 -1.833926
v 0.074229 1.510739 -1.784758
v 0.136528 1.574936 -1.879943
v 0.095075 1.426228 -1.643459
v 0.061637 1.431996 -1.662939
v 0.045059 1.518223 -1.785163
v 0.027371 1.380571 -1.577911
v 0.003500 1.420696 -1.647823
v 0.188523 1.550418 -1.837027
v 0.163789 1.582457 -1.891785
v 0.038036 1.450645 -1.692480
v 0.151977 1.584936 -1.896111
v 0.173831 1.561711 -1.869439
v 0.003025 1.363797 -1.554545
v 0.012470 1.393227 -1.606496
v 0.000000 1.457270 -1.700943
v 0.003812 1.493526 -1.745752
v 0.000000 1.382854 -1.591754
v 0.016090 1.469252 -1.719311
v 0.190975 1.515510 -1.779640
v 0.099689 1.499711 -1.768727
v 0.103037 1.553246 -1.842956
v 0.162421 1.475885 -1.718238
v 0.124195 1.547520 -1.845359
v 0.131374 1.483872 -1.742040
v 0.086878 1.608019 -1.950963
v 0.063810 1.644120 -2.017949
v 0.064005 1.622969 -1.980163
v 0.044898 1.659982 -2.035033
v 0.032340 1.564468 -1.861974
v 0.003085 1.598517 -1.935650
v 0.099007 1.626571 -1.970792
v 0.077871 1.648524 -2.011822
v 0.062341 1.655980 -2.026037
v 0.084638 1.631998 -1.995097
v 0.003283 1.553404 -1.843220
v 0.012128 1.572666 -1.888308
v 0.000000 1.631993 -1.995088
v 0.002873 1.663635 -2.042094
v 0.000000 1.568377 -1.880890
v 0.010242 1.634233 -1.999282
v 0.102219 1.606793 -1.934825
v 0.027434 1.608312 -1.953314
v 0.021945 1.662586 -2.040062
v 0.077298 1.584756 -1.897007
v 0.040517 1.640058 -2.010250
v 0.052506 1.590514 -1.919594
v -0.004168 -0.884836 -0.069367
v -0.413235 -0.299841 -0.251848
v -0.004632 -0.655914 -0.128795
v -0.446821 -0.174434 -0.305095
v -0.022656 -0.681959 -0.127662
v -0.455414 -0.178506 -0.303282
v -0.561667 0.126210 -0.463046
v -0.586724 0.246678 -0.533094
v -0.529765 0.145403 -0.474824
v -0.338060 -0.017504 -0.386933
v -0.538007 0.219591 -0.509673
v -0.354200 -0.168389 -0.308456
v -0.302889 -0.170674 -0.314171
v -0.271063 -0.051713 -0.363106
v -0.079986 -0.472545 -0.187574
v -0.005483 -0.450453 -0.202811
v -0.608054 0.209561 -0.503041
v -0.612675 0.277782 -0.544213
v -0.243796 -0.173486 -0.313875
v -0.600179 0.280729 -0.546035
v -0.609018 0.238695 -0.528268
v -0.005176 -0.558873 -0.158630
v -0.028911 -0.484697 -0.189867
v -0.005872 -0.335618 -0.238261
v -0.032113 -0.352369 -0.238334
v -0.575530 0.119394 -0.451539
v -0.020521 -0.815828 -0.092027
v -0.436862 -0.247920 -0.273254
v -0.448896 -0.211212 -0.296290
v -0.004373 -0.773328 -0.103685
v -0.246804 -0.562473 -0.157473
v -0.301356 -0.328527 -0.241049
v -0.271327 -0.446564 -0.204199
v -0.343741 -0.315686 -0.252762
v -0.310575 -0.440739 -0.205353
v -0.351590 -0.403490 -0.212392
v -0.401604 -0.222084 -0.284895
v -0.384369 -0.300226 -0.259923
v -0.411694 -0.289513 -0.263326
v -0.434337 -0.206597 -0.298298
v -0.391596 -0.007750 -0.392838
v -0.419691 0.100320 -0.441742
v -0.481296 -0.025050 -0.376277
v -0.474821 0.129460 -0.464860
v -0.438299 -0.020527 -0.385415
v -0.597724 0.435091 -0.655033
v -0.623343 0.563088 -0.747291
v -0.551494 0.453074 -0.668586
v -0.338060 0.282975 -0.555375
v -0.559993 0.526712 -0.712621
v -0.355056 0.139931 -0.463675
v -0.302889 0.137000 -0.469082
v -0.271063 0.251058 -0.528557
v -0.079986 -0.152210 -0.315749
v -0.005483 -0.131584 -0.332919
v -0.654452 0.517772 -0.705348
v -0.656757 0.598909 -0.766064
v -0.243796 0.134226 -0.468534
v -0.643235 0.601654 -0.768177
v -0.652380 0.555628 -0.741691
v -0.005176 -0.235572 -0.279130
v -0.028911 -0.164519 -0.316936
v -0.005872 -0.020418 -0.378591
v -0.032113 -0.037107 -0.377151
v -0.619913 0.420270 -0.636688
v -0.392500 0.292835 -0.562561
v -0.420607 0.396170 -0.621132
v -0.502000 0.279700 -0.546106
v -0.482137 0.428518 -0.650509
v -0.445334 0.283369 -0.555620
v -0.596772 0.701751 -0.856791
v -0.605745 0.808621 -0.948664
v -0.544068 0.715182 -0.869109
v -0.338060 0.563787 -0.747818
v -0.549000 0.781843 -0.916823
v -0.355345 0.429681 -0.643849
v -0.302889 0.426093 -0.648845
v -0.271063 0.534390 -0.718259
v -0.079986 0.151718 -0.470320
v -0.005483 0.170729 -0.489262
v -0.650782 0.773099 -0.908415
v -0.635547 0.839127 -0.967051
v -0.243796 0.423379 -0.648052
v -0.621707 0.841711 -0.969401
v -0.637298 0.802255 -0.942996
v -0.005176 0.071955 -0.426410
v -0.028911 0.139352 -0.470404
v -0.005872 0.277377 -0.544670
v -0.032113 0.260883 -0.541747
v -0.630167 0.693663 -0.841371
v -0.392191 0.572626 -0.755597
v -0.420149 0.670203 -0.823040
v -0.508840 0.565347 -0.741294
v -0.478622 0.696744 -0.852652
v -0.445261 0.563511 -0.747610
v -0.555740 0.918915 -1.051066
v -0.564714 1.018455 -1.150834
v -0.519449 0.945383 -1.078115
v -0.337805 0.826085 -0.964344
v -0.524381 1.007933 -1.131104
v -0.354293 0.701042 -0.848224
v -0.302662 0.697780 -0.853507
v -0.270293 0.799008 -0.931901
v -0.079360 0.440018 -0.650960
v -0.005453 0.457857 -0.671933
v -0.601545 0.979188 -1.101005
v -0.586309 1.040707 -1.164355
v -0.243106 0.694709 -0.852113
v -0.573495 1.043955 -1.167782
v -0.589086 1.006566 -1.138524
v -0.005149 0.365087 -0.600522
v -0.028684 0.428088 -0.650214
v -0.005839 0.559136 -0.736633
v -0.031858 0.542756 -0.732093
v -0.581956 0.905807 -1.029127
v -0.391136 0.833484 -0.972234
v -0.419090 0.924679 -1.048084
v -0.484221 0.806467 -0.938511
v -0.470416 0.942389 -1.073935
v -0.437055 0.818760 -0.957744
v -0.432854 1.060746 -1.195536
v -0.447203 1.159456 -1.305790
v -0.395103 1.084471 -1.222560
v -0.189233 0.951530 -1.082948
v -0.400919 1.144985 -1.279726
v -0.222790 0.845613 -0.973774
v -0.167845 0.838721 -0.975812
v -0.106540 0.916349 -1.040053
v -0.086360 0.725284 -0.868402
v -0.005963 0.735143 -0.885915
v -0.485452 1.124225 -1.255272
v -0.471778 1.183466 -1.323500
v -0.098799 0.826405 -0.965818
v -0.458671 1.186269 -1.326810
v -0.472919 1.149417 -1.294177
v -0.005464 0.649069 -0.806088
v -0.032080 0.710599 -0.864139
v -0.006281 0.829798 -0.959410
v -0.035840 0.817086 -0.956240
v -0.460254 1.049890 -1.174067
v -0.256917 0.969586 -1.102175
v -0.273964 1.049122 -1.174129
v -0.354615 0.948145 -1.070970
v -0.339102 1.075952 -1.211967
v -0.307042 0.959087 -1.090444
v -0.373133 1.250602 -1.415764
v -0.356546 1.313088 -1.496284
v -0.350548 1.275987 -1.449369
v -0.087134 1.107076 -1.246213
v -0.336248 1.316936 -1.491173
v -0.123413 1.004742 -1.127826
v -0.071789 1.004919 -1.136828
v -0.046744 1.106930 -1.236853
v -0.028458 0.933718 -1.056852
v -0.003500 0.985143 -1.117871
v -0.384949 1.276806 -1.438025
v -0.364681 1.324725 -1.500516
v -0.039511 1.023567 -1.157431
v -0.353084 1.328214 -1.505172
v -0.373623 1.299824 -1.478815
v -0.003025 0.912444 -1.036305
v -0.012470 0.950711 -1.082138
v -0.003812 1.074350 -1.201158
v -0.016090 1.045729 -1.179497
v -0.385505 1.234567 -1.385076
v -0.266390 1.208809 -1.365674
v -0.263453 1.266232 -1.425558
v -0.360121 1.188494 -1.330376
v -0.313853 1.280919 -1.454275
v -0.323298 1.197833 -1.351075
v -0.282100 1.393404 -1.606748
v -0.270879 1.460962 -1.706579
v -0.247022 1.414560 -1.638840
v -0.103317 1.339483 -1.531677
v -0.235906 1.456479 -1.688558
v -0.141948 1.253451 -1.409474
v -0.089497 1.247720 -1.412154
v -0.058377 1.337069 -1.518066
v -0.039843 1.175990 -1.315635
v -0.004003 1.216234 -1.374690
v -0.308327 1.427611 -1.644420
v -0.287362 1.477612 -1.719801
v -0.051181 1.259321 -1.428151
v -0.274738 1.480434 -1.724173
v -0.294401 1.450569 -1.690770
v -0.003503 1.145842 -1.280706
v -0.016397 1.185637 -1.336529
v -0.004321 1.296257 -1.464057
v -0.020157 1.274789 -1.446407
v -0.302702 1.377864 -1.573080
v -0.150000 1.340822 -1.534979
v -0.154328 1.402668 -1.609269
v -0.249463 1.328547 -1.506622
v -0.200090 1.412354 -1.634072
v -0.202687 1.335018 -1.525629
v -0.174643 1.521610 -1.802406
v -0.155275 1.570461 -1.884489
v -0.150208 1.539674 -1.833925
v -0.074229 1.510738 -1.784758
v -0.136528 1.574936 -1.879943
v -0.095075 1.426228 -1.643458
v -0.061637 1.431996 -1.662939
v -0.045059 1.518223 -1.785163
v -0.027371 1.380571 -1.577911
v -0.003500 1.420696 -1.647823
v -0.188523 1.550418 -1.837027
v -0.163789 1.582457 -1.891785
v -0.038037 1.450645 -1.692481
v -0.151978 1.584936 -1.896111
v -0.173831 1.561711 -1.869438
v -0.003025 1.363797 -1.554545
v -0.012470 1.393227 -1.606496
v -0.003812 1.493526 -1.745752
v -0.016090 1.469252 -1.719311
v -0.190976 1.515510 -1.779640
v -0.099689 1.499711 -1.768727
v -0.103037 1.553247 -1.842957
v -0.162421 1.475885 -1.718238
v -0.124195 1.547520 -1.845358
v -0.131375 1.483872 -1.742040
v -0.086878 1.608019 -1.950963
v -0.063810 1.644120 -2.017949
v -0.064005 1.622969 -1.980163
v -0.044898 1.659983 -2.035033
v -0.032340 1.564468 -1.861974
v -0.003085 1.598517 -1.935650
v -0.099007 1.626570 -1.970791
v -0.077871 1.648525 -2.011823
v -0.062341 1.655980 -2.026037
v -0.084639 1.631998 -1.995097
v -0.003283 1.553404 -1.843220
v -0.012128 1.572666 -1.888308
v -0.002873 1.663635 -2.042094
v -0.010242 1.634233 -1.999282
v -0.102219 1.606793 -1.934825
v -0.027434 1.608312 -1.953313
v -0.021945 1.662586 -2.040062
v -0.077298 1.584756 -1.897007
v -0.040517 1.640058 -2.010250
v -0.052506 1.590514 -1.919594
v 0.418230 -0.285966 -0.242951
v 0.019644 -0.878234 -0.056451
v 0.023915 -0.609130 -0.128124
v 0.450146 -0.165887 -0.294174
v 0.578416 0.272460 -0.525140
v 0.528302 0.028394 -0.387633
v 0.356403 0.052855 -0.400372
v 0.286060 -0.255653 -0.255427
v 0.618477 0.266020 -0.521203
v 0.604200 0.291199 -0.536693
v 0.034000 -0.279724 -0.245495
v 0.027595 -0.545751 -0.148099
v 0.594866 0.169676 -0.464356
v 0.454045 -0.196052 -0.280850
v 0.293834 -0.501767 -0.162676
v 0.360166 -0.250260 -0.257678
v 0.386669 -0.345666 -0.219259
v 0.431956 -0.178540 -0.288547
v 0.482152 0.178232 -0.469252
v 0.409108 -0.124933 -0.312764
v 0.615060 0.590178 -0.742446
v 0.563821 0.329982 -0.561082
v 0.356403 0.351833 -0.575110
v 0.286060 0.057670 -0.402906
v 0.663549 0.584165 -0.737883
v 0.648172 0.613788 -0.760545
v 0.034000 0.034594 -0.390841
v 0.027595 -0.221553 -0.269827
v 0.642579 0.469826 -0.654571
v 0.489480 0.476808 -0.659475
v 0.415874 0.182960 -0.471971
v 0.596738 0.835473 -0.945597
v 0.578790 0.618110 -0.763889
v 0.356403 0.630610 -0.773618
v 0.286060 0.352985 -0.575855
v 0.647621 0.829320 -0.940066
v 0.626186 0.853991 -0.962388
v 0.034000 0.331077 -0.561780
v 0.027595 0.086748 -0.418394
v 0.650892 0.736846 -0.859754
v 0.485816 0.743932 -0.865728
v 0.419093 0.473900 -0.657429
v 0.555706 1.045462 -1.149827
v 0.537759 0.842615 -0.952047
v 0.356403 0.890564 -0.996207
v 0.286060 0.631690 -0.774462
v 0.598384 1.032918 -1.136720
v 0.576948 1.055874 -1.160802
v 0.034000 0.611125 -0.758489
v 0.027595 0.380564 -0.593876
v 0.601655 0.946625 -1.049801
v 0.477610 0.988267 -1.091052
v 0.410887 0.737301 -0.860137
v 0.438428 1.186678 -1.306504
v 0.409731 0.985028 -1.087798
v 0.195568 1.006459 -1.109474
v 0.152791 0.778544 -0.895327
v 0.483794 1.177186 -1.295413
v 0.462475 1.198858 -1.320860
v 0.037084 0.880733 -0.987030
v 0.029563 0.666531 -0.802043
v 0.484117 1.093263 -1.200938
v 0.343824 1.119142 -1.229408
v 0.279703 0.881525 -0.987766
v 0.344615 1.337483 -1.495100
v 0.377790 1.210282 -1.334457
v 0.092300 1.160025 -1.275579
v 0.061609 0.953636 -1.056658
v 0.376943 1.320385 -1.472454
v 0.355132 1.339985 -1.498444
v 0.017328 1.107003 -1.215982
v 0.010089 0.916000 -1.020254
v 0.389715 1.256059 -1.390255
v 0.308621 1.313957 -1.464029
v 0.327511 1.144846 -1.258262
v 0.259483 1.486290 -1.708444
v 0.281925 1.348118 -1.509364
v 0.107814 1.390037 -1.566972
v 0.080173 1.204486 -1.327543
v 0.300401 1.473834 -1.689352
v 0.277767 1.493248 -1.719218
v 0.021401 1.332464 -1.488416
v 0.013880 1.153101 -1.267654
v 0.313049 1.404987 -1.588074
v 0.197267 1.448397 -1.651116
v 0.202460 1.291085 -1.434440
v 0.143496 1.595035 -1.886669
v 0.182231 1.495369 -1.722517
v 0.078643 1.556738 -1.821379
v 0.053458 1.397326 -1.577223
v 0.177551 1.584514 -1.868436
v 0.154039 1.597504 -1.890981
v 0.017328 1.522993 -1.766191
v 0.010089 1.370173 -1.539392
v 0.196199 1.540787 -1.795032
v 0.121055 1.581494 -1.863245
v 0.135415 1.452011 -1.656489
v 0.049048 1.673773 -2.031091
v 0.095183 1.600742 -1.896658
v 0.089964 1.651984 -1.989623
v 0.069647 1.665346 -2.014907
v 0.009247 1.684671 -2.052304
v 0.013018 1.561293 -1.828992
v 0.106263 1.626486 -1.942601
v 0.033473 1.678915 -2.041061
v 0.057452 1.579002 -1.858974
v -0.418230 -0.285966 -0.242951
v -0.019644 -0.878234 -0.056451
v -0.023915 -0.609130 -0.128124
v -0.450147 -0.165887 -0.294174
v 0.000000 -0.902299 -0.051051
v 0.000000 -0.640966 -0.118544
v -0.578416 0.272460 -0.525140
v -0.528302 0.028394 -0.387633
v -0.356403 0.052855 -0.400372
v -0.286060 -0.255653 -0.255427
v -0.618477 0.266020 -0.521203
v 0.000000 -0.321143 -0.228851
v 0.000000 -0.575505 -0.138571
v -0.604200 0.291199 -0.536694
v -0.034000 -0.279725 -0.245495
v -0.027595 -0.545751 -0.148099
v -0.594866 0.169676 -0.464356
v -0.454045 -0.196052 -0.280850
v -0.293834 -0.501767 -0.162676
v -0.360167 -0.250260 -0.257678
v -0.386670 -0.345666 -0.219259
v -0.431956 -0.178540 -0.288547
v -0.482152 0.178232 -0.469252
v -0.409108 -0.124933 -0.312764
v -0.615059 0.590178 -0.742446
v -0.563822 0.329982 -0.561082
v -0.356403 0.351833 -0.575110
v -0.286060 0.057670 -0.402906
v -0.663549 0.584165 -0.737883
v 0.000000 -0.005152 -0.370526
v 0.000000 -0.250325 -0.257651
v -0.648172 0.613788 -0.760545
v -0.034000 0.034594 -0.390841
v -0.027595 -0.221553 -0.269827
v -0.642579 0.469826 -0.654570
v -0.489480 0.476808 -0.659475
v -0.415875 0.182961 -0.471971
v -0.596738 0.835473 -0.945597
v -0.578790 0.618110 -0.763889
v -0.356403 0.630610 -0.773618
v -0.286060 0.352985 -0.575855
v -0.647621 0.829320 -0.940066
v 0.000000 0.293301 -0.537999
v 0.000000 0.059177 -0.403700
v -0.626186 0.853992 -0.962388
v -0.034000 0.331077 -0.561780
v -0.027595 0.086748 -0.418394
v -0.650892 0.736846 -0.859754
v -0.485816 0.743932 -0.865728
v -0.419093 0.473901 -0.657429
v -0.555706 1.045463 -1.149828
v -0.537759 0.842615 -0.952047
v -0.356131 0.890340 -0.995997
v -0.285846 0.631486 -0.774303
v -0.598384 1.032918 -1.136720
v 0.000000 0.575622 -0.731433
v 0.000000 0.354414 -0.576781
v -0.576948 1.055874 -1.160802
v -0.033728 0.610882 -0.758301
v -0.027381 0.380348 -0.593733
v -0.601655 0.946625 -1.049801
v -0.477610 0.988267 -1.091052
v -0.410887 0.737301 -0.860137
v -0.438428 1.186678 -1.306504
v -0.409731 0.985028 -1.087798
v -0.195568 1.006459 -1.109474
v -0.152791 0.778544 -0.895327
v -0.483794 1.177186 -1.295413
v 0.000000 0.846418 -0.955494
v 0.000000 0.640310 -0.781225
v -0.462475 1.198858 -1.320860
v -0.037084 0.880734 -0.987030
v -0.029564 0.666531 -0.802043
v -0.484117 1.093263 -1.200938
v -0.343824 1.119142 -1.229408
v -0.279703 0.881525 -0.987766
v -0.344615 1.337483 -1.495100
v -0.377790 1.210282 -1.334457
v -0.092300 1.160025 -1.275579
v -0.061610 0.953636 -1.056658
v -0.376943 1.320385 -1.472454
v 0.000000 1.095649 -1.203539
v 0.000000 0.909486 -1.014053
v -0.355132 1.339985 -1.498444
v -0.017328 1.107003 -1.215982
v -0.010089 0.916000 -1.020254
v -0.389715 1.256059 -1.390255
v -0.308621 1.313957 -1.464029
v -0.327511 1.144847 -1.258262
v -0.259483 1.486290 -1.708444
v -0.281925 1.348118 -1.509364
v -0.107814 1.390037 -1.566972
v -0.080173 1.204486 -1.327543
v -0.300402 1.473834 -1.689352
v 0.000000 1.314622 -1.464899
v 0.000000 1.143211 -1.256408
v -0.277767 1.493248 -1.719218
v -0.021401 1.332464 -1.488416
v -0.013881 1.153101 -1.267654
v -0.313049 1.404987 -1.588074
v -0.197267 1.448397 -1.651116
v -0.202460 1.291085 -1.434440
v -0.143496 1.595036 -1.886669
v -0.182231 1.495369 -1.722517
v -0.078643 1.556738 -1.821379
v -0.053458 1.397326 -1.577223
v -0.177551 1.584514 -1.868436
v 0.000000 1.514053 -1.751914
v 0.000000 1.364876 -1.532124
v -0.154039 1.597504 -1.890981
v -0.017328 1.522993 -1.766190
v -0.010089 1.370173 -1.539392
v -0.196199 1.540787 -1.795032
v -0.121055 1.581495 -1.863245
v -0.135415 1.452011 -1.656489
v -0.049048 1.673773 -2.031091
v -0.095183 1.600742 -1.896658
v -0.089964 1.651984 -1.989623
v 0.000000 1.684954 -2.052860
v 0.000000 1.557679 -1.822947
v -0.069647 1.665346 -2.014907
v -0.009247 1.684671 -2.052304
v -0.013018 1.561293 -1.828992
v -0.106263 1.626486 -1.942602
v -0.033473 1.678915 -2.041061
v -0.057452 1.579002 -1.858974
v 0.097391 0.386804 -0.581151
v 0.221644 0.313881 -0.534273
v 0.087668 0.284086 -0.507533
v 0.097391 0.371334 -0.604629
v 0.221644 0.298945 -0.558094
v 0.087668 0.262049 -0.543492
v 0.147603 0.212787 -0.489326
v 0.186034 0.475910 -0.658843
v 0.155496 0.274492 -0.550117
v 0.174712 0.405250 -0.634657
v 0.155496 0.295738 -0.515735
v 0.174712 0.427883 -0.601172
v 0.097391 0.091827 -0.405164
v 0.221644 0.015013 -0.364979
v 0.087668 -0.017049 -0.341004
v 0.097391 0.078514 -0.429928
v 0.221644 0.002262 -0.390037
v 0.087668 -0.035790 -0.378785
v 0.147603 -0.089687 -0.329230
v 0.186034 0.187510 -0.474595
v 0.155496 -0.022806 -0.384273
v 0.174712 0.114974 -0.456810
v 0.155496 -0.004712 -0.348133
v 0.174712 0.134529 -0.421439
v 0.097391 0.664901 -0.782755
v 0.221644 0.596453 -0.729558
v 0.087668 0.569162 -0.700266
v 0.097391 0.647399 -0.804758
v 0.221644 0.579451 -0.751951
v 0.087668 0.544005 -0.734115
v 0.147603 0.499773 -0.675770
v 0.186034 0.746721 -0.868087
v 0.155496 0.555807 -0.741824
v 0.174712 0.678501 -0.837693
v 0.155496 0.580035 -0.709475
v 0.174712 0.704031 -0.806360
v 0.097391 -0.221432 -0.254591
v 0.221644 -0.301561 -0.221506
v 0.087668 -0.335656 -0.200523
v 0.097391 -0.232455 -0.280457
v 0.221644 -0.311998 -0.247613
v 0.087668 -0.350910 -0.239842
v 0.147603 -0.409061 -0.195355
v 0.186034 -0.119872 -0.315102
v 0.155496 -0.337483 -0.244136
v 0.174712 -0.193718 -0.303938
v 0.155496 -0.322726 -0.206510
v 0.174712 -0.177436 -0.266946
v 0.054790 -0.810413 -0.058070
v 0.149620 -0.683589 -0.091576
v 0.066393 -0.573343 -0.124512
v 0.183038 -0.445749 -0.167186
v 0.059911 -0.689522 -0.082605
v 0.164369 -0.561926 -0.120753
v 0.054790 -0.817131 -0.085371
v 0.149620 -0.691233 -0.118633
v 0.066393 -0.581794 -0.151328
v 0.183038 -0.455132 -0.193691
v 0.059911 -0.700902 -0.123215
v 0.164369 -0.574703 -0.160945
v 0.125520 -0.497396 -0.164157
v 0.246548 -0.368761 -0.210402
v 0.195307 -0.641399 -0.118416
v 0.099899 -0.769656 -0.082853
v 0.231452 -0.443080 -0.204513
v 0.117972 -0.571024 -0.161194
v 0.205831 -0.578704 -0.158754
v 0.105161 -0.706459 -0.120749
v 0.231452 -0.429442 -0.166467
v 0.117972 -0.558743 -0.122689
v 0.205831 -0.566504 -0.120222
v 0.105161 -0.695615 -0.081815
v -0.097391 -0.221433 -0.254591
v -0.221644 -0.301561 -0.221506
v -0.087668 -0.335656 -0.200523
v -0.097391 -0.232455 -0.280457
v -0.221644 -0.311998 -0.247613
v -0.087668 -0.350910 -0.239842
v -0.147603 -0.409061 -0.195355
v -0.186034 -0.119872 -0.315102
v -0.155497 -0.337483 -0.244136
v -0.174712 -0.193718 -0.303938
v -0.155497 -0.322726 -0.206510
v -0.174712 -0.177436 -0.266946
v -0.054790 -0.810414 -0.058070
v -0.149620 -0.683589 -0.091576
v -0.066393 -0.573344 -0.124512
v -0.183038 -0.445749 -0.167186
v -0.059911 -0.689522 -0.082605
v -0.164369 -0.561926 -0.120753
v -0.054790 -0.817131 -0.085371
v -0.149620 -0.691233 -0.118633
v -0.066393 -0.581793 -0.151328
v -0.183038 -0.455132 -0.193691
v -0.059911 -0.700902 -0.123215
v -0.164369 -0.574703 -0.160945
v -0.246548 -0.368761 -0.210402
v -0.125520 -0.497396 -0.164157
v -0.099899 -0.769656 -0.082853
v -0.195307 -0.641399 -0.118415
v -0.231452 -0.443080 -0.204513
v -0.117972 -0.571024 -0.161194
v -0.205831 -0.578703 -0.158754
v -0.105161 -0.706460 -0.120749
v -0.231452 -0.429442 -0.166467
v -0.117972 -0.558743 -0.122689
v -0.205831 -0.566504 -0.120222
v -0.105161 -0.695615 -0.081815
v -0.097391 0.091827 -0.405164
v -0.221644 0.015013 -0.364979
v -0.087668 -0.017049 -0.341003
v -0.097391 0.078514 -0.429928
v -0.221644 0.002262 -0.390037
v -0.087668 -0.035790 -0.378785
v -0.147603 -0.089687 -0.329230
v -0.186034 0.187510 -0.474595
v -0.155497 -0.022806 -0.384273
v -0.174712 0.114974 -0.456810
v -0.155497 -0.004712 -0.348133
v -0.174712 0.134529 -0.421439
v -0.097391 0.386804 -0.581151
v -0.221644 0.313881 -0.534273
v -0.087668 0.284086 -0.507533
v -0.097391 0.371334 -0.604629
v -0.221644 0.298945 -0.558094
v -0.087668 0.262049 -0.543492
v -0.147603 0.212787 -0.489326
v -0.186034 0.475910 -0.658843
v -0.155497 0.274492 -0.550117
v -0.174712 0.405250 -0.634657
v -0.155497 0.295738 -0.515735
v -0.174712 0.427883 -0.601172
v -0.096621 0.664208 -0.782203
v -0.221018 0.595844 -0.729096
v -0.086978 0.568474 -0.699755
v -0.096621 0.646711 -0.804212
v -0.221018 0.578847 -0.751493
v -0.086978 0.543324 -0.733609
v -0.146745 0.498930 -0.675168
v -0.184945 0.745782 -0.867292
v -0.154590 0.554914 -0.741156
v -0.173690 0.677561 -0.836928
v -0.154590 0.579133 -0.708799
v -0.173690 0.703081 -0.805587
v 0.268361 1.128625 -1.218930
v 0.137005 1.139481 -1.220494
v 0.145435 1.201844 -1.302633
v 0.268361 1.107732 -1.237745
v 0.137005 1.108080 -1.248648
v 0.145435 1.180417 -1.320837
v 0.205308 1.241685 -1.372502
v 0.194905 1.047602 -1.152075
v 0.204025 1.198785 -1.352217
v 0.198823 1.103110 -1.241803
v 0.204025 1.229831 -1.326340
v 0.198823 1.133142 -1.214755
v -0.268361 1.128625 -1.218930
v -0.137005 1.139481 -1.220494
v -0.145435 1.201844 -1.302633
v -0.268361 1.107732 -1.237745
v -0.137005 1.108080 -1.248648
v -0.145435 1.180417 -1.320837
v -0.205309 1.241685 -1.372502
v -0.194905 1.047602 -1.152075
v -0.204025 1.198785 -1.352217
v -0.198823 1.103110 -1.241803
v -0.204025 1.229831 -1.326340
v -0.198823 1.133142 -1.214755
v 0.000000 -1.549525 0.071231
v 0.000000 -1.254548 0.046169
v 0.000000 -0.956535 -0.002559
v 0.000000 -0.663232 -0.074386
v 0.000000 -0.376425 -0.168873
v 0.000000 -0.097863 -0.285445
v 0.000000 0.170756 -0.423392
v 0.033129 -1.545106 0.058441
v 0.033129 -1.251732 0.033155
v 0.033129 -0.955360 -0.015627
v 0.033129 -0.663685 -0.087331
v 0.033129 -0.378477 -0.181523
v 0.033129 -0.101467 -0.297631
v 0.033129 0.165665 -0.434950
v -0.033129 -1.545107 0.058441
v -0.033129 -1.251732 0.033155
v -0.033129 -0.955360 -0.015627
v -0.033129 -0.663685 -0.087331
v -0.033129 -0.378477 -0.181523
v -0.033129 -0.101467 -0.297631
v -0.033129 0.165664 -0.434950
v 0.000000 -1.553029 -0.004096
v 0.000000 -1.263802 -0.028669
v 0.000000 -0.971599 -0.076448
v 0.000000 -0.684014 -0.146874
v 0.000000 -0.402799 -0.239519
v 0.000000 -0.129667 -0.353819
v 0.000000 0.133715 -0.489077
v 0.033129 -1.547508 0.008225
v 0.033129 -1.257958 -0.016731
v 0.033129 -0.965451 -0.064876
v 0.033129 -0.677579 -0.135646
v 0.033129 -0.396090 -0.228609
v 0.033129 -0.122691 -0.343203
v 0.033129 0.140957 -0.478732
v -0.033129 -1.547508 0.008225
v -0.033129 -1.257958 -0.016731
v -0.033129 -0.965451 -0.064876
v -0.033129 -0.677579 -0.135646
v -0.033129 -0.396090 -0.228609
v -0.033129 -0.122691 -0.343203
v -0.033129 0.140957 -0.478732
v -0.038099 -1.402092 0.023707
v -0.038099 -1.106154 -0.013316
v -0.038099 -0.813994 -0.073252
v -0.038099 -0.527382 -0.155737
v -0.038099 -0.248057 -0.260271
v -0.038099 0.022289 -0.386220
v -0.038099 0.282016 -0.532822
v 0.038099 0.282015 -0.532822
v 0.038099 0.022289 -0.386220
v 0.038099 -0.248057 -0.260271
v 0.038099 -0.527382 -0.155737
v 0.038099 -0.813994 -0.073252
v 0.038099 -1.106154 -0.013316
v 0.038099 -1.402092 0.023707
v -0.019049 0.262363 -0.563154
v -0.019049 0.004573 -0.417742
v -0.019049 -0.263766 -0.292865
v -0.019049 -0.541023 -0.189285
v -0.019049 -0.825510 -0.107630
v -0.019049 -1.115496 -0.048399
v -0.019049 -1.409217 -0.011950
v 0.019049 0.262363 -0.563154
v 0.019049 0.004573 -0.417742
v 0.019049 -0.263766 -0.292865
v 0.019049 -0.541023 -0.189285
v 0.019049 -0.825510 -0.107630
v 0.019049 -1.115496 -0.048399
v 0.019049 -1.409217 -0.011950
v -0.019049 0.300296 -0.501643
v -0.019049 0.037596 -0.353461
v -0.019049 -0.235854 -0.226206
v -0.019049 -0.518392 -0.120653
v -0.019049 -0.808297 -0.037443
v -0.019049 -1.103806 0.022917
v -0.019049 -1.403121 0.060059
v 0.019049 0.300296 -0.501643
v 0.019049 0.037596 -0.353461
v 0.019049 -0.235854 -0.226206
v 0.019049 -0.518392 -0.120653
v 0.019049 -0.808297 -0.037443
v 0.019049 -1.103806 0.022917
v 0.019049 -1.403121 0.060059
v 0.018942 1.685318 -1.981847
v 0.019049 1.186294 -1.253067
v 0.019049 -1.547717 0.069574
v 0.018942 -1.706730 0.072259
v -0.018942 1.685318 -1.981847
v -0.019049 1.186294 -1.253067
v -0.019049 -1.547717 0.069574
v -0.018942 -1.706730 0.072259
v 0.018942 1.624146 -2.014289
v 0.019049 1.131801 -1.300534
v 0.019049 -1.551110 -0.002613
v 0.018942 -1.707133 0.003019
v -0.018942 1.624146 -2.014289
v -0.019049 1.131801 -1.300534
v -0.019049 -1.551110 -0.002613
v -0.018942 -1.707133 0.003019
v 0.038099 1.157836 -1.275411
v 0.038099 -1.545065 0.033273
v 0.018835 -1.720716 0.037695
v 0.018835 1.690858 -2.067910
v 0.037332 -1.702434 0.037611
v 0.037332 1.652722 -1.994284
v -0.038099 1.157836 -1.275411
v -0.038099 0.431868 -0.630176
v -0.018835 -1.720716 0.037695
v -0.018835 1.690858 -2.067910
v -0.037332 -1.702434 0.037611
v -0.037332 1.652721 -1.994284
v 0.004249 -0.828916 -0.047240
v 0.056830 -0.758182 -0.064953
v 0.608034 0.289877 -0.513115
v 0.594062 0.196570 -0.457468
v 0.371023 -0.077934 -0.312437
v 0.005699 -0.371472 -0.187771
v 0.093054 -0.267865 -0.228514
v 0.408681 0.077585 -0.390580
v 0.005298 -0.501021 -0.141601
v 0.083046 -0.407141 -0.174538
v 0.063502 -0.621633 -0.103221
v 0.004516 -0.696080 -0.081685
v 0.395833 -0.237896 -0.240949
v 0.367076 -0.343040 -0.198609
v 0.431957 -0.243098 -0.239687
v 0.451480 -0.169722 -0.271276
v 0.538526 0.216903 -0.468311
v 0.505918 0.075687 -0.389573
v 0.651128 0.613361 -0.735784
v 0.637991 0.508533 -0.658233
v 0.371903 0.229935 -0.475975
v 0.005699 -0.051567 -0.325071
v 0.093054 0.047939 -0.375000
v 0.409595 0.378144 -0.568112
v 0.005298 -0.176420 -0.267393
v 0.083046 -0.085896 -0.308671
v 0.560480 0.527626 -0.670908
v 0.527134 0.385305 -0.572804
v 0.630406 0.856564 -0.938558
v 0.635720 0.771014 -0.863324
v 0.371894 0.517960 -0.663942
v 0.005699 0.251127 -0.488584
v 0.093054 0.345782 -0.547192
v 0.409156 0.656988 -0.768638
v 0.005298 0.131918 -0.419997
v 0.083046 0.218399 -0.469187
v 0.549933 0.786687 -0.875657
v 0.526841 0.662033 -0.772626
v 0.582194 1.061055 -1.138125
v 0.587509 0.981318 -1.056756
v 0.370868 0.787210 -0.876107
v 0.005699 0.538025 -0.678452
v 0.093054 0.627073 -0.745271
v 0.408130 0.916380 -0.992749
v 0.005298 0.425411 -0.599502
v 0.083046 0.507158 -0.656212
v 0.525315 1.016118 -1.090471
v 0.502222 0.900277 -0.977621
v 0.467202 1.204855 -1.297984
v 0.468613 1.126313 -1.208453
v 0.239002 0.929946 -1.005630
v 0.006164 0.814245 -0.899653
v 0.103720 0.905601 -0.982603
v 0.268427 1.047351 -1.122574
v 0.005694 0.709364 -0.810714
v 0.092116 0.794934 -0.882789
v 0.401915 1.155326 -1.239601
v 0.375290 1.042313 -1.117345
v 0.362530 1.349401 -1.478723
v 0.381456 1.295078 -1.408163
v 0.129706 1.080366 -1.157336
v 0.003696 1.062863 -1.138799
v 0.044052 1.100483 -1.178948
v 0.142369 1.181777 -1.269802
v 0.003243 0.968823 -1.043247
v 0.033537 1.000149 -1.074343
v 0.342798 1.334664 -1.457849
v 0.356525 1.260826 -1.364009
v 0.284054 1.502960 -1.698563
v 0.300516 1.443764 -1.609912
v 0.145742 1.324188 -1.444166
v 0.004204 1.291630 -1.402432
v 0.055733 1.335272 -1.458647
v 0.152861 1.410232 -1.560492
v 0.003734 1.204333 -1.296066
v 0.045076 1.242012 -1.341028
v 0.241498 1.474914 -1.654375
v 0.249293 1.401492 -1.548250
v 0.161569 1.609388 -1.872781
v 0.184346 1.569299 -1.804696
v 0.097163 1.492167 -1.680454
v 0.003696 1.493405 -1.682344
v 0.042439 1.522327 -1.727185
v 0.101741 1.565355 -1.796532
v 0.003243 1.418017 -1.571482
v 0.032269 1.442651 -1.606803
v 0.142489 1.595947 -1.847920
v 0.157377 1.539051 -1.753750
v 0.072223 1.678668 -1.998628
v 0.095347 1.650156 -1.945483
v 0.002965 1.668193 -1.977074
v 0.030313 1.615707 -1.882105
v 0.003200 1.604026 -1.861799
v 0.053600 1.678503 -1.996500
v 0.072230 1.635025 -1.916329
v 0.024336 1.672644 -1.985429
v -0.004250 -0.828916 -0.047240
v -0.056830 -0.758183 -0.064953
v -0.608034 0.289877 -0.513115
v -0.594062 0.196570 -0.457468
v -0.371024 -0.077934 -0.312437
v -0.005699 -0.371472 -0.187771
v -0.093054 -0.267865 -0.228514
v -0.408681 0.077585 -0.390580
v -0.005298 -0.501022 -0.141601
v -0.083047 -0.407141 -0.174538
v -0.063502 -0.621633 -0.103221
v -0.004517 -0.696080 -0.081685
v -0.395834 -0.237897 -0.240949
v -0.367076 -0.343040 -0.198609
v -0.431957 -0.243098 -0.239687
v -0.451480 -0.169722 -0.271276
v -0.538526 0.216903 -0.468311
v -0.505918 0.075687 -0.389573
v -0.651128 0.613360 -0.735784
v -0.637991 0.508533 -0.658233
v -0.371903 0.229935 -0.475975
v -0.005699 -0.051567 -0.325071
v -0.093054 0.047939 -0.375000
v -0.409595 0.378144 -0.568112
v -0.005298 -0.176420 -0.267393
v -0.083047 -0.085896 -0.308671
v -0.560480 0.527627 -0.670908
v -0.527134 0.385306 -0.572804
v -0.630406 0.856564 -0.938558
v -0.635720 0.771014 -0.863325
v -0.371894 0.517960 -0.663942
v -0.005699 0.251127 -0.488584
v -0.093054 0.345782 -0.547192
v -0.409156 0.656988 -0.768638
v -0.005298 0.131919 -0.419997
v -0.083047 0.218399 -0.469187
v -0.549933 0.786687 -0.875657
v -0.526841 0.662033 -0.772626
v -0.582194 1.061055 -1.138125
v -0.587508 0.981318 -1.056756
v -0.370840 0.787182 -0.876084
v -0.005667 0.537994 -0.678429
v -0.092320 0.626377 -0.744733
v -0.408098 0.916352 -0.992722
v -0.005270 0.425382 -0.599483
v -0.082395 0.506498 -0.655742
v -0.525315 1.016118 -1.090471
v -0.502222 0.900277 -0.977621
v -0.467202 1.204855 -1.297984
v -0.468613 1.126313 -1.208453
v -0.239002 0.929946 -1.005630
v -0.006164 0.814245 -0.899653
v -0.103720 0.905601 -0.982603
v -0.268427 1.047351 -1.122574
v -0.005694 0.709364 -0.810714
v -0.092116 0.794933 -0.882789
v -0.401915 1.155325 -1.239600
v -0.375290 1.042313 -1.117345
v -0.362531 1.349401 -1.478723
v -0.381456 1.295078 -1.408163
v -0.129706 1.080366 -1.157336
v -0.003696 1.062863 -1.138799
v -0.044052 1.100483 -1.178948
v -0.142369 1.181776 -1.269801
v -0.003243 0.968823 -1.043247
v -0.033538 1.000149 -1.074343
v -0.342798 1.334663 -1.457848
v -0.356525 1.260826 -1.364009
v -0.284054 1.502960 -1.698563
v -0.300516 1.443764 -1.609912
v -0.145743 1.324188 -1.444165
v -0.004204 1.291630 -1.402432
v -0.055733 1.335272 -1.458647
v -0.152861 1.410232 -1.560492
v -0.003734 1.204333 -1.296066
v -0.045076 1.242012 -1.341029
v -0.241498 1.474915 -1.654375
v -0.249293 1.401493 -1.548251
v -0.161569 1.609388 -1.872780
v -0.184346 1.569299 -1.804696
v -0.097163 1.492167 -1.680454
v -0.003696 1.493405 -1.682344
v -0.042439 1.522327 -1.727185
v -0.101741 1.565355 -1.796532
v -0.003243 1.418017 -1.571482
v -0.032269 1.442651 -1.606803
v -0.142489 1.595947 -1.847920
v -0.157377 1.539051 -1.753750
v -0.072224 1.678668 -1.998628
v -0.095347 1.650156 -1.945483
v -0.002965 1.668193 -1.977074
v -0.030313 1.615707 -1.882105
v -0.003200 1.604026 -1.861799
v -0.053600 1.678503 -1.996500
v -0.072230 1.635025 -1.916329
v -0.024336 1.672644 -1.985429
v 0.004249 -0.838362 -0.086538
v 0.056830 -0.768371 -0.104064
v 0.608034 0.269575 -0.546091
v 0.594062 0.177206 -0.491003
v 0.371023 -0.095260 -0.348952
v 0.005699 -0.385718 -0.225594
v 0.093054 -0.283198 -0.265909
v 0.408681 0.058628 -0.426276
v 0.005298 -0.513908 -0.179908
v 0.083046 -0.421013 -0.212500
v 0.063502 -0.633255 -0.141931
v 0.004516 -0.706920 -0.120621
v 0.395834 -0.253544 -0.278214
v 0.367076 -0.357584 -0.236318
v 0.431957 -0.258041 -0.275412
v 0.451480 -0.185403 -0.306684
v 0.538526 0.196484 -0.503190
v 0.505918 0.056750 -0.425278
v 0.651128 0.589806 -0.766521
v 0.637991 0.486033 -0.689750
v 0.371903 0.209380 -0.510774
v 0.005699 -0.069169 -0.361453
v 0.093054 0.029293 -0.410859
v 0.409595 0.356033 -0.601945
v 0.005298 -0.192712 -0.304381
v 0.083046 -0.103138 -0.345225
v 0.560480 0.503948 -0.703662
v 0.527134 0.363120 -0.606587
v 0.630406 0.830564 -0.967256
v 0.635720 0.745875 -0.892779
v 0.371894 0.494382 -0.696769
v 0.005699 0.230349 -0.523251
v 0.093054 0.324010 -0.581244
v 0.409156 0.631951 -0.800367
v 0.005298 0.112391 -0.455384
v 0.083046 0.197964 -0.504057
v 0.549933 0.760290 -0.906263
v 0.526841 0.636943 -0.804313
v 0.582194 1.032998 -1.164816
v 0.587509 0.954064 -1.084266
v 0.370868 0.760807 -0.906708
v 0.005699 0.514237 -0.711127
v 0.093054 0.602351 -0.777245
v 0.408130 0.888622 -1.022126
v 0.005298 0.402805 -0.633006
v 0.083046 0.483693 -0.689120
v 0.525315 0.987313 -1.118822
v 0.502222 0.872689 -1.007157
v 0.467202 1.175352 -1.323069
v 0.468613 1.097601 -1.234438
v 0.239002 0.902046 -1.034872
v 0.006164 0.787558 -0.930008
v 0.103720 0.877956 -1.012086
v 0.268427 1.018219 -1.150589
v 0.005694 0.683778 -0.842001
v 0.092116 0.768449 -0.913320
v 0.401915 1.125060 -1.266388
v 0.375290 1.013234 -1.145415
v 0.362530 1.318445 -1.501990
v 0.381456 1.264669 -1.432139
v 0.129706 1.050888 -1.184986
v 0.003696 1.033568 -1.166644
v 0.044052 1.070793 -1.206371
v 0.142369 1.151234 -1.296271
v 0.003243 0.940514 -1.072095
v 0.033537 0.971513 -1.102864
v 0.342798 1.302516 -1.482345
v 0.356525 1.229455 -1.389491
v 0.284054 1.470460 -1.719620
v 0.300516 1.411860 -1.631860
v 0.145742 1.292151 -1.468806
v 0.004204 1.259935 -1.427511
v 0.055733 1.303119 -1.483136
v 0.152861 1.377293 -1.583912
v 0.003734 1.173554 -1.322261
v 0.045076 1.210838 -1.366752
v 0.241498 1.441297 -1.676811
v 0.249293 1.368645 -1.571800
v 0.161569 1.575817 -1.892085
v 0.184346 1.536133 -1.824685
v 0.097163 1.458368 -1.702616
v 0.003696 1.459592 -1.704486
v 0.042439 1.488212 -1.748857
v 0.101741 1.530788 -1.817476
v 0.003243 1.384996 -1.594787
v 0.032269 1.409372 -1.629737
v 0.142489 1.561060 -1.868324
v 0.157377 1.504760 -1.775143
v 0.072223 1.644401 -2.016668
v 0.095347 1.616176 -1.964056
v 0.002965 1.632546 -1.996123
v 0.030313 1.580612 -1.902151
v 0.003200 1.569054 -1.882058
v 0.053600 1.642749 -2.015346
v 0.072230 1.599727 -1.936016
v 0.024336 1.636952 -2.004391
v -0.004250 -0.838362 -0.086538
v -0.056830 -0.768371 -0.104064
v -0.608034 0.269575 -0.546091
v -0.594062 0.177206 -0.491003
v -0.371024 -0.095260 -0.348952
v -0.005699 -0.385718 -0.225594
v -0.093054 -0.283198 -0.265909
v -0.408681 0.058628 -0.426276
v -0.005298 -0.513908 -0.179908
v -0.083047 -0.421013 -0.212500
v -0.063502 -0.633254 -0.141931
v -0.004517 -0.706920 -0.120621
v -0.395834 -0.253544 -0.278214
v -0.367076 -0.357584 -0.236318
v -0.431957 -0.258041 -0.275412
v -0.451480 -0.185403 -0.306684
v -0.538526 0.196484 -0.503190
v -0.505918 0.056750 -0.425278
v -0.651128 0.589806 -0.766521
v -0.637991 0.486033 -0.689750
v -0.371903 0.209380 -0.510774
v -0.005699 -0.069169 -0.361453
v -0.093054 0.029293 -0.410859
v -0.409595 0.356033 -0.601945
v -0.005298 -0.192712 -0.304381
v -0.083047 -0.103138 -0.345225
v -0.560480 0.503947 -0.703662
v -0.527134 0.363120 -0.606587
v -0.630406 0.830564 -0.967256
v -0.635720 0.745874 -0.892779
v -0.371894 0.494382 -0.696769
v -0.005699 0.230349 -0.523251
v -0.093054 0.324011 -0.581244
v -0.409156 0.631952 -0.800367
v -0.005298 0.112391 -0.455384
v -0.083047 0.197964 -0.504057
v -0.549933 0.760290 -0.906263
v -0.526841 0.636943 -0.804313
v -0.582194 1.032998 -1.164816
v -0.587508 0.954064 -1.084266
v -0.370840 0.760781 -0.906686
v -0.005667 0.514207 -0.711105
v -0.092320 0.601661 -0.776712
v -0.408098 0.888594 -1.022099
v -0.005270 0.402776 -0.632986
v -0.082395 0.483040 -0.688655
v -0.525315 0.987313 -1.118822
v -0.502222 0.872689 -1.007157
v -0.467202 1.175352 -1.323069
v -0.468613 1.097601 -1.234438
v -0.239002 0.902046 -1.034872
v -0.006164 0.787558 -0.930008
v -0.103720 0.877956 -1.012086
v -0.268427 1.018219 -1.150589
v -0.005694 0.683778 -0.842001
v -0.092116 0.768450 -0.913320
v -0.401915 1.125061 -1.266388
v -0.375290 1.013234 -1.145415
v -0.362531 1.318445 -1.501990
v -0.381456 1.264669 -1.432139
v -0.129706 1.050888 -1.184986
v -0.003696 1.033568 -1.166644
v -0.044052 1.070793 -1.206371
v -0.142369 1.151234 -1.296272
v -0.003243 0.940514 -1.072095
v -0.033538 0.971513 -1.102864
v -0.342798 1.302517 -1.482346
v -0.356525 1.229454 -1.389491
v -0.284054 1.470460 -1.719620
v -0.300516 1.411860 -1.631860
v -0.145743 1.292152 -1.468807
v -0.004204 1.259935 -1.427511
v -0.055733 1.303119 -1.483136
v -0.152861 1.377293 -1.583912
v -0.003734 1.173554 -1.322261
v -0.045076 1.210838 -1.366751
v -0.241498 1.441296 -1.676810
v -0.249293 1.368644 -1.571799
v -0.161569 1.575818 -1.892086
v -0.184346 1.536133 -1.824685
v -0.097163 1.458368 -1.702616
v -0.003696 1.459592 -1.704486
v -0.042439 1.488212 -1.748857
v -0.101741 1.530788 -1.817476
v -0.003243 1.384996 -1.594787
v -0.032269 1.409372 -1.629737
v -0.142489 1.561060 -1.868324
v -0.157377 1.504760 -1.775143
v -0.072224 1.644401 -2.016668
v -0.095347 1.616176 -1.964056
v -0.002965 1.632546 -1.996123
v -0.030313 1.580612 -1.902151
v -0.003200 1.569054 -1.882058
v -0.053600 1.642749 -2.015346
v -0.072230 1.599727 -1.936016
v -0.024336 1.636952 -2.004391
v 0.004140 -0.898684 -0.051851
v 0.406155 -0.311140 -0.232819
v 0.004674 -0.634475 -0.120472
v 0.444655 -0.166755 -0.293786
v 0.455880 -0.172254 -0.291336
v 0.537232 0.232373 -0.500919
v 0.348126 -0.190512 -0.283274
v 0.275408 -0.028803 -0.358713
v 0.078935 -0.487088 -0.167673
v 0.611839 0.225005 -0.496539
v 0.613117 0.285791 -0.533344
v 0.596837 0.289468 -0.535620
v 0.005134 -0.571190 -0.139936
v 0.005934 -0.313524 -0.231870
v 0.568862 0.104243 -0.427868
v 0.437212 -0.242400 -0.260978
v 0.054090 -0.831633 -0.067372
v 0.306136 -0.306141 -0.234814
v 0.345895 -0.416153 -0.192760
v 0.403411 -0.206688 -0.276225
v 0.423440 0.119931 -0.436464
v 0.472014 -0.050558 -0.348026
v 0.559218 0.540279 -0.705139
v 0.348972 0.120067 -0.436539
v 0.275408 0.274270 -0.526249
v 0.078935 -0.164897 -0.294617
v 0.658875 0.533568 -0.700218
v 0.657226 0.607986 -0.756070
v 0.639893 0.611411 -0.758709
v 0.005134 -0.246151 -0.259400
v 0.005934 0.002163 -0.374221
v 0.613488 0.402847 -0.608685
v 0.424356 0.416179 -0.617652
v 0.492526 0.254396 -0.514142
v 0.548225 0.795999 -0.910528
v 0.349374 0.412421 -0.615116
v 0.275408 0.557715 -0.718032
v 0.078935 0.140966 -0.448140
v 0.655000 0.788339 -0.903834
v 0.635998 0.848947 -0.957792
v 0.618365 0.852211 -0.960765
v 0.005134 0.063178 -0.405815
v 0.005934 0.300257 -0.542332
v 0.628363 0.681959 -0.814468
v 0.423898 0.690442 -0.821356
v 0.502041 0.545367 -0.708886
v 0.523606 1.022556 -1.125985
v 0.348348 0.686429 -0.818092
v 0.275408 0.822919 -0.934338
v 0.078935 0.431912 -0.628341
v 0.605762 0.994724 -1.097562
v 0.586760 1.051183 -1.155846
v 0.570153 1.055067 -1.159948
v 0.005134 0.358210 -0.579244
v 0.005934 0.582164 -0.736369
v 0.580152 0.896130 -1.001431
v 0.422873 0.945015 -1.048231
v 0.477422 0.789197 -0.904582
v 0.400058 1.159797 -1.275317
v 0.216817 0.832521 -0.942941
v 0.107467 0.937851 -1.041268
v 0.084259 0.717177 -0.843328
v 0.490625 1.140764 -1.253639
v 0.472272 1.194439 -1.315635
v 0.455329 1.197802 -1.319609
v 0.005380 0.644084 -0.784199
v 0.006320 0.852661 -0.961175
v 0.457521 1.040862 -1.145006
v 0.275667 1.067942 -1.173631
v 0.346808 0.931663 -1.035284
v 0.333866 1.330719 -1.486101
v 0.121116 0.996040 -1.098893
v 0.047638 1.128276 -1.239594
v 0.026609 0.928227 -1.031972
v 0.386085 1.289025 -1.431804
v 0.364990 1.335949 -1.493054
v 0.349677 1.340101 -1.498599
v 0.002946 0.910750 -1.015255
v 0.003850 1.097538 -1.205602
v 0.386898 1.232168 -1.360867
v 0.262964 1.282480 -1.423461
v 0.361320 1.181930 -1.300946
v 0.233805 1.471003 -1.685046
v 0.140554 1.248228 -1.380556
v 0.059250 1.358350 -1.523219
v 0.037935 1.172276 -1.289711
v 0.310746 1.441529 -1.640961
v 0.287729 1.489391 -1.713236
v 0.271342 1.492768 -1.718472
v 0.003419 1.144860 -1.258277
v 0.004359 1.318449 -1.469911
v 0.303554 1.374492 -1.545346
v 0.154791 1.420875 -1.610835
v 0.249395 1.322707 -1.475510
v 0.134403 1.589573 -1.877174
v 0.094320 1.423953 -1.615287
v 0.045931 1.538704 -1.791625
v 0.025590 1.379677 -1.552524
v 0.189959 1.564627 -1.834588
v 0.164110 1.594563 -1.885845
v 0.148581 1.597551 -1.891063
v 0.002946 1.365904 -1.533532
v 0.003850 1.515542 -1.754282
v 0.193360 1.517616 -1.757588
v 0.103475 1.570962 -1.845284
v 0.164180 1.474793 -1.690814
v 0.041741 1.676431 -2.036235
v 0.033047 1.568893 -1.841783
v 0.100279 1.639925 -1.967189
v 0.079626 1.660076 -2.004880
v 0.059003 1.669886 -2.023602
v 0.003312 1.558135 -1.823709
v 0.002840 1.685197 -2.053337
v 0.104659 1.613387 -1.919039
v 0.021093 1.682133 -2.047335
v 0.079001 1.589471 -1.876997
v -0.004140 -0.898684 -0.051851
v -0.406155 -0.311140 -0.232819
v -0.004674 -0.634475 -0.120472
v -0.444656 -0.166755 -0.293786
v -0.455880 -0.172254 -0.291336
v -0.537232 0.232373 -0.500919
v -0.348126 -0.190512 -0.283274
v -0.098951 -0.209960 -0.274810
v -0.218577 -0.329308 -0.225635
v -0.611839 0.225005 -0.496539
v -0.613117 0.285791 -0.533345
v -0.596837 0.289468 -0.535620
v -0.005134 -0.571190 -0.139936
v -0.005934 -0.313524 -0.231870
v -0.568862 0.104243 -0.427868
v -0.437212 -0.242400 -0.260978
v -0.243401 -0.576157 -0.138365
v -0.067434 -0.560014 -0.143498
v -0.345895 -0.416153 -0.192760
v -0.403412 -0.206688 -0.276225
v -0.423440 0.119931 -0.436464
v -0.472014 -0.050558 -0.348026
v -0.559218 0.540279 -0.705139
v -0.348972 0.120067 -0.436539
v -0.098951 0.101427 -0.426336
v -0.218577 -0.012994 -0.366587
v -0.658875 0.533569 -0.700218
v -0.657226 0.607986 -0.756070
v -0.639893 0.611411 -0.758709
v -0.005134 -0.246151 -0.259400
v -0.005934 0.002163 -0.374221
v -0.613488 0.402847 -0.608685
v -0.424356 0.416178 -0.617652
v -0.492526 0.254396 -0.514142
v -0.548225 0.795999 -0.910528
v -0.349374 0.412421 -0.615116
v -0.098951 0.394476 -0.603095
v -0.218577 0.285843 -0.533376
v -0.655000 0.788339 -0.903834
v -0.635998 0.848947 -0.957792
v -0.618365 0.852211 -0.960765
v -0.005134 0.063178 -0.405815
v -0.005934 0.300257 -0.542332
v -0.628363 0.681959 -0.814468
v -0.423898 0.690442 -0.821356
v -0.502041 0.545367 -0.708886
v -0.523606 1.022556 -1.125985
v -0.348322 0.686404 -0.818071
v -0.098169 0.669896 -0.804742
v -0.217960 0.568011 -0.725716
v -0.605762 0.994724 -1.097562
v -0.586760 1.051183 -1.155846
v -0.570153 1.055067 -1.159948
v -0.005107 0.358183 -0.579226
v -0.005901 0.582133 -0.736346
v -0.580152 0.896130 -1.001431
v -0.422838 0.944988 -1.048205
v -0.477422 0.789197 -0.904582
v -0.400058 1.159796 -1.275317
v -0.216817 0.832522 -0.942941
v -0.107467 0.937851 -1.041268
v -0.084259 0.717177 -0.843328
v -0.490625 1.140764 -1.253639
v -0.472272 1.194439 -1.315635
v -0.455330 1.197802 -1.319609
v -0.005380 0.644084 -0.784198
v -0.006320 0.852662 -0.961175
v -0.457521 1.040862 -1.145006
v -0.275667 1.067942 -1.173631
v -0.346808 0.931663 -1.035284
v -0.333867 1.330719 -1.486101
v -0.268609 1.098975 -1.207173
v -0.047638 1.128276 -1.239593
v -0.026609 0.928227 -1.031972
v -0.386085 1.289025 -1.431804
v -0.364990 1.335949 -1.493054
v -0.349677 1.340101 -1.498599
v -0.002946 0.910750 -1.015255
v -0.003850 1.097538 -1.205602
v -0.386898 1.232169 -1.360867
v -0.146442 1.199212 -1.321280
v -0.361320 1.181930 -1.300946
v -0.233805 1.471002 -1.685046
v -0.140554 1.248228 -1.380556
v -0.059250 1.358350 -1.523219
v -0.037935 1.172276 -1.289711
v -0.310746 1.441529 -1.640961
v -0.287729 1.489391 -1.713236
v -0.271342 1.492768 -1.718471
v -0.003420 1.144860 -1.258277
v -0.004359 1.318449 -1.469911
v -0.303555 1.374492 -1.545346
v -0.154791 1.420874 -1.610835
v -0.249395 1.322707 -1.475510
v -0.134403 1.589573 -1.877174
v -0.094320 1.423954 -1.615287
v -0.045931 1.538704 -1.791625
v -0.025590 1.379677 -1.552524
v -0.189958 1.564627 -1.834588
v -0.164110 1.594563 -1.885846
v -0.148581 1.597551 -1.891063
v -0.002946 1.365904 -1.533532
v -0.003850 1.515542 -1.754282
v -0.193360 1.517616 -1.757588
v -0.103476 1.570962 -1.845284
v -0.164180 1.474793 -1.690814
v -0.041741 1.676431 -2.036235
v -0.033047 1.568893 -1.841783
v -0.100279 1.639926 -1.967190
v -0.079626 1.660076 -2.004881
v -0.059003 1.669886 -2.023602
v -0.003312 1.558135 -1.823709
v -0.002840 1.685197 -2.053337
v -0.104659 1.613387 -1.919039
v -0.021093 1.682133 -2.047335
v -0.079001 1.589471 -1.876997
v 0.218577 0.285843 -0.533376
v 0.098951 0.394476 -0.603095
v 0.230547 0.352435 -0.599596
v 0.258963 0.487451 -0.691803
v 0.230547 0.374508 -0.565739
v 0.258963 0.510955 -0.658923
v 0.218577 -0.012994 -0.366587
v 0.098951 0.101427 -0.426336
v 0.230547 0.059242 -0.426601
v 0.258963 0.201946 -0.506394
v 0.230547 0.078205 -0.390910
v 0.258963 0.222423 -0.471549
v 0.218577 0.568606 -0.726163
v 0.098951 0.670586 -0.805296
v 0.230547 0.629025 -0.798060
v 0.258963 0.755276 -0.901946
v 0.230547 0.654030 -0.766307
v 0.258963 0.781620 -0.871294
v 0.218577 -0.329308 -0.225635
v 0.098951 -0.209960 -0.274810
v 0.230547 -0.251950 -0.278884
v 0.258963 -0.102625 -0.345468
v 0.230547 -0.236285 -0.241626
v 0.258963 -0.085377 -0.308916
v 0.067434 -0.560014 -0.143498
v 0.186034 -0.432872 -0.186706
v 0.243401 -0.576157 -0.138365
v 0.147603 -0.705373 -0.100077
v 0.288043 -0.379569 -0.227916
v 0.174712 -0.506860 -0.182287
v 0.256675 -0.513882 -0.179917
v 0.155496 -0.642415 -0.139193
v 0.288043 -0.365259 -0.190118
v 0.174712 -0.493899 -0.144005
v 0.256675 -0.500995 -0.141610
v 0.155496 -0.630891 -0.100454
v -0.078935 -0.487088 -0.167673
v -0.275409 -0.028803 -0.358713
v -0.230547 -0.251950 -0.278884
v -0.258963 -0.102625 -0.345468
v -0.230547 -0.236285 -0.241626
v -0.258963 -0.085377 -0.308916
v -0.306136 -0.306141 -0.234814
v -0.186034 -0.432872 -0.186706
v -0.054090 -0.831633 -0.067372
v -0.147603 -0.705373 -0.100077
v -0.288043 -0.379569 -0.227916
v -0.174712 -0.506860 -0.182287
v -0.256675 -0.513882 -0.179917
v -0.155497 -0.642415 -0.139193
v -0.288043 -0.365259 -0.190118
v -0.174712 -0.493899 -0.144005
v -0.256675 -0.500995 -0.141610
v -0.155497 -0.630891 -0.100454
v -0.078935 -0.164897 -0.294617
v -0.275409 0.274270 -0.526250
v -0.230547 0.059242 -0.426601
v -0.258963 0.201946 -0.506394
v -0.230547 0.078205 -0.390910
v -0.258963 0.222423 -0.471549
v -0.078935 0.140966 -0.448140
v -0.275409 0.557715 -0.718032
v -0.230547 0.352435 -0.599596
v -0.258963 0.487451 -0.691803
v -0.230547 0.374508 -0.565739
v -0.258963 0.510955 -0.658923
v -0.078318 0.431298 -0.627921
v -0.274625 0.822259 -0.933749
v -0.229896 0.628395 -0.797564
v -0.258229 0.754614 -0.901377
v -0.229896 0.653394 -0.765806
v -0.258229 0.780952 -0.870720
v 0.146442 1.199212 -1.321280
v 0.268609 1.098975 -1.207173
v 0.264798 1.244533 -1.408175
v 0.267620 1.154243 -1.299748
v 0.264798 1.276065 -1.382891
v 0.267620 1.184817 -1.273314
v -0.262964 1.282480 -1.423460
v -0.121116 0.996040 -1.098892
v -0.264798 1.244533 -1.408175
v -0.267621 1.154243 -1.299748
v -0.264798 1.276065 -1.382892
v -0.267621 1.184817 -1.273314
v -0.038099 -1.545065 0.033273
v -0.038099 -1.253763 0.008077
v -0.038099 -0.959490 -0.040439
v -0.038099 -0.669885 -0.111703
v -0.038099 -0.386702 -0.205284
v -0.038099 -0.111658 -0.320613
v -0.038099 0.153579 -0.456993
v 0.038099 0.431868 -0.630176
v 0.038099 0.153579 -0.456993
v 0.038099 -0.111657 -0.320613
v 0.038099 -0.386702 -0.205284
v 0.038099 -0.669885 -0.111703
v 0.038099 -0.959490 -0.040439
v 0.038099 -1.253763 0.008077
v -0.019049 0.411109 -0.659753
v -0.019049 0.134886 -0.487933
v -0.019049 -0.128378 -0.352686
v -0.019049 -0.401384 -0.238371
v -0.019049 -0.682470 -0.145682
v -0.019049 -0.969925 -0.075186
v -0.019049 -1.262001 -0.027309
v 0.019049 0.411109 -0.659753
v 0.019049 0.134886 -0.487933
v 0.019049 -0.128378 -0.352686
v 0.019049 -0.401384 -0.238370
v 0.019049 -0.682470 -0.145682
v 0.019049 -0.969925 -0.075186
v 0.019049 -1.262001 -0.027309
v -0.019049 0.451874 -0.600082
v -0.019049 0.170391 -0.424990
v -0.019049 -0.097888 -0.287167
v -0.019049 -0.376093 -0.170674
v -0.019049 -0.662533 -0.076220
v -0.019049 -0.955463 -0.004381
v -0.019049 -1.253101 0.044407
v 0.019049 0.451874 -0.600082
v 0.019049 0.170391 -0.424990
v 0.019049 -0.097888 -0.287167
v 0.019049 -0.376093 -0.170674
v 0.019049 -0.662533 -0.076220
v 0.019049 -0.955463 -0.004381
v 0.019049 -1.253101 0.044407
vt 0.556848 0.057682
vt 0.524328 0.059740
vt 0.525470 0.032776
vt 0.558476 0.030582
vt 0.500000 0.062317
vt 0.501045 0.035551
vt 0.508363 0.014887
vt 0.527056 0.012746
vt 0.559680 0.010551
vt 0.657385 0.055818
vt 0.603020 0.056490
vt 0.604799 0.029489
vt 0.659008 0.029072
vt 0.606114 0.009532
vt 0.660207 0.009303
vt 0.997516 0.091416
vt 0.995005 0.095071
vt 0.995626 0.077161
vt 0.998167 0.076697
vt 0.985037 0.096007
vt 0.985785 0.077456
vt 0.986908 0.052360
vt 0.996487 0.052257
vt 0.998750 0.052231
vt 0.997420 0.027357
vt 0.999277 0.027767
vt 0.988206 0.027269
vt 0.989247 0.008726
vt 0.998136 0.009455
vt 0.999569 0.013057
vt 0.937809 0.052874
vt 0.906690 0.053199
vt 0.907757 0.027708
vt 0.939068 0.027538
vt 0.861990 0.053668
vt 0.862972 0.027952
vt 0.863729 0.008945
vt 0.908638 0.008867
vt 0.940137 0.008812
vt 0.563364 0.104634
vt 0.524682 0.106489
vt 0.524670 0.086649
vt 0.564542 0.084638
vt 0.506946 0.107972
vt 0.500868 0.088862
vt 0.500000 0.062317
vt 0.525489 0.059728
vt 0.566136 0.057584
vt 0.710655 0.101258
vt 0.629141 0.102888
vt 0.630376 0.083039
vt 0.711701 0.081697
vt 0.632047 0.056185
vt 0.713115 0.055232
vt 0.936279 0.096939
vt 0.905272 0.097532
vt 0.905821 0.078691
vt 0.936849 0.078211
vt 0.860432 0.098391
vt 0.861076 0.079384
vt 0.526626 0.032769
vt 0.567730 0.030531
vt 0.501045 0.035551
vt 0.508363 0.014887
vt 0.528209 0.012744
vt 0.568908 0.010535
vt 0.633717 0.029330
vt 0.714530 0.028767
vt 0.634952 0.009481
vt 0.715576 0.009205
vt 0.654564 0.102332
vt 0.599927 0.103448
vt 0.601242 0.083491
vt 0.655763 0.082563
vt 0.554015 0.104813
vt 0.555219 0.084782
vt 0.523513 0.106512
vt 0.523505 0.086667
vt 0.506946 0.107972
vt 0.500868 0.088862
vt 0.975284 0.096192
vt 0.933998 0.096982
vt 0.934433 0.078247
vt 0.975606 0.077610
vt 0.879331 0.098029
vt 0.879915 0.079092
vt 0.880706 0.053470
vt 0.935021 0.052900
vt 0.976042 0.052468
vt 0.935610 0.027552
vt 0.976478 0.027327
vt 0.881497 0.027849
vt 0.882082 0.008912
vt 0.936045 0.008817
vt 0.976800 0.008745
vt 0.998420 0.052233
vt 0.994347 0.052276
vt 0.994700 0.027368
vt 0.998693 0.027769
vt 0.994922 0.009458
vt 0.998551 0.013058
vt 0.997440 0.091417
vt 0.993663 0.095095
vt 0.993968 0.077184
vt 0.998002 0.076699
vt 0.963937 0.096411
vt 0.964632 0.077783
vt 0.965744 0.052582
vt 0.967128 0.027385
vt 0.968278 0.008763
vt 0.997516 0.091416
vt 0.995005 0.095071
vt 0.995626 0.077161
vt 0.998167 0.076697
vt 0.985037 0.096007
vt 0.985785 0.077456
vt 0.986908 0.052360
vt 0.996487 0.052257
vt 0.998750 0.052231
vt 0.997420 0.027357
vt 0.999277 0.027767
vt 0.988206 0.027269
vt 0.989247 0.008726
vt 0.998136 0.009455
vt 0.999569 0.013057
vt 0.937809 0.052874
vt 0.906690 0.053199
vt 0.907757 0.027708
vt 0.939068 0.027538
vt 0.861990 0.053668
vt 0.862972 0.027952
vt 0.863729 0.008945
vt 0.908638 0.008867
vt 0.940137 0.008812
vt 0.563364 0.104634
vt 0.524682 0.106489
vt 0.524670 0.086649
vt 0.564542 0.084638
vt 0.506946 0.107972
vt 0.500868 0.088862
vt 0.500000 0.062317
vt 0.525489 0.059728
vt 0.566136 0.057584
vt 0.710655 0.101258
vt 0.629141 0.102888
vt 0.630376 0.083039
vt 0.711701 0.081697
vt 0.632047 0.056185
vt 0.713115 0.055232
vt 0.936279 0.096939
vt 0.905272 0.097532
vt 0.905821 0.078691
vt 0.936849 0.078211
vt 0.860432 0.098391
vt 0.861076 0.079384
vt 0.526626 0.032769
vt 0.567730 0.030531
vt 0.501045 0.035551
vt 0.508363 0.014887
vt 0.528209 0.012744
vt 0.568908 0.010535
vt 0.633717 0.029330
vt 0.714530 0.028767
vt 0.634952 0.009481
vt 0.715576 0.009205
vt 0.963937 0.096411
vt 0.964632 0.077783
vt 0.965744 0.052582
vt 0.967128 0.027385
vt 0.968278 0.008763
vt 0.997516 0.091416
vt 0.995005 0.095071
vt 0.995626 0.077161
vt 0.998167 0.076697
vt 0.985037 0.096007
vt 0.985785 0.077456
vt 0.986908 0.052360
vt 0.996487 0.052257
vt 0.998750 0.052231
vt 0.997420 0.027357
vt 0.999277 0.027767
vt 0.988206 0.027269
vt 0.989247 0.008726
vt 0.998136 0.009455
vt 0.999569 0.013057
vt 0.937809 0.052874
vt 0.906690 0.053199
vt 0.907757 0.027708
vt 0.939068 0.027538
vt 0.861990 0.053668
vt 0.862972 0.027952
vt 0.863729 0.008945
vt 0.908638 0.008867
vt 0.940137 0.008812
vt 0.563364 0.104634
vt 0.524682 0.106489
vt 0.524670 0.086649
vt 0.564542 0.084638
vt 0.506946 0.107972
vt 0.500868 0.088862
vt 0.500000 0.062317
vt 0.525489 0.059728
vt 0.566136 0.057584
vt 0.710655 0.101258
vt 0.629141 0.102888
vt 0.630376 0.083039
vt 0.711701 0.081697
vt 0.632047 0.056185
vt 0.713115 0.055232
vt 0.936279 0.096939
vt 0.905272 0.097532
vt 0.905821 0.078691
vt 0.936849 0.078211
vt 0.860432 0.098391
vt 0.861076 0.079384
vt 0.526626 0.032769
vt 0.567730 0.030531
vt 0.501045 0.035551
vt 0.508363 0.014887
vt 0.528209 0.012744
vt 0.568908 0.010535
vt 0.633717 0.029330
vt 0.714530 0.028767
vt 0.634952 0.009481
vt 0.715576 0.009205
vt 0.963937 0.096411
vt 0.964632 0.077783
vt 0.965744 0.052582
vt 0.967128 0.027385
vt 0.968278 0.008763
vt 0.997516 0.091416
vt 0.995005 0.095071
vt 0.995626 0.077161
vt 0.998167 0.076697
vt 0.985037 0.096007
vt 0.985785 0.077456
vt 0.986908 0.052360
vt 0.996487 0.052257
vt 0.998750 0.052231
vt 0.997420 0.027357
vt 0.999277 0.027767
vt 0.988206 0.027269
vt 0.989247 0.008726
vt 0.998136 0.009455
vt 0.999569 0.013057
vt 0.937809 0.052874
vt 0.906690 0.053199
vt 0.907757 0.027708
vt 0.939068 0.027538
vt 0.861990 0.053668
vt 0.862972 0.027952
vt 0.863729 0.008945
vt 0.908638 0.008867
vt 0.940137 0.008812
vt 0.563364 0.104634
vt 0.524682 0.106489
vt 0.524670 0.086649
vt 0.564542 0.084638
vt 0.506946 0.107972
vt 0.500868 0.088862
vt 0.500000 0.062317
vt 0.525489 0.059728
vt 0.566136 0.057584
vt 0.738244 0.109878
vt 0.631440 0.103607
vt 0.630951 0.083219
vt 0.713992 0.082604
vt 0.632047 0.056185
vt 0.713115 0.055232
vt 0.936279 0.096939
vt 0.904837 0.098286
vt 0.905616 0.078881
vt 0.936849 0.078211
vt 0.850571 0.107535
vt 0.860247 0.080334
vt 0.526626 0.032769
vt 0.567730 0.030531
vt 0.501045 0.035551
vt 0.508363 0.014887
vt 0.528209 0.012744
vt 0.568908 0.010535
vt 0.633717 0.029330
vt 0.714530 0.028767
vt 0.634952 0.009481
vt 0.715576 0.009205
vt 0.963937 0.096411
vt 0.964632 0.077783
vt 0.965744 0.052582
vt 0.967128 0.027385
vt 0.968278 0.008763
vt 0.997516 0.091416
vt 0.995005 0.095071
vt 0.995626 0.077161
vt 0.998167 0.076697
vt 0.985037 0.096007
vt 0.985785 0.077456
vt 0.986908 0.052360
vt 0.996487 0.052257
vt 0.998750 0.052231
vt 0.997420 0.027357
vt 0.999277 0.027767
vt 0.988206 0.027269
vt 0.989247 0.008726
vt 0.998136 0.009455
vt 0.999569 0.013057
vt 0.936482 0.052902
vt 0.899394 0.053315
vt 0.903810 0.027737
vt 0.938902 0.027542
vt 0.828820 0.054071
vt 0.834547 0.028118
vt 0.836045 0.008993
vt 0.905178 0.008873
vt 0.940137 0.008812
vt 0.584778 0.104235
vt 0.527359 0.106440
vt 0.527669 0.086605
vt 0.588532 0.084287
vt 0.506946 0.107972
vt 0.500868 0.088862
vt 0.500000 0.062317
vt 0.528806 0.059694
vt 0.592675 0.057319
vt 0.805863 0.099481
vt 0.691902 0.101719
vt 0.700539 0.082014
vt 0.817193 0.080149
vt 0.709540 0.055410
vt 0.929648 0.097078
vt 0.882703 0.097997
vt 0.890887 0.078984
vt 0.932871 0.078294
vt 0.530076 0.032751
vt 0.595326 0.030382
vt 0.501045 0.035551
vt 0.508363 0.014887
vt 0.531670 0.012738
vt 0.596593 0.010486
vt 0.714259 0.028895
vt 0.715762 0.009339
vt 0.963108 0.096428
vt 0.964135 0.077793
vt 0.965578 0.052586
vt 0.967107 0.027386
vt 0.968278 0.008763
vt 0.997516 0.091416
vt 0.995082 0.095070
vt 0.995863 0.077159
vt 0.998168 0.076697
vt 0.985651 0.096001
vt 0.987661 0.077437
vt 0.990240 0.052334
vt 0.996932 0.052254
vt 0.998761 0.052231
vt 0.998055 0.027355
vt 0.999318 0.027767
vt 0.992599 0.027251
vt 0.994241 0.008720
vt 0.998906 0.009454
vt 0.999658 0.013057
vt 0.914830 0.053181
vt 0.887674 0.053471
vt 0.895140 0.027794
vt 0.922259 0.027650
vt 0.825025 0.054122
vt 0.831773 0.028137
vt 0.833558 0.008999
vt 0.897398 0.008889
vt 0.925143 0.008843
vt 0.584778 0.104235
vt 0.527359 0.106440
vt 0.527669 0.086605
vt 0.588532 0.084287
vt 0.506946 0.107972
vt 0.500868 0.088862
vt 0.500000 0.062317
vt 0.528806 0.059694
vt 0.592675 0.057319
vt 0.798080 0.099638
vt 0.690929 0.101739
vt 0.699812 0.082027
vt 0.811373 0.080255
vt 0.709065 0.055416
vt 0.889528 0.097884
vt 0.859202 0.098472
vt 0.873178 0.079305
vt 0.901780 0.078849
vt 0.530076 0.032751
vt 0.595326 0.030382
vt 0.501045 0.035551
vt 0.508363 0.014887
vt 0.531670 0.012738
vt 0.596593 0.010486
vt 0.713912 0.028898
vt 0.715451 0.009340
vt 0.965924 0.096389
vt 0.970475 0.077724
vt 0.940502 0.096888
vt 0.948039 0.078095
vt 0.956715 0.052722
vt 0.975942 0.052502
vt 0.980310 0.027328
vt 0.962968 0.027430
vt 0.966465 0.008775
vt 0.983029 0.008743
vt 0.997516 0.091416
vt 0.995012 0.095070
vt 0.995658 0.077161
vt 0.998165 0.076697
vt 0.985088 0.096007
vt 0.986048 0.077454
vt 0.988048 0.052358
vt 0.996629 0.052257
vt 0.998738 0.052231
vt 0.997787 0.027357
vt 0.999248 0.027767
vt 0.991166 0.027268
vt 0.993989 0.008725
vt 0.998727 0.009455
vt 0.999537 0.013057
vt 0.941010 0.052893
vt 0.902647 0.053309
vt 0.912243 0.027733
vt 0.950642 0.027536
vt 0.829951 0.054069
vt 0.837480 0.028117
vt 0.840741 0.008993
vt 0.918682 0.008871
vt 0.958938 0.008810
vt 0.584778 0.104235
vt 0.527359 0.106440
vt 0.527669 0.086605
vt 0.588532 0.084287
vt 0.506946 0.107972
vt 0.500868 0.088862
vt 0.500000 0.062317
vt 0.528806 0.059694
vt 0.592675 0.057319
vt 0.805914 0.099481
vt 0.691908 0.101719
vt 0.700572 0.082014
vt 0.817455 0.080147
vt 0.709681 0.055410
vt 0.929850 0.097075
vt 0.882848 0.097996
vt 0.891639 0.078979
vt 0.933916 0.078288
vt 0.530076 0.032751
vt 0.595326 0.030382
vt 0.501045 0.035551
vt 0.508363 0.014887
vt 0.531670 0.012738
vt 0.596593 0.010486
vt 0.714625 0.028895
vt 0.716349 0.009339
vt 0.963254 0.096426
vt 0.964887 0.077789
vt 0.968838 0.052580
vt 0.975564 0.027381
vt 0.981822 0.008762
vt 0.997516 0.091416
vt 0.995004 0.095117
vt 0.995640 0.077295
vt 0.998168 0.076697
vt 0.985029 0.096378
vt 0.985870 0.078523
vt 0.987750 0.053845
vt 0.996621 0.052443
vt 0.998761 0.052231
vt 0.997831 0.027491
vt 0.999318 0.027767
vt 0.990809 0.028336
vt 0.993618 0.009097
vt 0.998828 0.009501
vt 0.999658 0.013057
vt 0.939672 0.058840
vt 0.901679 0.057584
vt 0.910890 0.030805
vt 0.948781 0.031810
vt 0.829615 0.055556
vt 0.837008 0.029185
vt 0.840178 0.009365
vt 0.917070 0.009940
vt 0.956731 0.010297
vt 0.584778 0.104235
vt 0.527359 0.106440
vt 0.527669 0.086605
vt 0.588532 0.084287
vt 0.506946 0.107972
vt 0.500868 0.088862
vt 0.500000 0.062317
vt 0.528806 0.059694
vt 0.592675 0.057319
vt 0.805855 0.099852
vt 0.691901 0.101766
vt 0.700549 0.082147
vt 0.817272 0.081216
vt 0.709639 0.055595
vt 0.929614 0.098562
vt 0.882678 0.099064
vt 0.891115 0.082051
vt 0.933188 0.082562
vt 0.530076 0.032751
vt 0.595326 0.030382
vt 0.501045 0.035551
vt 0.508363 0.014887
vt 0.531670 0.012738
vt 0.596593 0.010486
vt 0.714566 0.029029
vt 0.716278 0.009385
vt 0.963084 0.097495
vt 0.964366 0.080861
vt 0.967896 0.056854
vt 0.974285 0.030454
vt 0.980334 0.009830
vt 0.989676 0.083197
vt 0.979514 0.089367
vt 0.986289 0.073846
vt 0.994485 0.070790
vt 0.964134 0.094143
vt 0.973634 0.076035
vt 0.984073 0.051482
vt 0.993287 0.051464
vt 0.997574 0.050298
vt 0.997221 0.027524
vt 0.999070 0.027657
vt 0.990664 0.026844
vt 0.993750 0.008593
vt 0.998744 0.009569
vt 0.999597 0.013138
vt 0.601302 0.102838
vt 0.529455 0.105856
vt 0.529582 0.085036
vt 0.603131 0.080970
vt 0.506946 0.107972
vt 0.500868 0.088906
vt 0.500000 0.062671
vt 0.530563 0.057688
vt 0.605749 0.052945
vt 0.608597 0.027409
vt 0.753275 0.024384
vt 0.747729 0.048964
vt 0.610808 0.009688
vt 0.757740 0.007807
vt 0.902522 0.007386
vt 0.896628 0.023466
vt 0.888855 0.047387
vt 0.531823 0.031726
vt 0.501045 0.036567
vt 0.508363 0.016300
vt 0.533477 0.013068
vt 0.942508 0.095718
vt 0.950912 0.075414
vt 0.876049 0.096599
vt 0.881406 0.074763
vt 0.961017 0.049181
vt 0.969106 0.024921
vt 0.974150 0.007905
vt 0.739827 0.099268
vt 0.742975 0.076974
vt 0.556848 0.057682
vt 0.558547 0.029403
vt 0.525337 0.031628
vt 0.524328 0.059740
vt 0.560246 0.001125
vt 0.526347 0.003516
vt 0.500000 0.006750
vt 0.500000 0.034534
vt 0.657385 0.055818
vt 0.659078 0.027909
vt 0.604877 0.028315
vt 0.603020 0.056490
vt 0.660771 0.000000
vt 0.606733 0.000141
vt 0.998541 0.104449
vt 0.998906 0.078336
vt 0.995690 0.078390
vt 0.994882 0.104525
vt 0.999271 0.052224
vt 0.996553 0.052257
vt 0.986908 0.052360
vt 0.985742 0.078547
vt 0.984694 0.104737
vt 0.999635 0.026112
vt 0.997507 0.026127
vt 1.000000 0.000000
vt 0.998516 0.000000
vt 0.989746 0.000000
vt 0.988268 0.026178
vt 0.937809 0.052874
vt 0.939132 0.026437
vt 0.907810 0.026600
vt 0.906690 0.053199
vt 0.940656 0.000000
vt 0.909064 0.000000
vt 0.864089 0.000000
vt 0.863017 0.026834
vt 0.861990 0.053668
vt 0.562809 0.114043
vt 0.564473 0.085814
vt 0.524484 0.087834
vt 0.523479 0.115939
vt 0.566136 0.057584
vt 0.525489 0.059728
vt 0.500000 0.090101
vt 0.500000 0.117884
vt 0.710163 0.110464
vt 0.711639 0.082848
vt 0.630303 0.084207
vt 0.628560 0.112229
vt 0.713115 0.055232
vt 0.632047 0.056185
vt 0.936026 0.105752
vt 0.936817 0.079313
vt 0.905790 0.079799
vt 0.905024 0.106399
vt 0.861039 0.080502
vt 0.860133 0.107336
vt 0.567799 0.029355
vt 0.526494 0.031622
vt 0.569463 0.001125
vt 0.527499 0.003516
vt 0.500000 0.006750
vt 0.500000 0.034534
vt 0.714592 0.027616
vt 0.633790 0.028163
vt 0.716068 0.000000
vt 0.635533 0.000141
vt 0.653999 0.111635
vt 0.655692 0.083726
vt 0.601164 0.084665
vt 0.599308 0.112839
vt 0.555148 0.085960
vt 0.553449 0.114239
vt 0.523318 0.087852
vt 0.522309 0.115964
vt 0.500000 0.090101
vt 0.500000 0.117884
vt 0.975132 0.104937
vt 0.975587 0.078703
vt 0.934407 0.079349
vt 0.933793 0.105799
vt 0.976042 0.052468
vt 0.935021 0.052900
vt 0.880706 0.053470
vt 0.879881 0.080206
vt 0.879056 0.106941
vt 0.976497 0.026234
vt 0.935636 0.026450
vt 0.976952 0.000000
vt 0.936250 0.000000
vt 0.882357 0.000000
vt 0.881532 0.026735
vt 0.999271 0.052224
vt 0.999635 0.026112
vt 0.994837 0.026137
vt 0.994454 0.052275
vt 1.000000 0.000000
vt 0.995221 0.000000
vt 0.998541 0.104449
vt 0.998906 0.078336
vt 0.994070 0.078412
vt 0.993687 0.104550
vt 0.964593 0.078878
vt 0.963625 0.105177
vt 0.965744 0.052582
vt 0.967198 0.026290
vt 0.968834 0.000000
vt 0.998541 0.104449
vt 0.998906 0.078336
vt 0.995690 0.078390
vt 0.994882 0.104525
vt 0.999271 0.052224
vt 0.996553 0.052257
vt 0.986908 0.052360
vt 0.985742 0.078547
vt 0.984694 0.104737
vt 0.999635 0.026112
vt 0.997507 0.026127
vt 1.000000 0.000000
vt 0.998516 0.000000
vt 0.989746 0.000000
vt 0.988268 0.026178
vt 0.937809 0.052874
vt 0.939132 0.026437
vt 0.907810 0.026600
vt 0.906690 0.053199
vt 0.940656 0.000000
vt 0.909064 0.000000
vt 0.864089 0.000000
vt 0.863017 0.026834
vt 0.861990 0.053668
vt 0.562809 0.114043
vt 0.564473 0.085814
vt 0.524484 0.087834
vt 0.523479 0.115939
vt 0.566136 0.057584
vt 0.525489 0.059728
vt 0.500000 0.090101
vt 0.500000 0.117884
vt 0.710163 0.110464
vt 0.711639 0.082848
vt 0.630303 0.084207
vt 0.628560 0.112229
vt 0.713115 0.055232
vt 0.632047 0.056185
vt 0.936026 0.105752
vt 0.936817 0.079313
vt 0.905790 0.079799
vt 0.905024 0.106399
vt 0.861039 0.080502
vt 0.860133 0.107336
vt 0.567799 0.029355
vt 0.526494 0.031622
vt 0.569463 0.001125
vt 0.527499 0.003516
vt 0.500000 0.006750
vt 0.500000 0.034534
vt 0.714592 0.027616
vt 0.633790 0.028163
vt 0.716068 0.000000
vt 0.635533 0.000141
vt 0.964593 0.078878
vt 0.963625 0.105177
vt 0.965744 0.052582
vt 0.967198 0.026290
vt 0.968834 0.000000
vt 0.998541 0.104449
vt 0.998906 0.078336
vt 0.995690 0.078390
vt 0.994882 0.104525
vt 0.999271 0.052224
vt 0.996553 0.052257
vt 0.986908 0.052360
vt 0.985742 0.078547
vt 0.984694 0.104737
vt 0.999635 0.026112
vt 0.997507 0.026127
vt 1.000000 0.000000
vt 0.998516 0.000000
vt 0.989746 0.000000
vt 0.988268 0.026178
vt 0.937809 0.052874
vt 0.939132 0.026437
vt 0.907810 0.026600
vt 0.906690 0.053199
vt 0.940656 0.000000
vt 0.909064 0.000000
vt 0.864089 0.000000
vt 0.863017 0.026834
vt 0.861990 0.053668
vt 0.562809 0.114043
vt 0.564473 0.085814
vt 0.524484 0.087834
vt 0.523479 0.115939
vt 0.566136 0.057584
vt 0.525489 0.059728
vt 0.500000 0.090101
vt 0.500000 0.117884
vt 0.710163 0.110464
vt 0.711639 0.082848
vt 0.630303 0.084207
vt 0.628560 0.112229
vt 0.713115 0.055232
vt 0.632047 0.056185
vt 0.936026 0.105752
vt 0.936817 0.079313
vt 0.905790 0.079799
vt 0.905024 0.106399
vt 0.861039 0.080502
vt 0.860133 0.107336
vt 0.567799 0.029355
vt 0.526494 0.031622
vt 0.569463 0.001125
vt 0.527499 0.003516
vt 0.500000 0.006750
vt 0.500000 0.034534
vt 0.714592 0.027616
vt 0.633790 0.028163
vt 0.716068 0.000000
vt 0.635533 0.000141
vt 0.964593 0.078878
vt 0.963625 0.105177
vt 0.965744 0.052582
vt 0.967198 0.026290
vt 0.968834 0.000000
vt 0.998541 0.104449
vt 0.998906 0.078336
vt 0.995690 0.078390
vt 0.994882 0.104525
vt 0.999271 0.052224
vt 0.996553 0.052257
vt 0.986908 0.052360
vt 0.985742 0.078547
vt 0.984694 0.104737
vt 0.999635 0.026112
vt 0.997507 0.026127
vt 1.000000 0.000000
vt 0.998516 0.000000
vt 0.989746 0.000000
vt 0.988268 0.026178
vt 0.937809 0.052874
vt 0.939132 0.026437
vt 0.907779 0.026600
vt 0.906658 0.053200
vt 0.940656 0.000000
vt 0.909032 0.000000
vt 0.863840 0.000000
vt 0.862767 0.026835
vt 0.861739 0.053670
vt 0.562557 0.114049
vt 0.564221 0.085818
vt 0.524452 0.087834
vt 0.523447 0.115940
vt 0.565885 0.057587
vt 0.525458 0.059728
vt 0.500000 0.090101
vt 0.500000 0.117884
vt 0.709152 0.110485
vt 0.710632 0.082864
vt 0.629579 0.084218
vt 0.627833 0.112244
vt 0.712112 0.055242
vt 0.631326 0.056192
vt 0.936026 0.105752
vt 0.936817 0.079313
vt 0.905759 0.079800
vt 0.904993 0.106400
vt 0.860787 0.080506
vt 0.859880 0.107341
vt 0.567549 0.029356
vt 0.526463 0.031622
vt 0.569214 0.001125
vt 0.527468 0.003516
vt 0.500000 0.006750
vt 0.500000 0.034534
vt 0.713593 0.027621
vt 0.633072 0.028167
vt 0.715073 0.000000
vt 0.634818 0.000141
vt 0.964593 0.078878
vt 0.963625 0.105177
vt 0.965744 0.052582
vt 0.967198 0.026290
vt 0.968834 0.000000
vt 0.998541 0.104449
vt 0.998906 0.078336
vt 0.995690 0.078390
vt 0.994882 0.104525
vt 0.999271 0.052224
vt 0.996553 0.052257
vt 0.986908 0.052360
vt 0.985742 0.078547
vt 0.984694 0.104737
vt 0.999635 0.026112
vt 0.997507 0.026127
vt 1.000000 0.000000
vt 0.998516 0.000000
vt 0.989746 0.000000
vt 0.988268 0.026178
vt 0.936482 0.052902
vt 0.938967 0.026440
vt 0.903864 0.026628
vt 0.899394 0.053315
vt 0.940656 0.000000
vt 0.905608 0.000000
vt 0.836441 0.000000
vt 0.834597 0.026994
vt 0.828820 0.054071
vt 0.582934 0.113624
vt 0.588302 0.085461
vt 0.527462 0.087789
vt 0.525994 0.115887
vt 0.592675 0.057319
vt 0.528806 0.059694
vt 0.500000 0.090101
vt 0.500000 0.117884
vt 0.800223 0.108585
vt 0.816488 0.081287
vt 0.700003 0.083174
vt 0.687613 0.110997
vt 0.709540 0.055410
vt 0.928069 0.105918
vt 0.932673 0.079399
vt 0.890379 0.080103
vt 0.878638 0.106950
vt 0.595390 0.029212
vt 0.529943 0.031604
vt 0.597111 0.001125
vt 0.530955 0.003516
vt 0.500000 0.006750
vt 0.500000 0.034534
vt 0.714319 0.027745
vt 0.716245 0.000141
vt 0.964075 0.078889
vt 0.962630 0.105198
vt 0.965578 0.052586
vt 0.967177 0.026290
vt 0.968834 0.000000
vt 0.998541 0.104449
vt 0.998906 0.078336
vt 0.995918 0.078387
vt 0.994882 0.104525
vt 0.999271 0.052224
vt 0.996996 0.052253
vt 0.990240 0.052334
vt 0.987541 0.078529
vt 0.984694 0.104737
vt 0.999635 0.026112
vt 0.998144 0.026125
vt 1.000000 0.000000
vt 0.999334 0.000000
vt 0.995002 0.000000
vt 0.992695 0.026161
vt 0.914830 0.053181
vt 0.922392 0.026545
vt 0.895227 0.026683
vt 0.887674 0.053471
vt 0.926206 0.000000
vt 0.898093 0.000000
vt 0.834037 0.000000
vt 0.831833 0.027012
vt 0.825025 0.054122
vt 0.582934 0.113624
vt 0.588302 0.085461
vt 0.527462 0.087789
vt 0.525994 0.115887
vt 0.592675 0.057319
vt 0.528806 0.059694
vt 0.500000 0.090101
vt 0.500000 0.117884
vt 0.791464 0.108768
vt 0.810546 0.081396
vt 0.699261 0.083187
vt 0.686519 0.111020
vt 0.709065 0.055416
vt 0.883468 0.106849
vt 0.901023 0.079969
vt 0.872310 0.080433
vt 0.852258 0.107500
vt 0.595390 0.029212
vt 0.529943 0.031604
vt 0.597111 0.001125
vt 0.530955 0.003516
vt 0.500000 0.006750
vt 0.500000 0.034534
vt 0.713974 0.027748
vt 0.715945 0.000141
vt 0.970200 0.078822
vt 0.963725 0.105175
vt 0.975942 0.052502
vt 0.956715 0.052722
vt 0.947580 0.079201
vt 0.936828 0.105736
vt 0.980463 0.026235
vt 0.984251 0.000000
vt 0.967984 0.000000
vt 0.963158 0.026334
vt 0.998541 0.104449
vt 0.998904 0.078336
vt 0.995722 0.078389
vt 0.994882 0.104525
vt 0.999254 0.052224
vt 0.996693 0.052256
vt 0.988048 0.052358
vt 0.985999 0.078546
vt 0.984694 0.104737
vt 0.999583 0.026112
vt 0.997885 0.026127
vt 0.999899 0.000000
vt 0.999210 0.000000
vt 0.995375 0.000000
vt 0.991339 0.026177
vt 0.941010 0.052893
vt 0.951147 0.026434
vt 0.912613 0.026624
vt 0.902647 0.053309
vt 0.962974 0.000000
vt 0.921639 0.000000
vt 0.842016 0.000000
vt 0.837640 0.026993
vt 0.829951 0.054069
vt 0.582934 0.113624
vt 0.588302 0.085461
vt 0.527462 0.087789
vt 0.525994 0.115887
vt 0.592675 0.057319
vt 0.528806 0.059694
vt 0.500000 0.090101
vt 0.500000 0.117884
vt 0.800223 0.108585
vt 0.816743 0.081285
vt 0.700035 0.083174
vt 0.687613 0.110997
vt 0.709681 0.055410
vt 0.928069 0.105918
vt 0.933694 0.079394
vt 0.891112 0.080098
vt 0.878638 0.106950
vt 0.595390 0.029212
vt 0.529943 0.031604
vt 0.597111 0.001125
vt 0.530955 0.003516
vt 0.500000 0.006750
vt 0.500000 0.034534
vt 0.714700 0.027745
vt 0.716942 0.000141
vt 0.964809 0.078885
vt 0.962630 0.105198
vt 0.968838 0.052580
vt 0.975950 0.026286
vt 0.984912 0.000000
vt 0.998541 0.104449
vt 0.998906 0.078336
vt 0.995704 0.078517
vt 0.994882 0.104525
vt 0.999271 0.052224
vt 0.996685 0.052442
vt 0.987750 0.053845
vt 0.985828 0.079568
vt 0.984694 0.104737
vt 0.999635 0.026112
vt 0.997930 0.026255
vt 1.000000 0.000000
vt 0.999334 0.000000
vt 0.995002 0.000000
vt 0.990982 0.027199
vt 0.939672 0.058840
vt 0.949266 0.030523
vt 0.911245 0.029562
vt 0.901679 0.057584
vt 0.960610 0.000000
vt 0.919907 0.000000
vt 0.841411 0.000000
vt 0.837162 0.028015
vt 0.829615 0.055556
vt 0.582934 0.113624
vt 0.588302 0.085461
vt 0.527462 0.087789
vt 0.525994 0.115887
vt 0.592675 0.057319
vt 0.528806 0.059694
vt 0.500000 0.090101
vt 0.500000 0.117884
vt 0.800223 0.108585
vt 0.816568 0.082307
vt 0.700013 0.083301
vt 0.687613 0.110997
vt 0.709639 0.055595
vt 0.928069 0.105918
vt 0.932995 0.083482
vt 0.890610 0.083037
vt 0.878638 0.106950
vt 0.595390 0.029212
vt 0.529943 0.031604
vt 0.597111 0.001125
vt 0.530955 0.003516
vt 0.500000 0.006750
vt 0.500000 0.034534
vt 0.714640 0.027873
vt 0.716867 0.000141
vt 0.964310 0.081824
vt 0.962630 0.105198
vt 0.967896 0.056854
vt 0.974660 0.029225
vt 0.983330 0.000000
vt 0.998760 0.088821
vt 0.999020 0.070197
vt 0.986506 0.074627
vt 0.977624 0.096748
vt 0.999307 0.049620
vt 0.993504 0.051380
vt 0.984073 0.051482
vt 0.973050 0.077099
vt 0.959462 0.102660
vt 0.999640 0.025787
vt 0.997361 0.026253
vt 1.000000 0.000000
vt 0.999334 0.000000
vt 0.995002 0.000000
vt 0.990820 0.025769
vt 0.600453 0.113258
vt 0.603025 0.082273
vt 0.529387 0.086288
vt 0.528184 0.115841
vt 0.605749 0.052945
vt 0.530563 0.057688
vt 0.500000 0.090145
vt 0.500000 0.117884
vt 0.747729 0.048964
vt 0.753543 0.023431
vt 0.608728 0.026383
vt 0.888855 0.047387
vt 0.896976 0.022542
vt 0.905313 0.000000
vt 0.759883 0.000185
vt 0.611860 0.001479
vt 0.531694 0.030677
vt 0.532799 0.004620
vt 0.500000 0.008871
vt 0.500000 0.035639
vt 0.950404 0.076621
vt 0.938447 0.105377
vt 0.961017 0.049181
vt 0.881093 0.076070
vt 0.873546 0.107056
vt 0.969389 0.023933
vt 0.976417 0.000000
vt 0.742795 0.078308
vt 0.738387 0.109938
vt 0.556848 0.057682
vt 0.558547 0.029403
vt 0.525337 0.031628
vt 0.524328 0.059740
vt 0.560246 0.001125
vt 0.526347 0.003516
vt 0.500000 0.006750
vt 0.500000 0.034534
vt 0.500000 0.062317
vt 0.657385 0.055818
vt 0.659078 0.027909
vt 0.604877 0.028315
vt 0.603020 0.056490
vt 0.660771 0.000000
vt 0.606733 0.000141
vt 0.998541 0.104449
vt 0.998906 0.078336
vt 0.995690 0.078390
vt 0.994882 0.104525
vt 0.999271 0.052224
vt 0.996553 0.052257
vt 0.986908 0.052360
vt 0.985742 0.078547
vt 0.984694 0.104737
vt 0.999635 0.026112
vt 0.997507 0.026127
vt 1.000000 0.000000
vt 0.998516 0.000000
vt 0.989746 0.000000
vt 0.988268 0.026178
vt 0.937809 0.052874
vt 0.939132 0.026437
vt 0.907810 0.026600
vt 0.906690 0.053199
vt 0.940656 0.000000
vt 0.909064 0.000000
vt 0.864089 0.000000
vt 0.863017 0.026834
vt 0.861990 0.053668
vt 0.562809 0.114043
vt 0.564473 0.085814
vt 0.524484 0.087834
vt 0.523479 0.115939
vt 0.566136 0.057584
vt 0.525489 0.059728
vt 0.500000 0.062317
vt 0.500000 0.090101
vt 0.500000 0.117884
vt 0.710163 0.110464
vt 0.711639 0.082848
vt 0.630303 0.084207
vt 0.628560 0.112229
vt 0.713115 0.055232
vt 0.632047 0.056185
vt 0.936026 0.105752
vt 0.936817 0.079313
vt 0.905790 0.079799
vt 0.905024 0.106399
vt 0.861039 0.080502
vt 0.860133 0.107336
vt 0.567799 0.029355
vt 0.526494 0.031622
vt 0.569463 0.001125
vt 0.527499 0.003516
vt 0.500000 0.006750
vt 0.500000 0.034534
vt 0.714592 0.027616
vt 0.633790 0.028163
vt 0.716068 0.000000
vt 0.635533 0.000141
vt 0.653999 0.111635
vt 0.655692 0.083726
vt 0.601164 0.084665
vt 0.599308 0.112839
vt 0.555148 0.085960
vt 0.553449 0.114239
vt 0.523318 0.087852
vt 0.522309 0.115964
vt 0.500000 0.090101
vt 0.500000 0.117884
vt 0.975132 0.104937
vt 0.975587 0.078703
vt 0.934407 0.079349
vt 0.933793 0.105799
vt 0.976042 0.052468
vt 0.935021 0.052900
vt 0.880706 0.053470
vt 0.879881 0.080206
vt 0.879056 0.106941
vt 0.976497 0.026234
vt 0.935636 0.026450
vt 0.976952 0.000000
vt 0.936250 0.000000
vt 0.882357 0.000000
vt 0.881532 0.026735
vt 0.999271 0.052224
vt 0.999635 0.026112
vt 0.994837 0.026137
vt 0.994454 0.052275
vt 1.000000 0.000000
vt 0.995221 0.000000
vt 0.998541 0.104449
vt 0.998906 0.078336
vt 0.994070 0.078412
vt 0.993687 0.104550
vt 0.964593 0.078878
vt 0.963625 0.105177
vt 0.965744 0.052582
vt 0.967198 0.026290
vt 0.968834 0.000000
vt 0.998541 0.104449
vt 0.998906 0.078336
vt 0.995690 0.078390
vt 0.994882 0.104525
vt 0.999271 0.052224
vt 0.996553 0.052257
vt 0.986908 0.052360
vt 0.985742 0.078547
vt 0.984694 0.104737
vt 0.999635 0.026112
vt 0.997507 0.026127
vt 1.000000 0.000000
vt 0.998516 0.000000
vt 0.989746 0.000000
vt 0.988268 0.026178
vt 0.937809 0.052874
vt 0.939132 0.026437
vt 0.907810 0.026600
vt 0.906690 0.053199
vt 0.940656 0.000000
vt 0.909064 0.000000
vt 0.864089 0.000000
vt 0.863017 0.026834
vt 0.861990 0.053668
vt 0.562809 0.114043
vt 0.564473 0.085814
vt 0.524484 0.087834
vt 0.523479 0.115939
vt 0.566136 0.057584
vt 0.525489 0.059728
vt 0.500000 0.062317
vt 0.500000 0.090101
vt 0.500000 0.117884
vt 0.710163 0.110464
vt 0.711639 0.082848
vt 0.630303 0.084207
vt 0.628560 0.112229
vt 0.713115 0.055232
vt 0.632047 0.056185
vt 0.936026 0.105752
vt 0.936817 0.079313
vt 0.905790 0.079799
vt 0.905024 0.106399
vt 0.861039 0.080502
vt 0.860133 0.107336
vt 0.567799 0.029355
vt 0.526494 0.031622
vt 0.569463 0.001125
vt 0.527499 0.003516
vt 0.500000 0.006750
vt 0.500000 0.034534
vt 0.714592 0.027616
vt 0.633790 0.028163
vt 0.716068 0.000000
vt 0.635533 0.000141
vt 0.964593 0.078878
vt 0.963625 0.105177
vt 0.965744 0.052582
vt 0.967198 0.026290
vt 0.968834 0.000000
vt 0.998541 0.104449
vt 0.998906 0.078336
vt 0.995690 0.078390
vt 0.994882 0.104525
vt 0.999271 0.052224
vt 0.996553 0.052257
vt 0.986908 0.052360
vt 0.985742 0.078547
vt 0.984694 0.104737
vt 0.999635 0.026112
vt 0.997507 0.026127
vt 1.000000 0.000000
vt 0.998516 0.000000
vt 0.989746 0.000000
vt 0.988268 0.026178
vt 0.937809 0.052874
vt 0.939132 0.026437
vt 0.907810 0.026600
vt 0.906690 0.053199
vt 0.940656 0.000000
vt 0.909064 0.000000
vt 0.864089 0.000000
vt 0.863017 0.026834
vt 0.861990 0.053668
vt 0.562809 0.114043
vt 0.564473 0.085814
vt 0.524484 0.087834
vt 0.523479 0.115939
vt 0.566136 0.057584
vt 0.525489 0.059728
vt 0.500000 0.062317
vt 0.500000 0.090101
vt 0.500000 0.117884
vt 0.710163 0.110464
vt 0.711639 0.082848
vt 0.630303 0.084207
vt 0.628560 0.112229
vt 0.713115 0.055232
vt 0.632047 0.056185
vt 0.936026 0.105752
vt 0.936817 0.079313
vt 0.905790 0.079799
vt 0.905024 0.106399
vt 0.861039 0.080502
vt 0.860133 0.107336
vt 0.567799 0.029355
vt 0.526494 0.031622
vt 0.569463 0.001125
vt 0.527499 0.003516
vt 0.500000 0.006750
vt 0.500000 0.034534
vt 0.714592 0.027616
vt 0.633790 0.028163
vt 0.716068 0.000000
vt 0.635533 0.000141
vt 0.964593 0.078878
vt 0.963625 0.105177
vt 0.965744 0.052582
vt 0.967198 0.026290
vt 0.968834 0.000000
vt 0.998541 0.104449
vt 0.998906 0.078336
vt 0.995690 0.078390
vt 0.994882 0.104525
vt 0.999271 0.052224
vt 0.996553 0.052257
vt 0.986908 0.052360
vt 0.985742 0.078547
vt 0.984694 0.104737
vt 0.999635 0.026112
vt 0.997507 0.026127
vt 1.000000 0.000000
vt 0.998516 0.000000
vt 0.989746 0.000000
vt 0.988268 0.026178
vt 0.937809 0.052874
vt 0.939132 0.026437
vt 0.907810 0.026600
vt 0.906690 0.053199
vt 0.940656 0.000000
vt 0.909064 0.000000
vt 0.864089 0.000000
vt 0.863017 0.026834
vt 0.861990 0.053668
vt 0.562809 0.114043
vt 0.564473 0.085814
vt 0.524484 0.087834
vt 0.523479 0.115939
vt 0.566136 0.057584
vt 0.525489 0.059728
vt 0.500000 0.062317
vt 0.500000 0.090101
vt 0.500000 0.117884
vt 0.682081 0.111049
vt 0.709307 0.082708
vt 0.629718 0.084219
vt 0.625050 0.112302
vt 0.713115 0.055232
vt 0.632047 0.056185
vt 0.936026 0.105752
vt 0.936817 0.079313
vt 0.906376 0.079787
vt 0.908534 0.106326
vt 0.863387 0.080264
vt 0.888215 0.106750
vt 0.567799 0.029355
vt 0.526494 0.031622
vt 0.569463 0.001125
vt 0.527499 0.003516
vt 0.500000 0.006750
vt 0.500000 0.034534
vt 0.714592 0.027616
vt 0.633790 0.028163
vt 0.716068 0.000000
vt 0.635533 0.000141
vt 0.964593 0.078878
vt 0.963625 0.105177
vt 0.965744 0.052582
vt 0.967198 0.026290
vt 0.968834 0.000000
vt 0.998541 0.104449
vt 0.998906 0.078336
vt 0.995690 0.078390
vt 0.994882 0.104525
vt 0.999271 0.052224
vt 0.996553 0.052257
vt 0.986908 0.052360
vt 0.985742 0.078547
vt 0.984694 0.104737
vt 0.999635 0.026112
vt 0.997507 0.026127
vt 1.000000 0.000000
vt 0.998516 0.000000
vt 0.989746 0.000000
vt 0.988268 0.026178
vt 0.936482 0.052902
vt 0.938967 0.026440
vt 0.903864 0.026628
vt 0.899394 0.053315
vt 0.940656 0.000000
vt 0.905608 0.000000
vt 0.836441 0.000000
vt 0.834597 0.026994
vt 0.828820 0.054071
vt 0.582934 0.113624
vt 0.588302 0.085461
vt 0.527462 0.087789
vt 0.525994 0.115887
vt 0.592675 0.057319
vt 0.528806 0.059694
vt 0.500000 0.062317
vt 0.500000 0.090101
vt 0.500000 0.117884
vt 0.800223 0.108585
vt 0.816488 0.081287
vt 0.700003 0.083174
vt 0.687613 0.110997
vt 0.709540 0.055410
vt 0.928069 0.105918
vt 0.932673 0.079399
vt 0.890379 0.080103
vt 0.878638 0.106950
vt 0.595390 0.029212
vt 0.529943 0.031604
vt 0.597111 0.001125
vt 0.530955 0.003516
vt 0.500000 0.006750
vt 0.500000 0.034534
vt 0.714319 0.027745
vt 0.716245 0.000141
vt 0.964075 0.078889
vt 0.962630 0.105198
vt 0.965578 0.052586
vt 0.967177 0.026290
vt 0.968834 0.000000
vt 0.998541 0.104449
vt 0.998906 0.078336
vt 0.995918 0.078387
vt 0.994882 0.104525
vt 0.999271 0.052224
vt 0.996996 0.052253
vt 0.990240 0.052334
vt 0.987541 0.078529
vt 0.984694 0.104737
vt 0.999635 0.026112
vt 0.998144 0.026125
vt 1.000000 0.000000
vt 0.999334 0.000000
vt 0.995002 0.000000
vt 0.992695 0.026161
vt 0.914830 0.053181
vt 0.922392 0.026545
vt 0.895227 0.026683
vt 0.887674 0.053471
vt 0.926206 0.000000
vt 0.898093 0.000000
vt 0.834037 0.000000
vt 0.831833 0.027012
vt 0.825025 0.054122
vt 0.582934 0.113624
vt 0.588302 0.085461
vt 0.527462 0.087789
vt 0.525994 0.115887
vt 0.592675 0.057319
vt 0.528806 0.059694
vt 0.500000 0.062317
vt 0.500000 0.090101
vt 0.500000 0.117884
vt 0.791464 0.108768
vt 0.810546 0.081396
vt 0.699261 0.083187
vt 0.686519 0.111020
vt 0.709065 0.055416
vt 0.883468 0.106849
vt 0.901023 0.079969
vt 0.872310 0.080433
vt 0.852258 0.107500
vt 0.595390 0.029212
vt 0.529943 0.031604
vt 0.597111 0.001125
vt 0.530955 0.003516
vt 0.500000 0.006750
vt 0.500000 0.034534
vt 0.713974 0.027748
vt 0.715945 0.000141
vt 0.970200 0.078822
vt 0.963725 0.105175
vt 0.975942 0.052502
vt 0.956715 0.052722
vt 0.947580 0.079201
vt 0.936828 0.105736
vt 0.980463 0.026235
vt 0.984251 0.000000
vt 0.967984 0.000000
vt 0.963158 0.026334
vt 0.998541 0.104449
vt 0.998904 0.078336
vt 0.995722 0.078389
vt 0.994882 0.104525
vt 0.999254 0.052224
vt 0.996693 0.052256
vt 0.988048 0.052358
vt 0.985999 0.078546
vt 0.984694 0.104737
vt 0.999583 0.026112
vt 0.997885 0.026127
vt 0.999899 0.000000
vt 0.999210 0.000000
vt 0.995375 0.000000
vt 0.991339 0.026177
vt 0.941010 0.052893
vt 0.951147 0.026434
vt 0.912613 0.026624
vt 0.902647 0.053309
vt 0.962974 0.000000
vt 0.921639 0.000000
vt 0.842016 0.000000
vt 0.837640 0.026993
vt 0.829951 0.054069
vt 0.582934 0.113624
vt 0.588302 0.085461
vt 0.527462 0.087789
vt 0.525994 0.115887
vt 0.592675 0.057319
vt 0.528806 0.059694
vt 0.500000 0.062317
vt 0.500000 0.090101
vt 0.500000 0.117884
vt 0.800223 0.108585
vt 0.816743 0.081285
vt 0.700035 0.083174
vt 0.687613 0.110997
vt 0.709681 0.055410
vt 0.928069 0.105918
vt 0.933694 0.079394
vt 0.891112 0.080098
vt 0.878638 0.106950
vt 0.595390 0.029212
vt 0.529943 0.031604
vt 0.597111 0.001125
vt 0.530955 0.003516
vt 0.500000 0.006750
vt 0.500000 0.034534
vt 0.714700 0.027745
vt 0.716942 0.000141
vt 0.964809 0.078885
vt 0.962630 0.105198
vt 0.968838 0.052580
vt 0.975950 0.026286
vt 0.984912 0.000000
vt 0.998541 0.104449
vt 0.998906 0.078336
vt 0.995704 0.078517
vt 0.994882 0.104525
vt 0.999271 0.052224
vt 0.996685 0.052442
vt 0.987750 0.053845
vt 0.985828 0.079568
vt 0.984694 0.104737
vt 0.999635 0.026112
vt 0.997930 0.026255
vt 1.000000 0.000000
vt 0.999334 0.000000
vt 0.995002 0.000000
vt 0.990982 0.027199
vt 0.939672 0.058840
vt 0.949266 0.030523
vt 0.911245 0.029562
vt 0.901679 0.057584
vt 0.960610 0.000000
vt 0.919907 0.000000
vt 0.841411 0.000000
vt 0.837162 0.028015
vt 0.829615 0.055556
vt 0.582934 0.113624
vt 0.588302 0.085461
vt 0.527462 0.087789
vt 0.525994 0.115887
vt 0.592675 0.057319
vt 0.528806 0.059694
vt 0.500000 0.062317
vt 0.500000 0.090101
vt 0.500000 0.117884
vt 0.800223 0.108585
vt 0.816568 0.082307
vt 0.700013 0.083301
vt 0.687613 0.110997
vt 0.709639 0.055595
vt 0.928069 0.105918
vt 0.932995 0.083482
vt 0.890610 0.083037
vt 0.878638 0.106950
vt 0.595390 0.029212
vt 0.529943 0.031604
vt 0.597111 0.001125
vt 0.530955 0.003516
vt 0.500000 0.006750
vt 0.500000 0.034534
vt 0.714640 0.027873
vt 0.716867 0.000141
vt 0.964310 0.081824
vt 0.962630 0.105198
vt 0.967896 0.056854
vt 0.974660 0.029225
vt 0.983330 0.000000
vt 0.998760 0.088821
vt 0.999020 0.070197
vt 0.986506 0.074627
vt 0.977624 0.096748
vt 0.999307 0.049620
vt 0.993504 0.051380
vt 0.984073 0.051482
vt 0.973050 0.077099
vt 0.959462 0.102660
vt 0.999640 0.025787
vt 0.997361 0.026253
vt 1.000000 0.000000
vt 0.999334 0.000000
vt 0.995002 0.000000
vt 0.990820 0.025769
vt 0.600453 0.113258
vt 0.603025 0.082273
vt 0.529387 0.086288
vt 0.528184 0.115841
vt 0.605749 0.052945
vt 0.530563 0.057688
vt 0.500000 0.062671
vt 0.500000 0.090145
vt 0.500000 0.117884
vt 0.747729 0.048964
vt 0.753543 0.023431
vt 0.608728 0.026383
vt 0.888855 0.047387
vt 0.896976 0.022542
vt 0.905313 0.000000
vt 0.759883 0.000185
vt 0.611860 0.001479
vt 0.531694 0.030677
vt 0.532799 0.004620
vt 0.500000 0.008871
vt 0.500000 0.035639
vt 0.950404 0.076621
vt 0.938447 0.105377
vt 0.961017 0.049181
vt 0.881093 0.076070
vt 0.873546 0.107056
vt 0.969389 0.023933
vt 0.976417 0.000000
vt 0.742795 0.078308
vt 0.738387 0.109938
vt 0.556848 0.057682
vt 0.524328 0.059740
vt 0.525470 0.032776
vt 0.558476 0.030582
vt 0.501045 0.035551
vt 0.508363 0.014887
vt 0.527056 0.012746
vt 0.559680 0.010551
vt 0.657385 0.055818
vt 0.603020 0.056490
vt 0.604799 0.029489
vt 0.659008 0.029072
vt 0.606114 0.009532
vt 0.660207 0.009303
vt 0.997516 0.091416
vt 0.995005 0.095071
vt 0.995626 0.077161
vt 0.998167 0.076697
vt 0.985037 0.096007
vt 0.985785 0.077456
vt 0.986908 0.052360
vt 0.996487 0.052257
vt 0.998750 0.052231
vt 0.997420 0.027357
vt 0.999277 0.027767
vt 0.988206 0.027269
vt 0.989247 0.008726
vt 0.998136 0.009455
vt 0.999569 0.013057
vt 0.937809 0.052874
vt 0.906690 0.053199
vt 0.907757 0.027708
vt 0.939068 0.027538
vt 0.861990 0.053668
vt 0.862972 0.027952
vt 0.863729 0.008945
vt 0.908638 0.008867
vt 0.940137 0.008812
vt 0.563364 0.104634
vt 0.524682 0.106489
vt 0.524670 0.086649
vt 0.564542 0.084638
vt 0.506946 0.107972
vt 0.500868 0.088862
vt 0.525489 0.059728
vt 0.566136 0.057584
vt 0.710655 0.101258
vt 0.629141 0.102888
vt 0.630376 0.083039
vt 0.711701 0.081697
vt 0.632047 0.056185
vt 0.713115 0.055232
vt 0.936279 0.096939
vt 0.905272 0.097532
vt 0.905821 0.078691
vt 0.936849 0.078211
vt 0.860432 0.098391
vt 0.861076 0.079384
vt 0.526626 0.032769
vt 0.567730 0.030531
vt 0.501045 0.035551
vt 0.508363 0.014887
vt 0.528209 0.012744
vt 0.568908 0.010535
vt 0.633717 0.029330
vt 0.714530 0.028767
vt 0.634952 0.009481
vt 0.715576 0.009205
vt 0.654564 0.102332
vt 0.599927 0.103448
vt 0.601242 0.083491
vt 0.655763 0.082563
vt 0.554015 0.104813
vt 0.555219 0.084782
vt 0.523513 0.106512
vt 0.523505 0.086667
vt 0.506946 0.107972
vt 0.500868 0.088862
vt 0.975284 0.096192
vt 0.933998 0.096982
vt 0.934433 0.078247
vt 0.975606 0.077610
vt 0.879331 0.098029
vt 0.879915 0.079092
vt 0.880706 0.053470
vt 0.935021 0.052900
vt 0.976042 0.052468
vt 0.935610 0.027552
vt 0.976478 0.027327
vt 0.881497 0.027849
vt 0.882082 0.008912
vt 0.936045 0.008817
vt 0.976800 0.008745
vt 0.998420 0.052233
vt 0.994347 0.052276
vt 0.994700 0.027368
vt 0.998693 0.027769
vt 0.994922 0.009458
vt 0.998551 0.013058
vt 0.997440 0.091417
vt 0.993663 0.095095
vt 0.993968 0.077184
vt 0.998002 0.076699
vt 0.963937 0.096411
vt 0.964632 0.077783
vt 0.965744 0.052582
vt 0.967128 0.027385
vt 0.968278 0.008763
vt 0.997516 0.091416
vt 0.995005 0.095071
vt 0.995626 0.077161
vt 0.998167 0.076697
vt 0.985037 0.096007
vt 0.985785 0.077456
vt 0.986908 0.052360
vt 0.996487 0.052257
vt 0.998750 0.052231
vt 0.997420 0.027357
vt 0.999277 0.027767
vt 0.988206 0.027269
vt 0.989247 0.008726
vt 0.998136 0.009455
vt 0.999569 0.013057
vt 0.937809 0.052874
vt 0.906690 0.053199
vt 0.907757 0.027708
vt 0.939068 0.027538
vt 0.861990 0.053668
vt 0.862972 0.027952
vt 0.863729 0.008945
vt 0.908638 0.008867
vt 0.940137 0.008812
vt 0.563364 0.104634
vt 0.524682 0.106489
vt 0.524670 0.086649
vt 0.564542 0.084638
vt 0.506946 0.107972
vt 0.500868 0.088862
vt 0.525489 0.059728
vt 0.566136 0.057584
vt 0.710655 0.101258
vt 0.629141 0.102888
vt 0.630376 0.083039
vt 0.711701 0.081697
vt 0.632047 0.056185
vt 0.713115 0.055232
vt 0.936279 0.096939
vt 0.905272 0.097532
vt 0.905821 0.078691
vt 0.936849 0.078211
vt 0.860432 0.098391
vt 0.861076 0.079384
vt 0.526626 0.032769
vt 0.567730 0.030531
vt 0.501045 0.035551
vt 0.508363 0.014887
vt 0.528209 0.012744
vt 0.568908 0.010535
vt 0.633717 0.029330
vt 0.714530 0.028767
vt 0.634952 0.009481
vt 0.715576 0.009205
vt 0.963937 0.096411
vt 0.964632 0.077783
vt 0.965744 0.052582
vt 0.967128 0.027385
vt 0.968278 0.008763
vt 0.997516 0.091416
vt 0.995005 0.095071
vt 0.995626 0.077161
vt 0.998167 0.076697
vt 0.985037 0.096007
vt 0.985785 0.077456
vt 0.986908 0.052360
vt 0.996487 0.052257
vt 0.998750 0.052231
vt 0.997420 0.027357
vt 0.999277 0.027767
vt 0.988206 0.027269
vt 0.989247 0.008726
vt 0.998136 0.009455
vt 0.999569 0.013057
vt 0.937809 0.052874
vt 0.906690 0.053199
vt 0.907757 0.027708
vt 0.939068 0.027538
vt 0.861990 0.053668
vt 0.862972 0.027952
vt 0.863729 0.008945
vt 0.908638 0.008867
vt 0.940137 0.008812
vt 0.563364 0.104634
vt 0.524682 0.106489
vt 0.524670 0.086649
vt 0.564542 0.084638
vt 0.506946 0.107972
vt 0.500868 0.088862
vt 0.525489 0.059728
vt 0.566136 0.057584
vt 0.710655 0.101258
vt 0.629141 0.102888
vt 0.630376 0.083039
vt 0.711701 0.081697
vt 0.632047 0.056185
vt 0.713115 0.055232
vt 0.936279 0.096939
vt 0.905272 0.097532
vt 0.905821 0.078691
vt 0.936849 0.078211
vt 0.860432 0.098391
vt 0.861076 0.079384
vt 0.526626 0.032769
vt 0.567730 0.030531
vt 0.501045 0.035551
vt 0.508363 0.014887
vt 0.528209 0.012744
vt 0.568908 0.010535
vt 0.633717 0.029330
vt 0.714530 0.028767
vt 0.634952 0.009481
vt 0.715576 0.009205
vt 0.963937 0.096411
vt 0.964632 0.077783
vt 0.965744 0.052582
vt 0.967128 0.027385
vt 0.968278 0.008763
vt 0.997516 0.091416
vt 0.995005 0.095071
vt 0.995626 0.077161
vt 0.998167 0.076697
vt 0.985037 0.096007
vt 0.985785 0.077456
vt 0.986908 0.052360
vt 0.996487 0.052257
vt 0.998750 0.052231
vt 0.997420 0.027357
vt 0.999277 0.027767
vt 0.988206 0.027269
vt 0.989247 0.008726
vt 0.998136 0.009455
vt 0.999569 0.013057
vt 0.937809 0.052874
vt 0.906658 0.053200
vt 0.907726 0.027708
vt 0.939068 0.027538
vt 0.861739 0.053670
vt 0.862722 0.027953
vt 0.863480 0.008945
vt 0.908607 0.008867
vt 0.940137 0.008812
vt 0.563111 0.104638
vt 0.524650 0.106490
vt 0.524639 0.086649
vt 0.564290 0.084641
vt 0.506946 0.107972
vt 0.500868 0.088862
vt 0.525458 0.059728
vt 0.565885 0.057587
vt 0.709645 0.101278
vt 0.628415 0.102902
vt 0.629652 0.083051
vt 0.710694 0.081713
vt 0.631326 0.056192
vt 0.712112 0.055242
vt 0.936279 0.096939
vt 0.905241 0.097533
vt 0.905790 0.078691
vt 0.936849 0.078211
vt 0.860180 0.098396
vt 0.860824 0.079387
vt 0.526595 0.032770
vt 0.567480 0.030532
vt 0.501045 0.035551
vt 0.508363 0.014887
vt 0.528178 0.012744
vt 0.568659 0.010535
vt 0.632999 0.029334
vt 0.713531 0.028772
vt 0.634236 0.009483
vt 0.714579 0.009207
vt 0.963937 0.096411
vt 0.964632 0.077783
vt 0.965744 0.052582
vt 0.967128 0.027385
vt 0.968278 0.008763
vt 0.997516 0.091416
vt 0.995005 0.095071
vt 0.995626 0.077161
vt 0.998167 0.076697
vt 0.985037 0.096007
vt 0.985785 0.077456
vt 0.986908 0.052360
vt 0.996487 0.052257
vt 0.998750 0.052231
vt 0.997420 0.027357
vt 0.999277 0.027767
vt 0.988206 0.027269
vt 0.989247 0.008726
vt 0.998136 0.009455
vt 0.999569 0.013057
vt 0.936482 0.052902
vt 0.899394 0.053315
vt 0.903810 0.027737
vt 0.938902 0.027542
vt 0.828820 0.054071
vt 0.834547 0.028118
vt 0.836045 0.008993
vt 0.905178 0.008873
vt 0.940137 0.008812
vt 0.584778 0.104235
vt 0.527359 0.106440
vt 0.527669 0.086605
vt 0.588532 0.084287
vt 0.506946 0.107972
vt 0.500868 0.088862
vt 0.528806 0.059694
vt 0.592675 0.057319
vt 0.805863 0.099481
vt 0.691902 0.101719
vt 0.700539 0.082014
vt 0.817193 0.080149
vt 0.709540 0.055410
vt 0.929648 0.097078
vt 0.882703 0.097997
vt 0.890887 0.078984
vt 0.932871 0.078294
vt 0.530076 0.032751
vt 0.595326 0.030382
vt 0.501045 0.035551
vt 0.508363 0.014887
vt 0.531670 0.012738
vt 0.596593 0.010486
vt 0.714259 0.028895
vt 0.715762 0.009339
vt 0.963108 0.096428
vt 0.964135 0.077793
vt 0.965578 0.052586
vt 0.967107 0.027386
vt 0.968278 0.008763
vt 0.997516 0.091416
vt 0.995082 0.095070
vt 0.995863 0.077159
vt 0.998168 0.076697
vt 0.985651 0.096001
vt 0.987661 0.077437
vt 0.990240 0.052334
vt 0.996932 0.052254
vt 0.998761 0.052231
vt 0.998055 0.027355
vt 0.999318 0.027767
vt 0.992599 0.027251
vt 0.994241 0.008720
vt 0.998906 0.009454
vt 0.999658 0.013057
vt 0.914830 0.053181
vt 0.887674 0.053471
vt 0.895140 0.027794
vt 0.922259 0.027650
vt 0.825025 0.054122
vt 0.831773 0.028137
vt 0.833558 0.008999
vt 0.897398 0.008889
vt 0.925143 0.008843
vt 0.584778 0.104235
vt 0.527359 0.106440
vt 0.527669 0.086605
vt 0.588532 0.084287
vt 0.506946 0.107972
vt 0.500868 0.088862
vt 0.528806 0.059694
vt 0.592675 0.057319
vt 0.798080 0.099638
vt 0.690929 0.101739
vt 0.699812 0.082027
vt 0.811373 0.080255
vt 0.709065 0.055416
vt 0.889528 0.097884
vt 0.859202 0.098472
vt 0.873178 0.079305
vt 0.901780 0.078849
vt 0.530076 0.032751
vt 0.595326 0.030382
vt 0.501045 0.035551
vt 0.508363 0.014887
vt 0.531670 0.012738
vt 0.596593 0.010486
vt 0.713912 0.028898
vt 0.715451 0.009340
vt 0.965924 0.096389
vt 0.970475 0.077724
vt 0.940502 0.096888
vt 0.948039 0.078095
vt 0.956715 0.052722
vt 0.975942 0.052502
vt 0.980310 0.027328
vt 0.962968 0.027430
vt 0.966465 0.008775
vt 0.983029 0.008743
vt 0.997516 0.091416
vt 0.995012 0.095070
vt 0.995658 0.077161
vt 0.998165 0.076697
vt 0.985088 0.096007
vt 0.986048 0.077454
vt 0.988048 0.052358
vt 0.996629 0.052257
vt 0.998738 0.052231
vt 0.997787 0.027357
vt 0.999248 0.027767
vt 0.991166 0.027268
vt 0.993989 0.008725
vt 0.998727 0.009455
vt 0.999537 0.013057
vt 0.941010 0.052893
vt 0.902647 0.053309
vt 0.912243 0.027733
vt 0.950642 0.027536
vt 0.829951 0.054069
vt 0.837480 0.028117
vt 0.840741 0.008993
vt 0.918682 0.008871
vt 0.958938 0.008810
vt 0.584778 0.104235
vt 0.527359 0.106440
vt 0.527669 0.086605
vt 0.588532 0.084287
vt 0.506946 0.107972
vt 0.500868 0.088862
vt 0.528806 0.059694
vt 0.592675 0.057319
vt 0.805914 0.099481
vt 0.691908 0.101719
vt 0.700572 0.082014
vt 0.817455 0.080147
vt 0.709681 0.055410
vt 0.929850 0.097075
vt 0.882848 0.097996
vt 0.891639 0.078979
vt 0.933916 0.078288
vt 0.530076 0.032751
vt 0.595326 0.030382
vt 0.501045 0.035551
vt 0.508363 0.014887
vt 0.531670 0.012738
vt 0.596593 0.010486
vt 0.714625 0.028895
vt 0.716349 0.009339
vt 0.963254 0.096426
vt 0.964887 0.077789
vt 0.968838 0.052580
vt 0.975564 0.027381
vt 0.981822 0.008762
vt 0.997516 0.091416
vt 0.995004 0.095117
vt 0.995640 0.077295
vt 0.998168 0.076697
vt 0.985029 0.096378
vt 0.985870 0.078523
vt 0.987750 0.053845
vt 0.996621 0.052443
vt 0.998761 0.052231
vt 0.997831 0.027491
vt 0.999318 0.027767
vt 0.990809 0.028336
vt 0.993618 0.009097
vt 0.998828 0.009501
vt 0.999658 0.013057
vt 0.939672 0.058840
vt 0.901679 0.057584
vt 0.910890 0.030805
vt 0.948781 0.031810
vt 0.829615 0.055556
vt 0.837008 0.029185
vt 0.840178 0.009365
vt 0.917070 0.009940
vt 0.956731 0.010297
vt 0.584778 0.104235
vt 0.527359 0.106440
vt 0.527669 0.086605
vt 0.588532 0.084287
vt 0.506946 0.107972
vt 0.500868 0.088862
vt 0.528806 0.059694
vt 0.592675 0.057319
vt 0.805855 0.099852
vt 0.691901 0.101766
vt 0.700549 0.082147
vt 0.817272 0.081216
vt 0.709639 0.055595
vt 0.929614 0.098562
vt 0.882678 0.099064
vt 0.891115 0.082051
vt 0.933188 0.082562
vt 0.530076 0.032751
vt 0.595326 0.030382
vt 0.501045 0.035551
vt 0.508363 0.014887
vt 0.531670 0.012738
vt 0.596593 0.010486
vt 0.714566 0.029029
vt 0.716278 0.009385
vt 0.963084 0.097495
vt 0.964366 0.080861
vt 0.967896 0.056854
vt 0.974285 0.030454
vt 0.980334 0.009830
vt 0.989676 0.083197
vt 0.979514 0.089367
vt 0.986289 0.073846
vt 0.994485 0.070790
vt 0.964134 0.094143
vt 0.973634 0.076035
vt 0.984073 0.051482
vt 0.993287 0.051464
vt 0.997574 0.050298
vt 0.997221 0.027524
vt 0.999070 0.027657
vt 0.990664 0.026844
vt 0.993750 0.008593
vt 0.998744 0.009569
vt 0.999597 0.013138
vt 0.601302 0.102838
vt 0.529455 0.105856
vt 0.529582 0.085036
vt 0.603131 0.080970
vt 0.506946 0.107972
vt 0.500868 0.088906
vt 0.530563 0.057688
vt 0.605749 0.052945
vt 0.608597 0.027409
vt 0.753275 0.024384
vt 0.747729 0.048964
vt 0.610808 0.009688
vt 0.757740 0.007807
vt 0.902522 0.007386
vt 0.896628 0.023466
vt 0.888855 0.047387
vt 0.531823 0.031726
vt 0.501045 0.036567
vt 0.508363 0.016300
vt 0.533477 0.013068
vt 0.942508 0.095718
vt 0.950912 0.075414
vt 0.876049 0.096599
vt 0.881406 0.074763
vt 0.961017 0.049181
vt 0.969106 0.024921
vt 0.974150 0.007905
vt 0.739827 0.099268
vt 0.742975 0.076974
vt 0.528047 0.004646
vt 0.560176 0.002303
vt 0.515317 0.006622
vt 0.527393 0.004533
vt 0.995071 0.002137
vt 0.998952 0.009450
vt 0.976933 0.001093
vt 0.995100 0.001088
vt 0.999035 0.008704
vt 0.523798 0.114464
vt 0.512748 0.114757
vt 0.553519 0.113060
vt 0.523177 0.114725
vt 0.993597 0.102415
vt 0.975151 0.103844
vt 0.997743 0.095018
vt 0.997806 0.095762
vt 0.993595 0.103464
vt 0.998713 0.077111
vt 0.999164 0.052225
vt 0.998814 0.077251
vt 0.963664 0.104081
vt 0.936057 0.104651
vt 0.984737 0.103646
vt 0.909010 0.001108
vt 0.940591 0.001102
vt 0.864044 0.001118
vt 0.792479 0.099692
vt 0.792141 0.107622
vt 0.710224 0.109313
vt 0.860170 0.106217
vt 0.792093 0.108755
vt 0.635461 0.001308
vt 0.716007 0.001151
vt 0.569393 0.002301
vt 0.999566 0.027342
vt 0.999206 0.052225
vt 0.999753 0.009450
vt 0.999789 0.008704
vt 0.999609 0.027200
vt 0.998734 0.077111
vt 0.997755 0.095018
vt 0.998814 0.077251
vt 0.997806 0.095762
vt 0.994811 0.102391
vt 0.994790 0.103439
vt 0.529200 0.004645
vt 0.515317 0.006622
vt 0.528545 0.004533
vt 0.524968 0.114440
vt 0.512748 0.114757
vt 0.562879 0.112867
vt 0.524347 0.114700
vt 0.998444 0.002136
vt 0.989683 0.001091
vt 0.998490 0.001088
vt 0.999411 0.027342
vt 0.999515 0.027200
vt 0.606655 0.001315
vt 0.660701 0.001163
vt 0.766746 0.100184
vt 0.822887 0.099110
vt 0.822583 0.106993
vt 0.766378 0.108154
vt 0.879090 0.105827
vt 0.822539 0.108120
vt 0.766326 0.109292
vt 0.936224 0.001102
vt 0.882322 0.001114
vt 0.933818 0.104697
vt 0.905055 0.105291
vt 0.968764 0.001095
vt 0.963664 0.104081
vt 0.936057 0.104651
vt 0.984737 0.103646
vt 0.909010 0.001108
vt 0.940591 0.001102
vt 0.864044 0.001118
vt 0.792479 0.099692
vt 0.792141 0.107622
vt 0.710224 0.109313
vt 0.860170 0.106217
vt 0.792093 0.108755
vt 0.635461 0.001308
vt 0.716007 0.001151
vt 0.569393 0.002301
vt 0.999566 0.027342
vt 0.999206 0.052225
vt 0.999753 0.009450
vt 0.999789 0.008704
vt 0.999609 0.027200
vt 0.998734 0.077111
vt 0.997755 0.095018
vt 0.998814 0.077251
vt 0.997806 0.095762
vt 0.994811 0.102391
vt 0.994790 0.103439
vt 0.529200 0.004645
vt 0.515317 0.006622
vt 0.528545 0.004533
vt 0.524968 0.114440
vt 0.512748 0.114757
vt 0.562879 0.112867
vt 0.524347 0.114700
vt 0.998444 0.002136
vt 0.989683 0.001091
vt 0.998490 0.001088
vt 0.905055 0.105291
vt 0.968764 0.001095
vt 0.963664 0.104081
vt 0.936057 0.104651
vt 0.984737 0.103646
vt 0.909010 0.001108
vt 0.940591 0.001102
vt 0.864044 0.001118
vt 0.792479 0.099692
vt 0.792141 0.107622
vt 0.710224 0.109313
vt 0.860170 0.106217
vt 0.792093 0.108755
vt 0.635461 0.001308
vt 0.716007 0.001151
vt 0.569393 0.002301
vt 0.999566 0.027342
vt 0.999206 0.052225
vt 0.999753 0.009450
vt 0.999789 0.008704
vt 0.999609 0.027200
vt 0.998734 0.077111
vt 0.997755 0.095018
vt 0.998814 0.077251
vt 0.997806 0.095762
vt 0.994811 0.102391
vt 0.994790 0.103439
vt 0.529200 0.004645
vt 0.515317 0.006622
vt 0.528545 0.004533
vt 0.524968 0.114440
vt 0.512748 0.114757
vt 0.562879 0.112867
vt 0.524347 0.114700
vt 0.998444 0.002136
vt 0.989683 0.001091
vt 0.998490 0.001088
vt 0.905055 0.105291
vt 0.968764 0.001095
vt 0.963664 0.104081
vt 0.936057 0.104651
vt 0.984737 0.103646
vt 0.909010 0.001108
vt 0.940591 0.001102
vt 0.864044 0.001118
vt 0.710163 0.110464
vt 0.794407 0.108706
vt 0.794054 0.107960
vt 0.706653 0.110537
vt 0.878652 0.106949
vt 0.879847 0.106924
vt 0.792800 0.101196
vt 0.635461 0.001308
vt 0.716007 0.001151
vt 0.569393 0.002301
vt 0.999566 0.027342
vt 0.999206 0.052225
vt 0.999753 0.009450
vt 0.999789 0.008704
vt 0.999609 0.027200
vt 0.998734 0.077111
vt 0.997755 0.095018
vt 0.998814 0.077251
vt 0.997806 0.095762
vt 0.994811 0.102391
vt 0.994790 0.103439
vt 0.529200 0.004645
vt 0.515317 0.006622
vt 0.528545 0.004533
vt 0.524968 0.114440
vt 0.512748 0.114757
vt 0.562879 0.112867
vt 0.524347 0.114700
vt 0.998444 0.002136
vt 0.989683 0.001091
vt 0.998490 0.001088
vt 0.906779 0.105441
vt 0.875142 0.107022
vt 0.907339 0.106351
vt 0.878652 0.106949
vt 0.968764 0.001095
vt 0.962690 0.104101
vt 0.928266 0.104813
vt 0.984737 0.103646
vt 0.905554 0.001109
vt 0.940591 0.001102
vt 0.836391 0.001124
vt 0.688150 0.109838
vt 0.583165 0.112450
vt 0.800928 0.107447
vt 0.716185 0.001290
vt 0.597046 0.002295
vt 0.999566 0.027342
vt 0.999206 0.052225
vt 0.999753 0.009450
vt 0.999789 0.008704
vt 0.999609 0.027200
vt 0.998734 0.077111
vt 0.997755 0.095018
vt 0.998814 0.077251
vt 0.997806 0.095762
vt 0.994811 0.102391
vt 0.994790 0.103439
vt 0.532656 0.004645
vt 0.515317 0.006622
vt 0.532001 0.004533
vt 0.527503 0.114388
vt 0.512748 0.114757
vt 0.526862 0.114648
vt 0.998444 0.002136
vt 0.989683 0.001091
vt 0.998490 0.001088
vt 0.879146 0.105830
vt 0.968764 0.001095
vt 0.964000 0.104076
vt 0.937288 0.104630
vt 0.984814 0.103645
vt 0.898006 0.001111
vt 0.926073 0.001105
vt 0.833977 0.001125
vt 0.687070 0.109860
vt 0.583165 0.112450
vt 0.792291 0.107627
vt 0.715883 0.001290
vt 0.597046 0.002295
vt 0.999579 0.027342
vt 0.999207 0.052225
vt 0.999827 0.009450
vt 0.999860 0.008704
vt 0.999618 0.027200
vt 0.998734 0.077111
vt 0.997755 0.095018
vt 0.998814 0.077251
vt 0.997806 0.095762
vt 0.994820 0.102391
vt 0.994790 0.103439
vt 0.532656 0.004645
vt 0.515317 0.006622
vt 0.532001 0.004533
vt 0.527503 0.114388
vt 0.512748 0.114757
vt 0.526862 0.114648
vt 0.999264 0.002136
vt 0.994907 0.001090
vt 0.999316 0.001088
vt 0.914794 0.097391
vt 0.910466 0.105185
vt 0.884225 0.105728
vt 0.909847 0.106299
vt 0.984099 0.001093
vt 0.967794 0.001097
vt 0.962708 0.104101
vt 0.928291 0.104813
vt 0.984743 0.103646
vt 0.921269 0.001109
vt 0.962470 0.001101
vt 0.841856 0.001124
vt 0.688150 0.109838
vt 0.583165 0.112450
vt 0.800935 0.107447
vt 0.716868 0.001290
vt 0.597046 0.002295
vt 0.999522 0.027342
vt 0.999189 0.052225
vt 0.999706 0.009450
vt 0.999739 0.008704
vt 0.999563 0.027200
vt 0.998732 0.077111
vt 0.997755 0.095018
vt 0.998812 0.077251
vt 0.997806 0.095762
vt 0.994811 0.102391
vt 0.994790 0.103439
vt 0.532656 0.004645
vt 0.515317 0.006622
vt 0.532001 0.004533
vt 0.527503 0.114388
vt 0.512748 0.114757
vt 0.526862 0.114648
vt 0.999131 0.002136
vt 0.995202 0.001091
vt 0.999190 0.001088
vt 0.879164 0.105830
vt 0.984526 0.001095
vt 0.962687 0.104235
vt 0.928262 0.104999
vt 0.984736 0.103692
vt 0.919553 0.001242
vt 0.960125 0.001287
vt 0.841257 0.001171
vt 0.688149 0.109843
vt 0.583165 0.112450
vt 0.800927 0.107494
vt 0.716793 0.001296
vt 0.597046 0.002295
vt 0.999579 0.027342
vt 0.999207 0.052225
vt 0.999827 0.009450
vt 0.999860 0.008704
vt 0.999618 0.027200
vt 0.998734 0.077111
vt 0.997755 0.095018
vt 0.998814 0.077251
vt 0.997806 0.095762
vt 0.994811 0.102396
vt 0.994790 0.103439
vt 0.532656 0.004645
vt 0.515317 0.006622
vt 0.532001 0.004533
vt 0.527503 0.114388
vt 0.512748 0.114757
vt 0.526862 0.114648
vt 0.999254 0.002142
vt 0.994829 0.001137
vt 0.999316 0.001088
vt 0.879143 0.105964
vt 0.982955 0.001229
vt 0.938955 0.104169
vt 0.873859 0.105749
vt 0.960046 0.101595
vt 0.759615 0.001138
vt 0.904964 0.000923
vt 0.611729 0.002505
vt 0.999552 0.027043
vt 0.999091 0.049704
vt 0.999818 0.009462
vt 0.999860 0.008704
vt 0.999622 0.026875
vt 0.997679 0.069854
vt 0.991277 0.085094
vt 0.998129 0.069779
vt 0.991634 0.085475
vt 0.977029 0.095477
vt 0.976733 0.096330
vt 0.534495 0.005577
vt 0.515319 0.008006
vt 0.533844 0.005549
vt 0.529681 0.114275
vt 0.512750 0.114734
vt 0.600559 0.111956
vt 0.529052 0.114602
vt 0.999244 0.002151
vt 0.994845 0.001074
vt 0.999316 0.001088
vt 0.738567 0.108604
vt 0.976134 0.000988
vt 0.527393 0.004533
vt 0.528047 0.004646
vt 0.560176 0.002303
vt 0.995100 0.001088
vt 0.995071 0.002137
vt 0.976933 0.001093
vt 0.999035 0.008704
vt 0.998952 0.009450
vt 0.523177 0.114725
vt 0.523798 0.114464
vt 0.553520 0.113060
vt 0.997806 0.095762
vt 0.993595 0.103464
vt 0.993597 0.102415
vt 0.997743 0.095018
vt 0.975151 0.103844
vt 0.998814 0.077251
vt 0.998713 0.077111
vt 0.999165 0.052225
vt 0.963664 0.104081
vt 0.984737 0.103646
vt 0.936057 0.104651
vt 0.909010 0.001108
vt 0.864044 0.001118
vt 0.940591 0.001102
vt 0.628633 0.111061
vt 0.710224 0.109313
vt 0.562879 0.112867
vt 0.796780 0.000000
vt 0.796731 0.001133
vt 0.716007 0.001151
vt 0.796386 0.009063
vt 0.999789 0.008704
vt 0.999609 0.027200
vt 0.999566 0.027342
vt 0.999753 0.009450
vt 0.999206 0.052225
vt 0.998814 0.077251
vt 0.998734 0.077111
vt 0.997806 0.095762
vt 0.997755 0.095018
vt 0.994790 0.103439
vt 0.994811 0.102391
vt 0.528545 0.004533
vt 0.529200 0.004645
vt 0.569393 0.002301
vt 0.524347 0.114700
vt 0.524968 0.114440
vt 0.998490 0.001088
vt 0.998444 0.002136
vt 0.989683 0.001091
vt 0.999515 0.027200
vt 0.999411 0.027342
vt 0.771365 0.000000
vt 0.826712 0.000000
vt 0.826669 0.001126
vt 0.771313 0.001138
vt 0.882322 0.001114
vt 0.826364 0.009010
vt 0.770945 0.009108
vt 0.599386 0.111665
vt 0.654070 0.110472
vt 0.936224 0.001102
vt 0.933818 0.104697
vt 0.879090 0.105827
vt 0.905055 0.105291
vt 0.860170 0.106217
vt 0.968764 0.001095
vt 0.963664 0.104081
vt 0.984737 0.103646
vt 0.936057 0.104651
vt 0.909010 0.001108
vt 0.864044 0.001118
vt 0.940591 0.001102
vt 0.628633 0.111061
vt 0.710224 0.109313
vt 0.562879 0.112867
vt 0.796780 0.000000
vt 0.796731 0.001133
vt 0.716007 0.001151
vt 0.796386 0.009063
vt 0.999789 0.008704
vt 0.999609 0.027200
vt 0.999566 0.027342
vt 0.999753 0.009450
vt 0.999206 0.052225
vt 0.998814 0.077251
vt 0.998734 0.077111
vt 0.997806 0.095762
vt 0.997755 0.095018
vt 0.994790 0.103439
vt 0.994811 0.102391
vt 0.528545 0.004533
vt 0.529200 0.004645
vt 0.569393 0.002301
vt 0.524347 0.114700
vt 0.524968 0.114440
vt 0.998490 0.001088
vt 0.998444 0.002136
vt 0.989683 0.001091
vt 0.905055 0.105291
vt 0.860170 0.106217
vt 0.968764 0.001095
vt 0.963664 0.104081
vt 0.984737 0.103646
vt 0.936057 0.104651
vt 0.909010 0.001108
vt 0.864044 0.001118
vt 0.940591 0.001102
vt 0.628633 0.111061
vt 0.710224 0.109313
vt 0.562879 0.112867
vt 0.796780 0.000000
vt 0.796731 0.001133
vt 0.716007 0.001151
vt 0.796386 0.009063
vt 0.999789 0.008704
vt 0.999609 0.027200
vt 0.999566 0.027342
vt 0.999753 0.009450
vt 0.999206 0.052225
vt 0.998814 0.077251
vt 0.998734 0.077111
vt 0.997806 0.095762
vt 0.997755 0.095018
vt 0.994790 0.103439
vt 0.994811 0.102391
vt 0.528545 0.004533
vt 0.529200 0.004645
vt 0.569393 0.002301
vt 0.524347 0.114700
vt 0.524968 0.114440
vt 0.998490 0.001088
vt 0.998444 0.002136
vt 0.989683 0.001091
vt 0.905055 0.105291
vt 0.860170 0.106217
vt 0.968764 0.001095
vt 0.963664 0.104081
vt 0.984737 0.103646
vt 0.936057 0.104651
vt 0.908979 0.001108
vt 0.863795 0.001118
vt 0.940591 0.001102
vt 0.627906 0.111076
vt 0.709213 0.109334
vt 0.562626 0.112872
vt 0.796065 0.000000
vt 0.796015 0.001133
vt 0.715011 0.001151
vt 0.795669 0.009064
vt 0.999789 0.008704
vt 0.999609 0.027200
vt 0.999566 0.027342
vt 0.999753 0.009450
vt 0.999206 0.052225
vt 0.998814 0.077251
vt 0.998734 0.077111
vt 0.997806 0.095762
vt 0.997755 0.095018
vt 0.994790 0.103439
vt 0.994811 0.102391
vt 0.528513 0.004533
vt 0.529168 0.004645
vt 0.569144 0.002301
vt 0.524315 0.114701
vt 0.524936 0.114440
vt 0.998490 0.001088
vt 0.998444 0.002136
vt 0.989683 0.001091
vt 0.905024 0.105291
vt 0.859918 0.106223
vt 0.968764 0.001095
vt 0.962690 0.104101
vt 0.984737 0.103646
vt 0.928266 0.104813
vt 0.905554 0.001109
vt 0.836391 0.001124
vt 0.940591 0.001102
vt 0.688150 0.109838
vt 0.800928 0.107447
vt 0.583165 0.112450
vt 0.716185 0.001290
vt 0.597046 0.002295
vt 0.999789 0.008704
vt 0.999609 0.027200
vt 0.999566 0.027342
vt 0.999753 0.009450
vt 0.999206 0.052225
vt 0.998814 0.077251
vt 0.998734 0.077111
vt 0.997806 0.095762
vt 0.997755 0.095018
vt 0.994790 0.103439
vt 0.994811 0.102391
vt 0.532001 0.004533
vt 0.532656 0.004645
vt 0.526862 0.114648
vt 0.527503 0.114388
vt 0.998490 0.001088
vt 0.998444 0.002136
vt 0.989683 0.001091
vt 0.879146 0.105830
vt 0.968764 0.001095
vt 0.964000 0.104077
vt 0.984814 0.103645
vt 0.937288 0.104630
vt 0.948021 0.000000
vt 0.947844 0.001101
vt 0.926073 0.001105
vt 0.967794 0.001097
vt 0.946605 0.008809
vt 0.687070 0.109860
vt 0.792291 0.107627
vt 0.583165 0.112450
vt 0.715883 0.001290
vt 0.597046 0.002295
vt 0.833977 0.001125
vt 0.999860 0.008704
vt 0.999618 0.027200
vt 0.999579 0.027342
vt 0.999827 0.009450
vt 0.999207 0.052225
vt 0.998814 0.077251
vt 0.998734 0.077111
vt 0.997806 0.095762
vt 0.997755 0.095018
vt 0.994790 0.103439
vt 0.994820 0.102391
vt 0.532001 0.004533
vt 0.532656 0.004645
vt 0.526862 0.114648
vt 0.527503 0.114388
vt 0.999316 0.001088
vt 0.999264 0.002136
vt 0.994906 0.001090
vt 0.853126 0.106371
vt 0.884226 0.105728
vt 0.984099 0.001093
vt 0.962708 0.104101
vt 0.984743 0.103646
vt 0.928292 0.104813
vt 0.921269 0.001109
vt 0.841856 0.001124
vt 0.962470 0.001101
vt 0.688150 0.109838
vt 0.800935 0.107447
vt 0.583165 0.112450
vt 0.716868 0.001290
vt 0.597046 0.002295
vt 0.999739 0.008704
vt 0.999563 0.027200
vt 0.999522 0.027342
vt 0.999706 0.009450
vt 0.999189 0.052225
vt 0.998812 0.077251
vt 0.998732 0.077111
vt 0.997806 0.095762
vt 0.997755 0.095018
vt 0.994790 0.103439
vt 0.994811 0.102391
vt 0.532001 0.004533
vt 0.532656 0.004645
vt 0.526862 0.114648
vt 0.527503 0.114388
vt 0.999190 0.001088
vt 0.999131 0.002136
vt 0.995202 0.001091
vt 0.879164 0.105830
vt 0.984525 0.001095
vt 0.962687 0.104235
vt 0.984736 0.103692
vt 0.928262 0.104999
vt 0.919552 0.001242
vt 0.841257 0.001171
vt 0.960125 0.001287
vt 0.688149 0.109843
vt 0.800927 0.107494
vt 0.583165 0.112450
vt 0.716793 0.001296
vt 0.597046 0.002295
vt 0.999860 0.008704
vt 0.999618 0.027200
vt 0.999579 0.027342
vt 0.999827 0.009450
vt 0.999207 0.052225
vt 0.998814 0.077251
vt 0.998734 0.077111
vt 0.997806 0.095762
vt 0.997755 0.095018
vt 0.994790 0.103439
vt 0.994811 0.102396
vt 0.532001 0.004533
vt 0.532656 0.004645
vt 0.526862 0.114648
vt 0.527503 0.114388
vt 0.999316 0.001088
vt 0.999254 0.002142
vt 0.994829 0.001137
vt 0.879143 0.105964
vt 0.982955 0.001229
vt 0.938955 0.104169
vt 0.960046 0.101595
vt 0.873859 0.105749
vt 0.759615 0.001138
vt 0.611729 0.002505
vt 0.904964 0.000923
vt 0.999860 0.008704
vt 0.999622 0.026875
vt 0.999552 0.027043
vt 0.999818 0.009462
vt 0.999090 0.049704
vt 0.998129 0.069779
vt 0.997679 0.069854
vt 0.991634 0.085475
vt 0.991277 0.085094
vt 0.976733 0.096330
vt 0.977029 0.095477
vt 0.533844 0.005549
vt 0.534495 0.005577
vt 0.529052 0.114602
vt 0.529681 0.114275
vt 0.600559 0.111956
vt 0.999316 0.001088
vt 0.999244 0.002151
vt 0.994845 0.001074
vt 0.738567 0.108604
vt 0.976134 0.000988
vt 0.796386 0.009063
vt 0.796731 0.001133
vt 0.796780 0.000000
vt 0.628633 0.111061
vt 0.795598 0.027189
vt 0.794421 0.054377
vt 0.793254 0.081566
vt 0.794421 0.054377
vt 0.795548 0.028322
vt 0.793302 0.080433
vt 0.796386 0.009063
vt 0.796731 0.001133
vt 0.796780 0.000000
vt 0.628633 0.111061
vt 0.795598 0.027189
vt 0.794421 0.054377
vt 0.793254 0.081566
vt 0.794421 0.054377
vt 0.795548 0.028322
vt 0.793302 0.080433
vt 0.796386 0.009063
vt 0.796731 0.001133
vt 0.796780 0.000000
vt 0.629207 0.111241
vt 0.713673 0.110390
vt 0.710163 0.110464
vt 0.628560 0.112229
vt 0.795598 0.027189
vt 0.794421 0.054377
vt 0.793286 0.080811
vt 0.794421 0.054377
vt 0.795548 0.028322
vt 0.793640 0.081558
vt 0.796386 0.009063
vt 0.796731 0.001133
vt 0.796780 0.000000
vt 0.628633 0.111061
vt 0.795598 0.027189
vt 0.794421 0.054377
vt 0.793254 0.081566
vt 0.794421 0.054377
vt 0.795548 0.028322
vt 0.793302 0.080433
vt 0.599386 0.111665
vt 0.654070 0.110472
vt 0.710655 0.101258
vt 0.710224 0.109313
vt 0.710163 0.110464
vt 0.826364 0.009010
vt 0.826669 0.001126
vt 0.770945 0.009108
vt 0.771313 0.001138
vt 0.771365 0.000000
vt 0.826712 0.000000
vt 0.715576 0.009205
vt 0.716007 0.001151
vt 0.716068 0.000000
vt 0.823583 0.081090
vt 0.824626 0.054060
vt 0.768846 0.054646
vt 0.767586 0.081969
vt 0.711639 0.082848
vt 0.713115 0.055232
vt 0.825669 0.027030
vt 0.770105 0.027323
vt 0.714592 0.027616
vt 0.823626 0.079963
vt 0.767638 0.080831
vt 0.768846 0.054646
vt 0.824626 0.054060
vt 0.711701 0.081697
vt 0.713115 0.055232
vt 0.825626 0.028156
vt 0.770053 0.028462
vt 0.714530 0.028767
vt 0.635461 0.001308
vt 0.792093 0.108755
vt 0.792141 0.107622
vt 0.792479 0.099692
vt 0.794421 0.054377
vt 0.795548 0.028322
vt 0.793302 0.080433
vt 0.795598 0.027189
vt 0.794421 0.054377
vt 0.793254 0.081566
vt 0.822539 0.108120
vt 0.822583 0.106993
vt 0.766326 0.109292
vt 0.766378 0.108154
vt 0.766746 0.100184
vt 0.822887 0.099110
vt 0.710163 0.110464
vt 0.710224 0.109313
vt 0.710655 0.101258
vt 0.606655 0.001315
vt 0.660701 0.001163
vt 0.716068 0.000000
vt 0.716007 0.001151
vt 0.715576 0.009205
vt 0.823626 0.079963
vt 0.767638 0.080831
vt 0.768846 0.054646
vt 0.824626 0.054060
vt 0.711701 0.081697
vt 0.713115 0.055232
vt 0.825626 0.028156
vt 0.770053 0.028462
vt 0.714530 0.028767
vt 0.823583 0.081090
vt 0.824626 0.054060
vt 0.768846 0.054646
vt 0.767586 0.081969
vt 0.711639 0.082848
vt 0.713115 0.055232
vt 0.825669 0.027030
vt 0.770105 0.027323
vt 0.714592 0.027616
vt 0.635461 0.001308
vt 0.792093 0.108755
vt 0.792141 0.107622
vt 0.792479 0.099692
vt 0.794421 0.054377
vt 0.795548 0.028322
vt 0.793302 0.080433
vt 0.795598 0.027189
vt 0.794421 0.054377
vt 0.793254 0.081566
vt 0.635461 0.001308
vt 0.792093 0.108755
vt 0.792141 0.107622
vt 0.792479 0.099692
vt 0.794421 0.054377
vt 0.795548 0.028322
vt 0.793302 0.080433
vt 0.795598 0.027189
vt 0.794421 0.054377
vt 0.793254 0.081566
vt 0.634745 0.001308
vt 0.791366 0.108770
vt 0.791414 0.107637
vt 0.791754 0.099706
vt 0.793700 0.054385
vt 0.794830 0.028325
vt 0.792579 0.080444
vt 0.794879 0.027192
vt 0.793700 0.054385
vt 0.792530 0.081577
vt 0.853126 0.106371
vt 0.946605 0.008809
vt 0.947844 0.001101
vt 0.948021 0.000000
vt 0.924246 0.079588
vt 0.935996 0.052951
vt 0.943333 0.026438
vt 0.924864 0.078474
vt 0.935996 0.052951
vt 0.943156 0.027540
vt 0.909847 0.106299
vt 0.910465 0.105185
vt 0.914794 0.097391
vt 0.898006 0.001111
vt 0.924864 0.078474
vt 0.935996 0.052951
vt 0.943156 0.027540
vt 0.924246 0.079588
vt 0.935996 0.052951
vt 0.943333 0.026438
vt 0.541123 0.896272
vt 0.540611 0.974421
vt 0.523805 0.972689
vt 0.523646 0.894668
vt 0.537387 0.991223
vt 0.524437 0.991515
vt 0.508363 0.989874
vt 0.501045 0.970108
vt 0.500000 0.892498
vt 0.500000 0.730785
vt 0.523713 0.732003
vt 0.500000 0.564792
vt 0.523852 0.565104
vt 0.541482 0.565335
vt 0.541240 0.732902
vt 0.500000 0.068000
vt 0.501045 0.038511
vt 0.524210 0.035602
vt 0.524028 0.065166
vt 0.508363 0.015834
vt 0.525086 0.013650
vt 0.541810 0.011449
vt 0.541801 0.033388
vt 0.541788 0.063070
vt 0.516029 0.005659
vt 0.525824 0.004561
vt 0.516726 0.004500
vt 0.525592 0.003307
vt 0.537633 0.001688
vt 0.541097 0.002512
vt 0.549348 0.897026
vt 0.524674 0.894762
vt 0.524815 0.973461
vt 0.549630 0.976392
vt 0.500000 0.970530
vt 0.500000 0.993250
vt 0.525088 0.996625
vt 0.550177 1.000000
vt 0.524744 0.732055
vt 0.549487 0.733326
vt 0.549778 0.565443
vt 0.524889 0.565117
vt 0.525073 0.065042
vt 0.525081 0.034209
vt 0.500000 0.037375
vt 0.550146 0.062084
vt 0.550161 0.031042
vt 0.550177 0.000000
vt 0.525088 0.003375
vt 0.500000 0.006750
vt 0.525088 0.005945
vt 0.525824 0.003704
vt 0.541809 0.011472
vt 0.541097 0.002299
vt 0.537633 0.001688
vt 0.525592 0.003307
vt 0.549348 0.897026
vt 0.524674 0.894762
vt 0.524815 0.973461
vt 0.549630 0.976392
vt 0.500000 0.892498
vt 0.500000 0.970530
vt 0.500000 0.993250
vt 0.525088 0.996625
vt 0.550177 1.000000
vt 0.524744 0.732055
vt 0.500000 0.730785
vt 0.549487 0.733326
vt 0.549778 0.565443
vt 0.524889 0.565117
vt 0.500000 0.564792
vt 0.500000 0.068000
vt 0.525073 0.065042
vt 0.525081 0.034209
vt 0.500000 0.037375
vt 0.550146 0.062084
vt 0.550161 0.031042
vt 0.550177 0.000000
vt 0.525088 0.003375
vt 0.500000 0.006750
vt 0.508363 0.015834
vt 0.525088 0.005945
vt 0.525824 0.003704
vt 0.516029 0.005659
vt 0.541809 0.011472
vt 0.541097 0.002299
vt 0.537633 0.001688
vt 0.525592 0.003307
vt 0.516726 0.004500
vt 0.541123 0.896272
vt 0.540611 0.974421
vt 0.523805 0.972689
vt 0.523646 0.894668
vt 0.537387 0.991223
vt 0.524437 0.991515
vt 0.508363 0.989874
vt 0.501045 0.970108
vt 0.523713 0.732003
vt 0.523852 0.565104
vt 0.541482 0.565335
vt 0.541240 0.732902
vt 0.501045 0.038511
vt 0.524210 0.035602
vt 0.524028 0.065166
vt 0.525086 0.013650
vt 0.541810 0.011449
vt 0.541801 0.033388
vt 0.541788 0.063070
vt 0.525824 0.004561
vt 0.525592 0.003307
vt 0.537633 0.001688
vt 0.541097 0.002512
vt 0.548456 0.733273
vt 0.548320 0.896932
vt 0.548741 0.565430
vt 0.548941 0.032491
vt 0.549101 0.062208
vt 0.548255 0.010602
vt 0.549115 0.032476
vt 0.525863 0.003271
vt 0.540382 0.001318
vt 0.516726 0.004500
vt 0.525615 0.995454
vt 0.515328 0.994369
vt 0.540892 0.993609
vt 0.541617 0.994103
vt 0.525064 0.995466
vt 0.547118 0.001705
vt 0.547563 0.975462
vt 0.548560 0.975655
vt 0.548456 0.733273
vt 0.548741 0.565430
vt 0.548320 0.896932
vt 0.549960 0.434590
vt 0.549926 0.474229
vt 0.549059 0.474018
vt 0.549960 0.433297
vt 0.542299 0.473421
vt 0.549965 0.424243
vt 0.525863 0.003271
vt 0.540382 0.001318
vt 0.541617 0.994103
vt 0.525064 0.995466
vt 0.525615 0.995454
vt 0.540892 0.993609
vt 0.547118 0.001705
vt 0.548255 0.010602
vt 0.548560 0.975655
vt 0.547563 0.975462
vt 0.549115 0.032476
vt 0.548941 0.032491
vt 0.549101 0.062208
vt 0.550130 0.093126
vt 0.549086 0.093241
vt 0.550115 0.124169
vt 0.549071 0.124275
vt 0.541762 0.125016
vt 0.541775 0.094043
vt 0.550099 0.155211
vt 0.549056 0.155308
vt 0.550084 0.186253
vt 0.549040 0.186341
vt 0.541737 0.186961
vt 0.541749 0.155988
vt 0.550068 0.217295
vt 0.549025 0.217375
vt 0.550053 0.248337
vt 0.549010 0.248408
vt 0.541711 0.248906
vt 0.541724 0.217934
vt 0.550037 0.279380
vt 0.548995 0.279442
vt 0.550022 0.310422
vt 0.548980 0.310475
vt 0.541685 0.310851
vt 0.541698 0.279879
vt 0.550006 0.341464
vt 0.549138 0.341718
vt 0.549991 0.372506
vt 0.549990 0.373799
vt 0.549986 0.382853
vt 0.542366 0.342662
vt 0.549996 0.362159
vt 0.543034 0.403732
vt 0.549281 0.403567
vt 0.549991 0.371213
vt 0.549955 0.444938
vt 0.549959 0.435884
vt 0.549960 0.434590
vt 0.549975 0.403548
vt 0.549991 0.372506
vt 0.542299 0.473421
vt 0.549059 0.474018
vt 0.549965 0.424243
vt 0.549960 0.433297
vt 0.549960 0.434590
vt 0.549926 0.474229
vt 0.549960 0.434590
vt 0.549975 0.403548
vt 0.549281 0.403567
vt 0.549959 0.435884
vt 0.549991 0.372506
vt 0.549991 0.371213
vt 0.549996 0.362159
vt 0.543034 0.403733
vt 0.549955 0.444938
vt 0.549986 0.382853
vt 0.542366 0.342662
vt 0.549138 0.341718
vt 0.549990 0.373799
vt 0.541685 0.310851
vt 0.548980 0.310475
vt 0.550022 0.310422
vt 0.550006 0.341464
vt 0.549991 0.372506
vt 0.541698 0.279879
vt 0.548995 0.279442
vt 0.541711 0.248906
vt 0.549010 0.248408
vt 0.550053 0.248337
vt 0.550037 0.279379
vt 0.541724 0.217934
vt 0.549025 0.217375
vt 0.541737 0.186961
vt 0.549040 0.186341
vt 0.550084 0.186253
vt 0.550068 0.217295
vt 0.541749 0.155988
vt 0.549056 0.155308
vt 0.541762 0.125016
vt 0.549071 0.124275
vt 0.550115 0.124169
vt 0.550099 0.155211
vt 0.541775 0.094043
vt 0.549086 0.093241
vt 0.550130 0.093127
vt 0.500000 0.474631
vt 0.524096 0.474219
vt 0.500000 0.435500
vt 0.524807 0.434185
vt 0.500000 0.404875
vt 0.524988 0.404212
vt 0.500000 0.374250
vt 0.524821 0.374248
vt 0.500000 0.343625
vt 0.524135 0.342799
vt 0.500000 0.313000
vt 0.523969 0.311765
vt 0.500000 0.282375
vt 0.523976 0.280940
vt 0.500000 0.251750
vt 0.523984 0.250115
vt 0.500000 0.221125
vt 0.523991 0.219290
vt 0.500000 0.190500
vt 0.523999 0.188465
vt 0.500000 0.159875
vt 0.524006 0.157640
vt 0.500000 0.129250
vt 0.524013 0.126815
vt 0.500000 0.098625
vt 0.524021 0.095991
vt 0.524963 0.474645
vt 0.549925 0.475522
vt 0.524806 0.435912
vt 0.524294 0.404230
vt 0.524822 0.372521
vt 0.525003 0.342329
vt 0.550007 0.340170
vt 0.525011 0.311711
vt 0.525019 0.280877
vt 0.525026 0.250044
vt 0.525034 0.219210
vt 0.525042 0.188377
vt 0.525050 0.157543
vt 0.525057 0.126710
vt 0.525065 0.095876
vt 0.524963 0.474645
vt 0.500000 0.474631
vt 0.549925 0.475522
vt 0.524806 0.435912
vt 0.500000 0.435500
vt 0.524294 0.404230
vt 0.500000 0.404875
vt 0.524822 0.372521
vt 0.500000 0.374250
vt 0.525003 0.342329
vt 0.500000 0.343625
vt 0.550007 0.340170
vt 0.525011 0.311711
vt 0.500000 0.313000
vt 0.525019 0.280877
vt 0.500000 0.282375
vt 0.525027 0.250044
vt 0.500000 0.251750
vt 0.525034 0.219210
vt 0.500000 0.221125
vt 0.525042 0.188377
vt 0.500000 0.190500
vt 0.525050 0.157543
vt 0.500000 0.159875
vt 0.525057 0.126710
vt 0.500000 0.129250
vt 0.525065 0.095876
vt 0.500000 0.098625
vt 0.524096 0.474219
vt 0.524807 0.434185
vt 0.524988 0.404212
vt 0.524821 0.374248
vt 0.524135 0.342799
vt 0.523969 0.311765
vt 0.523976 0.280940
vt 0.523984 0.250115
vt 0.523991 0.219290
vt 0.523999 0.188465
vt 0.524006 0.157640
vt 0.524013 0.126815
vt 0.524021 0.095991
vn -0.0004 0.2591 0.9659
vn 0.0007 0.2518 0.9678
vn 0.0928 0.1674 0.9815
vn 0.0925 0.1764 0.9800
vn 0.0000 0.2373 0.9714
vn 0.0000 0.1321 0.9912
vn 0.0000 -0.2913 0.9566
vn 0.4116 -0.1411 0.9004
vn 0.4402 -0.1152 0.8905
vn 0.0006 0.2861 0.9582
vn 0.0004 0.2707 0.9626
vn 0.0931 0.1864 0.9781
vn 0.0968 0.1989 0.9752
vn 0.4428 -0.1078 0.8901
vn 0.4511 -0.1020 0.8866
vn 0.1884 0.9685 -0.1626
vn -0.3312 0.9271 0.1756
vn 0.2053 0.7109 0.6726
vn 0.6945 0.6994 0.1687
vn -0.5577 0.7700 0.3099
vn -0.1514 0.6263 0.7647
vn 0.0230 0.5010 0.8651
vn 0.4028 0.4250 0.8106
vn 0.8860 0.2505 0.3902
vn 0.4861 0.2978 0.8216
vn 0.8898 0.0405 0.4545
vn 0.1698 0.4016 0.8999
vn 0.5645 0.0988 0.8195
vn 0.7316 0.0444 0.6803
vn 0.9039 -0.0791 0.4203
vn -0.0027 0.4721 0.8815
vn -0.0023 0.4519 0.8920
vn 0.0657 0.3797 0.9228
vn 0.0692 0.3996 0.9141
vn -0.0017 0.4308 0.9024
vn 0.0675 0.3572 0.9316
vn 0.3399 0.0854 0.9366
vn 0.3322 0.1162 0.9360
vn 0.3522 0.1361 0.9260
vn -0.4139 0.6219 0.6648
vn -0.4299 0.6019 0.6730
vn -0.0907 0.4121 0.9066
vn -0.0880 0.4230 0.9019
vn -0.0000 0.5629 0.8265
vn 0.0000 0.3773 0.9261
vn -0.0000 0.3224 0.9466
vn 0.0003 0.3371 0.9415
vn -0.0006 0.3467 0.9380
vn -0.4125 0.6739 0.6129
vn -0.4007 0.6484 0.6473
vn -0.0838 0.4416 0.8933
vn -0.0877 0.4669 0.8799
vn -0.0005 0.3633 0.9317
vn -0.0007 0.3852 0.9229
vn -0.5215 0.7485 0.4096
vn -0.4920 0.7352 0.4662
vn -0.1188 0.5488 0.8275
vn -0.1340 0.5754 0.8068
vn -0.4616 0.7185 0.5203
vn -0.1055 0.5219 0.8465
vn 0.0842 0.2554 0.9632
vn 0.0808 0.2678 0.9601
vn -0.0000 0.2198 0.9755
vn 0.0000 -0.2039 0.9790
vn 0.3829 -0.0602 0.9218
vn 0.3940 -0.0315 0.9186
vn 0.0770 0.2857 0.9552
vn 0.0745 0.3085 0.9483
vn 0.3828 -0.0076 0.9238
vn 0.3731 0.0206 0.9276
vn -0.4006 0.5977 0.6944
vn -0.3979 0.5770 0.7133
vn -0.0836 0.3511 0.9326
vn -0.0849 0.3691 0.9255
vn -0.4251 0.5520 0.7173
vn -0.0921 0.3380 0.9366
vn -0.4444 0.5326 0.7203
vn -0.0947 0.3293 0.9395
vn -0.0000 0.4843 0.8749
vn -0.0000 0.2933 0.9560
vn -0.5691 0.7265 0.3851
vn -0.5364 0.7015 0.4692
vn -0.1528 0.4896 0.8584
vn -0.1696 0.5270 0.8328
vn -0.4847 0.6790 0.5514
vn -0.1211 0.4570 0.8812
vn 0.0042 0.3535 0.9354
vn 0.0061 0.3711 0.9286
vn 0.0482 0.3739 0.9262
vn 0.2294 0.2208 0.9480
vn 0.3190 0.1885 0.9288
vn 0.1706 0.2328 0.9574
vn 0.5822 -0.0986 0.8070
vn 0.6516 -0.1198 0.7490
vn 0.7135 -0.1538 0.6835
vn 0.9507 -0.0449 0.3068
vn 0.5710 0.1904 0.7986
vn 0.6311 0.0437 0.7744
vn 0.9293 -0.2433 0.2779
vn 0.8051 -0.2002 0.5583
vn 0.9168 -0.3093 0.2525
vn 0.3348 0.9408 -0.0536
vn -0.2660 0.9228 0.2787
vn 0.3231 0.5813 0.7468
vn 0.8247 0.5038 0.2571
vn -0.5480 0.7573 0.3551
vn -0.1509 0.6013 0.7846
vn -0.0023 0.4906 0.8714
vn 0.0861 0.4132 0.9066
vn 0.4204 0.1333 0.8975
vn 0.1837 0.9562 -0.2278
vn -0.3492 0.9308 0.1076
vn 0.1718 0.7629 0.6233
vn 0.6914 0.7083 0.1421
vn -0.5494 0.8015 0.2362
vn -0.1453 0.6967 0.7025
vn 0.0137 0.5856 0.8105
vn 0.3107 0.5461 0.7779
vn 0.8511 0.3387 0.4011
vn 0.3350 0.4640 0.8200
vn 0.8284 0.2066 0.5206
vn 0.0996 0.5141 0.8519
vn 0.4299 0.2470 0.8684
vn 0.6314 0.1947 0.7506
vn 0.8217 0.1165 0.5579
vn -0.0033 0.5518 0.8340
vn -0.0027 0.5312 0.8472
vn 0.0605 0.4637 0.8839
vn 0.0555 0.4870 0.8717
vn -0.0017 0.5106 0.8598
vn 0.0667 0.4402 0.8954
vn 0.3368 0.1707 0.9260
vn 0.3084 0.2094 0.9279
vn 0.2885 0.2465 0.9252
vn -0.4139 0.6794 0.6060
vn -0.4299 0.6602 0.6159
vn -0.0907 0.4923 0.8657
vn -0.0880 0.5026 0.8600
vn 0.0000 0.6352 0.7723
vn 0.0000 0.4594 0.8882
vn -0.0000 0.4065 0.9136
vn 0.0003 0.4208 0.9072
vn -0.0006 0.4299 0.9029
vn -0.4125 0.7265 0.5496
vn -0.4007 0.7042 0.5862
vn -0.0838 0.5205 0.8498
vn -0.0877 0.5445 0.8342
vn -0.0005 0.4459 0.8951
vn -0.0007 0.4669 0.8843
vn -0.5151 0.7865 0.3408
vn -0.4897 0.7755 0.3984
vn -0.1181 0.6217 0.7743
vn -0.1307 0.6473 0.7509
vn -0.4613 0.7627 0.4533
vn -0.1054 0.5963 0.7958
vn 0.0842 0.3413 0.9362
vn 0.0808 0.3534 0.9320
vn 0.0000 0.3070 0.9517
vn 0.0000 -0.1147 0.9934
vn 0.3829 0.0233 0.9235
vn 0.3940 0.0516 0.9177
vn 0.0770 0.3708 0.9255
vn 0.0745 0.3929 0.9166
vn 0.3828 0.0758 0.9207
vn 0.3731 0.1043 0.9219
vn -0.5385 0.7934 0.2837
vn -0.1438 0.6729 0.7257
vn -0.0032 0.5717 0.8205
vn 0.0590 0.5070 0.8599
vn 0.3116 0.2659 0.9123
vn 0.1676 0.9308 -0.3249
vn -0.3365 0.9416 0.0133
vn 0.1443 0.8394 0.5240
vn 0.6316 0.7751 0.0193
vn -0.5419 0.8239 0.1659
vn -0.1431 0.7545 0.6406
vn 0.0112 0.6543 0.7562
vn 0.2588 0.6581 0.7071
vn 0.8006 0.5158 0.3050
vn 0.2631 0.5844 0.7676
vn 0.7772 0.4060 0.4808
vn 0.0832 0.5940 0.8002
vn 0.3812 0.3524 0.8547
vn 0.5785 0.3228 0.7491
vn 0.7666 0.3018 0.5669
vn -0.0034 0.6232 0.7821
vn -0.0028 0.6045 0.7966
vn 0.0598 0.5408 0.8390
vn 0.0541 0.5629 0.8248
vn -0.0018 0.5852 0.8109
vn 0.0666 0.5183 0.8526
vn 0.3364 0.2528 0.9072
vn 0.3063 0.2921 0.9060
vn 0.2833 0.3299 0.9005
vn -0.4139 0.7307 0.5429
vn -0.4299 0.7125 0.5545
vn -0.0907 0.5676 0.8183
vn -0.0880 0.5774 0.8117
vn -0.0000 0.7016 0.7126
vn -0.0000 0.5368 0.8437
vn 0.0000 0.4864 0.8737
vn 0.0003 0.5000 0.8660
vn -0.0006 0.5088 0.8609
vn -0.4125 0.7726 0.4826
vn -0.4007 0.7537 0.5210
vn -0.0838 0.5942 0.7999
vn -0.0877 0.6167 0.7823
vn -0.0005 0.5240 0.8517
vn -0.0007 0.5439 0.8391
vn -0.5118 0.8154 0.2706
vn -0.4887 0.8084 0.3280
vn -0.1179 0.6880 0.7160
vn -0.1298 0.7107 0.6914
vn -0.4612 0.8001 0.3835
vn -0.1054 0.6649 0.7395
vn 0.0842 0.4234 0.9020
vn 0.0808 0.4351 0.8967
vn -0.0000 0.3907 0.9205
vn -0.0000 -0.0256 0.9997
vn 0.3829 0.1056 0.9177
vn 0.3940 0.1333 0.9094
vn 0.0770 0.4519 0.8888
vn 0.0745 0.4731 0.8779
vn 0.3828 0.1577 0.9103
vn 0.3731 0.1861 0.9090
vn -0.5328 0.8187 0.2140
vn -0.1420 0.7328 0.6655
vn -0.0034 0.6407 0.7678
vn 0.0553 0.5823 0.8111
vn 0.2946 0.3541 0.8876
vn 0.2305 0.8763 -0.4230
vn -0.2758 0.9567 -0.0925
vn 0.1901 0.8812 0.4329
vn 0.6578 0.7500 -0.0698
vn -0.5260 0.8454 0.0930
vn -0.1355 0.8037 0.5794
vn 0.0149 0.7105 0.7035
vn 0.2846 0.7056 0.6489
vn 0.8173 0.5210 0.2461
vn 0.2787 0.6367 0.7190
vn 0.7875 0.4317 0.4399
vn 0.0884 0.6531 0.7521
vn 0.3931 0.4144 0.8209
vn 0.5889 0.3762 0.7153
vn 0.7747 0.3377 0.5346
vn -0.0036 0.6881 0.7256
vn -0.0027 0.6726 0.7400
vn 0.0596 0.6130 0.7879
vn 0.0531 0.6319 0.7732
vn -0.0017 0.6552 0.7555
vn 0.0666 0.5923 0.8030
vn 0.3362 0.3327 0.8811
vn 0.3037 0.3719 0.8772
vn 0.2763 0.4081 0.8701
vn -0.4139 0.7762 0.4756
vn -0.4299 0.7591 0.4887
vn -0.0907 0.6383 0.7644
vn -0.0880 0.6475 0.7570
vn 0.0001 0.7624 0.6472
vn 0.0000 0.6099 0.7925
vn -0.0000 0.5625 0.8268
vn 0.0003 0.5753 0.8179
vn -0.0006 0.5836 0.8121
vn -0.4125 0.8126 0.4117
vn -0.4007 0.7971 0.4517
vn -0.0838 0.6632 0.7437
vn -0.0877 0.6841 0.7241
vn -0.0005 0.5979 0.8016
vn -0.0007 0.6166 0.7873
vn -0.5078 0.8382 0.1987
vn -0.4881 0.8347 0.2552
vn -0.1180 0.7487 0.6524
vn -0.1296 0.7677 0.6276
vn -0.4612 0.8311 0.3107
vn -0.1054 0.7281 0.6773
vn 0.0842 0.5022 0.8606
vn 0.0808 0.5134 0.8543
vn 0.0000 0.4712 0.8820
vn 0.0003 0.0637 0.9980
vn 0.3829 0.1870 0.9046
vn 0.3940 0.2139 0.8939
vn 0.0770 0.5294 0.8449
vn 0.0745 0.5495 0.8322
vn 0.3828 0.2383 0.8926
vn 0.3731 0.2664 0.8887
vn -0.5236 0.8399 0.1430
vn -0.1404 0.7850 0.6033
vn -0.0037 0.7012 0.7129
vn 0.0549 0.6465 0.7609
vn 0.2924 0.4254 0.8564
vn 0.2063 0.8655 -0.4566
vn -0.3020 0.9447 -0.1276
vn 0.1679 0.8987 0.4051
vn 0.6471 0.7577 -0.0847
vn -0.5371 0.8418 0.0535
vn -0.1394 0.8324 0.5363
vn 0.0136 0.7471 0.6645
vn 0.2591 0.7392 0.6217
vn 0.7989 0.5455 0.2534
vn 0.2576 0.6752 0.6912
vn 0.7607 0.4644 0.4535
vn 0.0870 0.6918 0.7168
vn 0.3898 0.4562 0.8000
vn 0.5724 0.4117 0.7092
vn 0.7470 0.3707 0.5519
vn -0.0034 0.7241 0.6897
vn -0.0025 0.7081 0.7061
vn 0.0597 0.6515 0.7563
vn 0.0533 0.6704 0.7401
vn -0.0014 0.6901 0.7237
vn 0.0673 0.6305 0.7733
vn 0.3396 0.3728 0.8635
vn 0.3045 0.4149 0.8574
vn 0.2763 0.4523 0.8480
vn -0.4097 0.8224 0.3948
vn -0.4222 0.8056 0.4156
vn -0.0895 0.7062 0.7023
vn -0.0877 0.7160 0.6926
vn -0.0000 0.8200 0.5723
vn -0.0000 0.6802 0.7330
vn -0.0000 0.6359 0.7718
vn 0.0003 0.6481 0.7615
vn -0.0007 0.6568 0.7541
vn -0.4406 0.8489 0.2919
vn -0.4101 0.8405 0.3541
vn -0.0876 0.7331 0.6745
vn -0.0977 0.7552 0.6482
vn -0.0008 0.6718 0.7408
vn -0.5080 0.8465 0.1591
vn -0.4781 0.8494 0.2235
vn -0.1128 0.7776 0.6186
vn -0.1278 0.7978 0.5892
vn 0.0845 0.5795 0.8106
vn 0.0800 0.5916 0.8023
vn -0.0000 0.5499 0.8352
vn 0.0000 0.1543 0.9880
vn 0.3833 0.2710 0.8830
vn 0.3893 0.3004 0.8707
vn 0.0737 0.6093 0.7895
vn 0.3680 0.3332 0.8681
vn -0.5308 0.8414 0.1018
vn -0.1417 0.8153 0.5615
vn -0.0036 0.7377 0.6752
vn 0.0552 0.6852 0.7263
vn 0.2929 0.4695 0.8330
vn 0.3307 0.7344 -0.5927
vn -0.1866 0.9384 -0.2907
vn 0.3113 0.9347 0.1713
vn 0.7097 0.6351 -0.3048
vn -0.5230 0.8519 -0.0267
vn -0.1260 0.8771 0.4635
vn 0.0435 0.7963 0.6033
vn 0.5014 0.7544 0.4236
vn 0.9037 0.4273 -0.0260
vn 0.5081 0.6816 0.5265
vn 0.9296 0.3438 0.1329
vn 0.1636 0.7428 0.6492
vn 0.5739 0.5029 0.6464
vn 0.7415 0.4509 0.4968
vn 0.9323 0.2904 0.2157
vn -0.0029 0.7583 0.6519
vn -0.0027 0.7453 0.6667
vn 0.0551 0.6943 0.7176
vn 0.0510 0.7108 0.7016
vn -0.0022 0.7333 0.6799
vn 0.0625 0.6785 0.7319
vn 0.3124 0.4309 0.8466
vn 0.2855 0.4685 0.8361
vn 0.2695 0.5027 0.8214
vn -0.3805 0.8628 0.3329
vn -0.3097 0.8772 0.3668
vn -0.0689 0.7639 0.6417
vn -0.0874 0.7698 0.6322
vn -0.0000 0.8828 0.4697
vn 0.0000 0.7449 0.6672
vn 0.0000 0.7025 0.7117
vn 0.0034 0.7123 0.7019
vn 0.0001 0.7166 0.6974
vn -0.4356 0.8657 0.2464
vn -0.4029 0.8663 0.2952
vn -0.0907 0.7795 0.6199
vn -0.0990 0.7926 0.6016
vn -0.0010 0.7234 0.6904
vn -0.4909 0.8578 0.1522
vn -0.4670 0.8620 0.1972
vn -0.1084 0.8072 0.5802
vn -0.1173 0.8216 0.5579
vn 0.0993 0.6427 0.7596
vn 0.0908 0.6530 0.7519
vn -0.0000 0.6164 0.7874
vn 0.0000 0.2219 0.9751
vn 0.3705 0.3151 0.8738
vn 0.3901 0.3547 0.8497
vn 0.0747 0.6645 0.7436
vn 0.3499 0.3916 0.8510
vn -0.5470 0.8367 0.0270
vn -0.1550 0.8552 0.4946
vn -0.5309 0.8448 0.0662
vn -0.1392 0.8465 0.5139
vn -0.0027 0.7809 0.6246
vn -0.0024 0.7881 0.6156
vn 0.0939 0.7424 0.6633
vn 0.0646 0.7365 0.6733
vn 0.3469 0.5333 0.7715
vn 0.4668 0.5217 0.7141
vn 0.2545 0.7602 -0.5977
vn -0.2664 0.9211 -0.2840
vn 0.2299 0.9501 0.2109
vn 0.6786 0.6872 -0.2593
vn -0.5389 0.8405 -0.0563
vn -0.1376 0.8977 0.4186
vn 0.0207 0.8318 0.5547
vn 0.3621 0.8132 0.4555
vn 0.8557 0.5150 0.0503
vn 0.3457 0.7607 0.5494
vn 0.8494 0.4720 0.2361
vn 0.0963 0.7879 0.6082
vn 0.4121 0.5777 0.7046
vn 0.6285 0.5257 0.5732
vn 0.8386 0.4217 0.3448
vn -0.0035 0.8162 0.5777
vn -0.0027 0.8058 0.5922
vn 0.0616 0.7600 0.6470
vn 0.0565 0.7738 0.6310
vn -0.0016 0.7948 0.6068
vn 0.0689 0.7451 0.6634
vn 0.3432 0.5070 0.7907
vn 0.3139 0.5436 0.7784
vn 0.2926 0.5751 0.7640
vn -0.4323 0.8672 0.2470
vn -0.4486 0.8531 0.2666
vn -0.0971 0.8192 0.5652
vn -0.0968 0.8247 0.5572
vn -0.0000 0.9067 0.4219
vn -0.0000 0.7999 0.6002
vn 0.0000 0.7638 0.6454
vn 0.0013 0.7734 0.6339
vn -0.0006 0.7779 0.6284
vn -0.4424 0.8807 0.1693
vn -0.4145 0.8837 0.2175
vn -0.0906 0.8335 0.5450
vn -0.0991 0.8451 0.5253
vn -0.0006 0.7850 0.6195
vn -0.5176 0.8543 0.0484
vn -0.4849 0.8676 0.1099
vn -0.1156 0.8581 0.5002
vn -0.1323 0.8712 0.4728
vn 0.0916 0.7136 0.6946
vn 0.0868 0.7215 0.6869
vn 0.0000 0.6909 0.7229
vn 0.0000 0.3358 0.9419
vn 0.3814 0.4183 0.8244
vn 0.4027 0.4451 0.7998
vn 0.0776 0.7315 0.6774
vn 0.3751 0.4726 0.7975
vn -0.5388 0.8424 -0.0065
vn -0.1467 0.8828 0.4462
vn -0.0036 0.8247 0.5655
vn 0.0584 0.7837 0.6184
vn 0.3089 0.5896 0.7463
vn 0.2826 0.6737 -0.6828
vn -0.2338 0.8932 -0.3841
vn 0.2400 0.9684 0.0681
vn 0.6333 0.6572 -0.4087
vn -0.5602 0.8228 -0.0959
vn -0.1447 0.9209 0.3620
vn 0.0342 0.8648 0.5009
vn 0.4090 0.8475 0.3384
vn 0.8336 0.5406 -0.1134
vn 0.4316 0.7820 0.4498
vn 0.8697 0.4850 0.0916
vn 0.1561 0.8187 0.5526
vn 0.5594 0.5814 0.5908
vn 0.7230 0.5308 0.4422
vn 0.8902 0.4081 0.2024
vn -0.0041 0.8532 0.5215
vn -0.0036 0.8475 0.5307
vn 0.0688 0.8049 0.5894
vn 0.0719 0.8129 0.5779
vn -0.0020 0.8411 0.5409
vn 0.0728 0.7953 0.6018
vn 0.3481 0.5634 0.7493
vn 0.3395 0.5897 0.7328
vn 0.3590 0.6051 0.7106
vn -0.3810 0.9083 0.1728
vn -0.3097 0.9288 0.2037
vn -0.0689 0.8665 0.4943
vn -0.0876 0.8706 0.4842
vn -0.0000 0.9527 0.3039
vn 0.0000 0.8524 0.5229
vn -0.0000 0.8187 0.5742
vn 0.0034 0.8266 0.5628
vn 0.0003 0.8300 0.5578
vn -0.4525 0.8877 0.0851
vn -0.4069 0.9035 0.1347
vn -0.0925 0.8772 0.4711
vn -0.1067 0.8852 0.4528
vn -0.0004 0.8348 0.5505
vn -0.5510 0.8345 -0.0078
vn -0.5075 0.8610 0.0349
vn -0.1288 0.8929 0.4315
vn -0.1512 0.8991 0.4108
vn 0.0993 0.7685 0.6321
vn 0.0928 0.7768 0.6228
vn -0.0000 0.7476 0.6641
vn -0.0000 0.3932 0.9195
vn 0.3704 0.4667 0.8031
vn 0.3947 0.4998 0.7710
vn 0.0815 0.7854 0.6136
vn 0.3691 0.5315 0.7624
vn -0.5773 0.8154 -0.0422
vn -0.1685 0.9040 0.3929
vn -0.0037 0.8579 0.5138
vn 0.0885 0.8181 0.5682
vn 0.4336 0.6025 0.6700
vn 0.7055 0.4819 -0.5196
vn 0.5364 0.7492 -0.3886
vn 0.4534 0.8913 0.0029
vn 0.7765 0.5370 -0.3295
vn 0.3692 0.8888 -0.2717
vn 0.1063 0.9665 0.2337
vn 0.0461 0.8876 0.4582
vn 0.4315 0.8648 0.2567
vn 0.8315 0.5341 -0.1527
vn 0.4606 0.7966 0.3914
vn 0.8657 0.5005 0.0023
vn 0.1624 0.8302 0.5333
vn 0.5581 0.5424 0.6279
vn 0.7418 0.5100 0.4356
vn 0.9087 0.3955 0.1331
vn 0.0596 0.9957 0.0704
vn -0.0417 0.9945 0.0956
vn -0.0215 0.9082 0.4179
vn -0.0191 0.9115 0.4109
vn -0.0000 0.9880 0.1545
vn -0.0000 0.9028 0.4301
vn -0.0000 0.8699 0.4933
vn 0.0019 0.8725 0.4887
vn 0.0007 0.8741 0.4857
vn 0.0630 0.8241 0.5630
vn 0.0644 0.8278 0.5573
vn 0.0005 0.8758 0.4826
vn 0.2963 0.5422 0.7863
vn 0.3133 0.5569 0.7692
vn 0.3388 0.5653 0.7521
vn 0.0683 0.8309 0.5522
vn 0.0003 0.8779 0.4789
vn 0.0524 0.8190 0.5714
vn -0.0000 0.8122 0.5834
vn 0.0000 0.4993 0.8664
vn 0.2236 0.5203 0.8242
vn 0.2459 0.9536 -0.1739
vn -0.0129 0.9373 0.3483
vn 0.1617 0.9853 -0.0558
vn -0.0184 0.9232 0.3838
vn 0.0005 0.8799 0.4752
vn 0.0852 0.8318 0.5484
vn 0.4135 0.5595 0.7183
vn 0.1247 0.9918 0.0276
vn -0.0150 0.9158 0.4013
vn 0.0004 0.2591 0.9659
vn -0.0925 0.1764 0.9800
vn -0.0928 0.1674 0.9815
vn -0.0007 0.2518 0.9678
vn -0.4402 -0.1152 0.8905
vn -0.4116 -0.1411 0.9004
vn -0.0006 0.2861 0.9582
vn -0.0968 0.1989 0.9752
vn -0.0931 0.1864 0.9781
vn -0.0004 0.2707 0.9626
vn -0.4511 -0.1020 0.8866
vn -0.4428 -0.1078 0.8901
vn -0.1884 0.9685 -0.1625
vn -0.6945 0.6994 0.1687
vn -0.2053 0.7109 0.6726
vn 0.3312 0.9271 0.1756
vn -0.8860 0.2505 0.3902
vn -0.4028 0.4250 0.8106
vn -0.0230 0.5010 0.8651
vn 0.1514 0.6263 0.7647
vn 0.5577 0.7700 0.3099
vn -0.8898 0.0405 0.4545
vn -0.4861 0.2978 0.8216
vn -0.9039 -0.0791 0.4203
vn -0.7316 0.0444 0.6803
vn -0.5645 0.0988 0.8195
vn -0.1698 0.4016 0.8999
vn 0.0027 0.4721 0.8815
vn -0.0692 0.3996 0.9141
vn -0.0657 0.3798 0.9228
vn 0.0023 0.4519 0.8921
vn -0.3522 0.1361 0.9260
vn -0.3322 0.1162 0.9360
vn -0.3399 0.0854 0.9366
vn -0.0675 0.3572 0.9316
vn 0.0017 0.4308 0.9024
vn 0.4139 0.6219 0.6648
vn 0.0880 0.4230 0.9019
vn 0.0907 0.4121 0.9066
vn 0.4299 0.6019 0.6730
vn 0.0006 0.3467 0.9380
vn -0.0003 0.3371 0.9415
vn 0.4125 0.6739 0.6129
vn 0.0877 0.4669 0.8799
vn 0.0838 0.4416 0.8933
vn 0.4007 0.6484 0.6473
vn 0.0007 0.3852 0.9229
vn 0.0005 0.3633 0.9317
vn 0.5215 0.7485 0.4096
vn 0.1340 0.5754 0.8068
vn 0.1188 0.5488 0.8275
vn 0.4920 0.7352 0.4662
vn 0.1055 0.5219 0.8465
vn 0.4616 0.7185 0.5203
vn -0.0808 0.2678 0.9601
vn -0.0842 0.2554 0.9632
vn -0.3940 -0.0315 0.9186
vn -0.3829 -0.0602 0.9218
vn -0.0745 0.3085 0.9483
vn -0.0770 0.2857 0.9552
vn -0.3731 0.0206 0.9276
vn -0.3828 -0.0076 0.9238
vn 0.4006 0.5977 0.6944
vn 0.0849 0.3691 0.9255
vn 0.0836 0.3511 0.9326
vn 0.3979 0.5770 0.7133
vn 0.0921 0.3380 0.9366
vn 0.4251 0.5520 0.7173
vn 0.0947 0.3293 0.9395
vn 0.4444 0.5326 0.7203
vn 0.5691 0.7265 0.3851
vn 0.1696 0.5270 0.8328
vn 0.1528 0.4896 0.8584
vn 0.5364 0.7015 0.4692
vn -0.0482 0.3739 0.9262
vn -0.0061 0.3711 0.9286
vn -0.0042 0.3535 0.9354
vn 0.1211 0.4570 0.8812
vn 0.4847 0.6790 0.5514
vn -0.3190 0.1885 0.9288
vn -0.2294 0.2208 0.9480
vn -0.7135 -0.1538 0.6835
vn -0.6516 -0.1198 0.7490
vn -0.5823 -0.0986 0.8070
vn -0.1706 0.2328 0.9574
vn -0.9507 -0.0449 0.3068
vn -0.9293 -0.2433 0.2779
vn -0.6311 0.0437 0.7744
vn -0.5710 0.1904 0.7986
vn -0.9169 -0.3093 0.2525
vn -0.8051 -0.2002 0.5583
vn -0.3348 0.9408 -0.0536
vn -0.8247 0.5038 0.2571
vn -0.3231 0.5813 0.7468
vn 0.2660 0.9228 0.2787
vn 0.1509 0.6013 0.7846
vn 0.5480 0.7573 0.3551
vn 0.0023 0.4906 0.8714
vn -0.0861 0.4132 0.9066
vn -0.4204 0.1333 0.8975
vn -0.1837 0.9562 -0.2278
vn -0.6914 0.7083 0.1421
vn -0.1718 0.7629 0.6233
vn 0.3492 0.9308 0.1076
vn -0.8511 0.3387 0.4011
vn -0.3107 0.5461 0.7779
vn -0.0137 0.5856 0.8105
vn 0.1453 0.6967 0.7025
vn 0.5494 0.8015 0.2362
vn -0.8284 0.2066 0.5206
vn -0.3350 0.4640 0.8200
vn -0.8217 0.1165 0.5579
vn -0.6314 0.1947 0.7507
vn -0.4299 0.2470 0.8684
vn -0.0996 0.5141 0.8519
vn 0.0033 0.5518 0.8340
vn -0.0555 0.4870 0.8717
vn -0.0605 0.4637 0.8839
vn 0.0027 0.5312 0.8472
vn -0.2885 0.2465 0.9252
vn -0.3084 0.2094 0.9279
vn -0.3368 0.1707 0.9260
vn -0.0667 0.4402 0.8954
vn 0.0017 0.5106 0.8598
vn 0.4139 0.6794 0.6060
vn 0.0880 0.5026 0.8600
vn 0.0907 0.4923 0.8657
vn 0.4299 0.6602 0.6159
vn 0.0006 0.4299 0.9029
vn -0.0003 0.4208 0.9072
vn 0.4125 0.7265 0.5496
vn 0.0877 0.5445 0.8342
vn 0.0838 0.5205 0.8498
vn 0.4007 0.7042 0.5862
vn 0.0007 0.4669 0.8843
vn 0.0005 0.4459 0.8951
vn 0.5151 0.7865 0.3408
vn 0.1307 0.6473 0.7509
vn 0.1181 0.6217 0.7743
vn 0.4897 0.7755 0.3984
vn 0.1054 0.5963 0.7958
vn 0.4613 0.7627 0.4533
vn -0.0808 0.3534 0.9320
vn -0.0842 0.3413 0.9362
vn -0.3940 0.0516 0.9177
vn -0.3829 0.0233 0.9235
vn -0.0745 0.3929 0.9166
vn -0.0770 0.3708 0.9255
vn -0.3731 0.1043 0.9219
vn -0.3828 0.0758 0.9207
vn 0.1438 0.6729 0.7257
vn 0.5385 0.7934 0.2837
vn 0.0032 0.5717 0.8205
vn -0.0590 0.5070 0.8599
vn -0.3116 0.2659 0.9123
vn -0.1676 0.9308 -0.3249
vn -0.6316 0.7751 0.0193
vn -0.1443 0.8394 0.5240
vn 0.3365 0.9416 0.0133
vn -0.8006 0.5158 0.3050
vn -0.2588 0.6581 0.7071
vn -0.0112 0.6543 0.7562
vn 0.1431 0.7545 0.6406
vn 0.5419 0.8239 0.1659
vn -0.7772 0.4060 0.4808
vn -0.2631 0.5844 0.7676
vn -0.7665 0.3018 0.5669
vn -0.5785 0.3228 0.7491
vn -0.3812 0.3524 0.8547
vn -0.0832 0.5940 0.8002
vn 0.0034 0.6232 0.7821
vn -0.0541 0.5629 0.8247
vn -0.0598 0.5408 0.8390
vn 0.0028 0.6045 0.7966
vn -0.2833 0.3299 0.9005
vn -0.3063 0.2921 0.9060
vn -0.3364 0.2528 0.9072
vn -0.0666 0.5183 0.8526
vn 0.0018 0.5852 0.8109
vn 0.4139 0.7307 0.5429
vn 0.0880 0.5774 0.8117
vn 0.0907 0.5676 0.8183
vn 0.4299 0.7125 0.5545
vn 0.0006 0.5088 0.8609
vn -0.0003 0.5000 0.8660
vn 0.4125 0.7726 0.4826
vn 0.0877 0.6167 0.7823
vn 0.0838 0.5942 0.7999
vn 0.4007 0.7537 0.5210
vn 0.0007 0.5439 0.8391
vn 0.0005 0.5240 0.8517
vn 0.5118 0.8154 0.2706
vn 0.1298 0.7107 0.6914
vn 0.1179 0.6880 0.7160
vn 0.4887 0.8084 0.3280
vn 0.1054 0.6649 0.7395
vn 0.4612 0.8001 0.3835
vn -0.0808 0.4351 0.8967
vn -0.0842 0.4234 0.9020
vn -0.3940 0.1333 0.9094
vn -0.3829 0.1056 0.9177
vn -0.0745 0.4731 0.8779
vn -0.0770 0.4519 0.8888
vn -0.3731 0.1861 0.9090
vn -0.3828 0.1577 0.9103
vn 0.1420 0.7328 0.6655
vn 0.5328 0.8187 0.2140
vn 0.0033 0.6407 0.7678
vn -0.0553 0.5823 0.8111
vn -0.2946 0.3541 0.8876
vn -0.2305 0.8763 -0.4230
vn -0.6577 0.7500 -0.0699
vn -0.1901 0.8812 0.4329
vn 0.2758 0.9567 -0.0925
vn -0.8173 0.5210 0.2461
vn -0.2846 0.7056 0.6489
vn -0.0149 0.7105 0.7035
vn 0.1355 0.8037 0.5794
vn 0.5260 0.8454 0.0930
vn -0.7875 0.4317 0.4399
vn -0.2787 0.6367 0.7190
vn -0.7747 0.3377 0.5346
vn -0.5889 0.3762 0.7153
vn -0.3931 0.4144 0.8209
vn -0.0884 0.6531 0.7521
vn 0.0036 0.6881 0.7256
vn -0.0531 0.6319 0.7732
vn -0.0596 0.6129 0.7879
vn 0.0027 0.6725 0.7401
vn -0.2764 0.4081 0.8701
vn -0.3037 0.3719 0.8772
vn -0.3363 0.3326 0.8811
vn -0.0666 0.5922 0.8031
vn 0.0017 0.6551 0.7555
vn 0.4140 0.7761 0.4757
vn 0.0881 0.6474 0.7570
vn 0.0908 0.6383 0.7644
vn 0.4302 0.7590 0.4887
vn 0.0006 0.5835 0.8121
vn -0.0003 0.5753 0.8180
vn 0.4123 0.8125 0.4122
vn 0.0876 0.6838 0.7244
vn 0.0838 0.6630 0.7439
vn 0.4006 0.7970 0.4520
vn 0.0007 0.6164 0.7874
vn 0.0005 0.5977 0.8017
vn 0.5078 0.8382 0.1987
vn 0.1296 0.7677 0.6276
vn 0.1179 0.7486 0.6524
vn 0.4881 0.8347 0.2552
vn 0.1053 0.7280 0.6774
vn 0.4611 0.8311 0.3109
vn -0.0808 0.5133 0.8544
vn -0.0842 0.5022 0.8606
vn -0.3940 0.2138 0.8939
vn -0.3828 0.1870 0.9047
vn -0.0745 0.5493 0.8323
vn -0.0770 0.5292 0.8450
vn -0.3732 0.2661 0.8888
vn -0.3829 0.2380 0.8926
vn 0.1404 0.7850 0.6033
vn 0.5236 0.8399 0.1430
vn 0.0037 0.7012 0.7129
vn -0.0549 0.6465 0.7609
vn -0.2924 0.4255 0.8564
vn -0.2063 0.8655 -0.4566
vn -0.6471 0.7577 -0.0847
vn -0.1679 0.8987 0.4051
vn 0.3020 0.9447 -0.1276
vn -0.7989 0.5455 0.2534
vn -0.2591 0.7392 0.6217
vn -0.0136 0.7471 0.6645
vn 0.1394 0.8324 0.5363
vn 0.5371 0.8418 0.0535
vn -0.7607 0.4644 0.4535
vn -0.2576 0.6752 0.6912
vn -0.7470 0.3707 0.5519
vn -0.5724 0.4117 0.7092
vn -0.3898 0.4562 0.8000
vn -0.0870 0.6918 0.7168
vn 0.0034 0.7241 0.6897
vn -0.0533 0.6704 0.7401
vn -0.0597 0.6515 0.7563
vn 0.0025 0.7081 0.7061
vn -0.2763 0.4523 0.8480
vn -0.3045 0.4149 0.8574
vn -0.3396 0.3728 0.8635
vn -0.0673 0.6305 0.7733
vn 0.0014 0.6901 0.7237
vn 0.4096 0.8224 0.3948
vn 0.0877 0.7160 0.6926
vn 0.0895 0.7062 0.7023
vn 0.4222 0.8056 0.4156
vn 0.0007 0.6568 0.7541
vn -0.0003 0.6481 0.7615
vn 0.4406 0.8489 0.2919
vn 0.0977 0.7552 0.6482
vn 0.0876 0.7331 0.6745
vn 0.4101 0.8405 0.3541
vn 0.0008 0.6718 0.7408
vn 0.5080 0.8465 0.1591
vn 0.1278 0.7978 0.5892
vn 0.1128 0.7776 0.6186
vn 0.4781 0.8494 0.2235
vn -0.0800 0.5916 0.8023
vn -0.0845 0.5795 0.8106
vn -0.3893 0.3004 0.8707
vn -0.3833 0.2710 0.8830
vn -0.0737 0.6093 0.7895
vn -0.3680 0.3332 0.8681
vn 0.1417 0.8153 0.5615
vn 0.5308 0.8414 0.1018
vn 0.0036 0.7377 0.6752
vn -0.0552 0.6852 0.7263
vn -0.2929 0.4695 0.8330
vn -0.3307 0.7344 -0.5927
vn -0.7097 0.6351 -0.3048
vn -0.3113 0.9347 0.1713
vn 0.1866 0.9384 -0.2907
vn -0.9037 0.4273 -0.0260
vn -0.5014 0.7544 0.4236
vn -0.0435 0.7963 0.6033
vn 0.1260 0.8771 0.4636
vn 0.5230 0.8519 -0.0267
vn -0.9296 0.3438 0.1329
vn -0.5081 0.6816 0.5265
vn -0.9323 0.2904 0.2157
vn -0.7415 0.4509 0.4968
vn -0.5739 0.5029 0.6464
vn -0.1636 0.7428 0.6492
vn 0.0029 0.7583 0.6519
vn -0.0510 0.7108 0.7016
vn -0.0551 0.6943 0.7176
vn 0.0027 0.7453 0.6667
vn -0.2695 0.5027 0.8214
vn -0.2855 0.4685 0.8361
vn -0.3124 0.4309 0.8466
vn -0.0625 0.6785 0.7319
vn 0.0023 0.7333 0.6799
vn 0.3805 0.8628 0.3329
vn 0.0874 0.7698 0.6322
vn 0.0689 0.7639 0.6417
vn 0.3097 0.8772 0.3669
vn -0.0001 0.7166 0.6974
vn -0.0034 0.7123 0.7019
vn 0.4356 0.8657 0.2464
vn 0.0990 0.7926 0.6016
vn 0.0907 0.7795 0.6199
vn 0.4029 0.8663 0.2952
vn 0.0010 0.7234 0.6904
vn 0.4909 0.8578 0.1522
vn 0.1173 0.8216 0.5579
vn 0.1084 0.8072 0.5802
vn 0.4670 0.8620 0.1972
vn -0.0908 0.6530 0.7519
vn -0.0993 0.6427 0.7596
vn -0.3901 0.3547 0.8497
vn -0.3705 0.3151 0.8738
vn -0.0748 0.6645 0.7436
vn -0.3499 0.3916 0.8510
vn 0.1550 0.8552 0.4946
vn 0.5470 0.8367 0.0270
vn 0.0024 0.7881 0.6156
vn 0.0027 0.7809 0.6246
vn 0.1392 0.8465 0.5139
vn 0.5309 0.8448 0.0662
vn -0.0939 0.7424 0.6633
vn -0.4668 0.5217 0.7141
vn -0.3469 0.5333 0.7715
vn -0.0646 0.7365 0.6733
vn -0.2545 0.7602 -0.5977
vn -0.6786 0.6872 -0.2593
vn -0.2299 0.9501 0.2109
vn 0.2664 0.9211 -0.2840
vn -0.8557 0.5150 0.0503
vn -0.3621 0.8132 0.4555
vn -0.0207 0.8318 0.5547
vn 0.1376 0.8977 0.4186
vn 0.5389 0.8405 -0.0563
vn -0.8494 0.4720 0.2361
vn -0.3457 0.7607 0.5494
vn -0.8386 0.4217 0.3448
vn -0.6285 0.5257 0.5732
vn -0.4121 0.5777 0.7046
vn -0.0963 0.7879 0.6082
vn 0.0035 0.8162 0.5777
vn -0.0565 0.7738 0.6310
vn -0.0616 0.7600 0.6470
vn 0.0027 0.8058 0.5922
vn -0.2926 0.5751 0.7640
vn -0.3139 0.5436 0.7784
vn -0.3432 0.5070 0.7907
vn -0.0689 0.7451 0.6634
vn 0.0016 0.7948 0.6068
vn 0.4323 0.8672 0.2470
vn 0.0968 0.8247 0.5572
vn 0.0971 0.8192 0.5652
vn 0.4486 0.8531 0.2666
vn 0.0006 0.7779 0.6284
vn -0.0013 0.7734 0.6339
vn 0.4424 0.8807 0.1693
vn 0.0991 0.8451 0.5253
vn 0.0906 0.8335 0.5450
vn 0.4145 0.8837 0.2175
vn 0.0006 0.7850 0.6195
vn 0.5176 0.8543 0.0484
vn 0.1323 0.8712 0.4728
vn 0.1156 0.8581 0.5002
vn 0.4849 0.8676 0.1098
vn -0.0868 0.7215 0.6869
vn -0.0916 0.7136 0.6946
vn -0.4027 0.4452 0.7998
vn -0.3814 0.4183 0.8244
vn -0.0776 0.7315 0.6774
vn -0.3751 0.4726 0.7975
vn 0.1467 0.8828 0.4462
vn 0.5388 0.8424 -0.0065
vn 0.0036 0.8247 0.5655
vn -0.0584 0.7837 0.6184
vn -0.3089 0.5896 0.7463
vn -0.2825 0.6737 -0.6828
vn -0.6333 0.6572 -0.4087
vn -0.2399 0.9684 0.0681
vn 0.2338 0.8932 -0.3841
vn -0.8336 0.5406 -0.1134
vn -0.4090 0.8475 0.3384
vn -0.0342 0.8648 0.5009
vn 0.1447 0.9209 0.3620
vn 0.5602 0.8228 -0.0959
vn -0.8697 0.4849 0.0916
vn -0.4316 0.7820 0.4497
vn -0.8902 0.4081 0.2024
vn -0.7230 0.5308 0.4422
vn -0.5594 0.5814 0.5908
vn -0.1561 0.8187 0.5526
vn 0.0041 0.8532 0.5215
vn -0.0719 0.8129 0.5779
vn -0.0688 0.8049 0.5894
vn 0.0036 0.8475 0.5307
vn -0.3590 0.6051 0.7106
vn -0.3395 0.5897 0.7328
vn -0.3481 0.5634 0.7493
vn -0.0728 0.7953 0.6018
vn 0.0020 0.8411 0.5409
vn 0.3810 0.9083 0.1728
vn 0.0876 0.8706 0.4842
vn 0.0689 0.8665 0.4943
vn 0.3097 0.9288 0.2037
vn -0.0003 0.8300 0.5578
vn -0.0034 0.8266 0.5628
vn 0.4525 0.8877 0.0851
vn 0.1067 0.8852 0.4528
vn 0.0925 0.8772 0.4711
vn 0.4069 0.9035 0.1347
vn 0.0004 0.8348 0.5505
vn 0.5510 0.8345 -0.0078
vn 0.1512 0.8991 0.4108
vn 0.1288 0.8929 0.4315
vn 0.5075 0.8610 0.0350
vn -0.0928 0.7768 0.6228
vn -0.0993 0.7685 0.6321
vn -0.3947 0.4998 0.7710
vn -0.3704 0.4667 0.8031
vn -0.0815 0.7854 0.6136
vn -0.3691 0.5315 0.7624
vn 0.1685 0.9040 0.3929
vn 0.5773 0.8154 -0.0422
vn 0.0037 0.8579 0.5138
vn -0.0885 0.8181 0.5682
vn -0.4336 0.6025 0.6700
vn -0.7055 0.4819 -0.5196
vn -0.7765 0.5370 -0.3295
vn -0.4535 0.8913 0.0029
vn -0.5364 0.7492 -0.3886
vn -0.8315 0.5341 -0.1527
vn -0.4316 0.8648 0.2567
vn -0.0461 0.8876 0.4582
vn -0.1063 0.9665 0.2337
vn -0.3692 0.8888 -0.2717
vn -0.8657 0.5005 0.0024
vn -0.4606 0.7966 0.3914
vn -0.9087 0.3955 0.1331
vn -0.7418 0.5100 0.4356
vn -0.5581 0.5424 0.6279
vn -0.1624 0.8302 0.5333
vn -0.0596 0.9957 0.0704
vn 0.0191 0.9115 0.4109
vn 0.0215 0.9082 0.4179
vn 0.0417 0.9945 0.0956
vn -0.0007 0.8741 0.4857
vn -0.0019 0.8725 0.4887
vn -0.0005 0.8758 0.4826
vn -0.0644 0.8278 0.5573
vn -0.0630 0.8241 0.5629
vn -0.0003 0.8779 0.4789
vn -0.0683 0.8309 0.5522
vn -0.3388 0.5653 0.7521
vn -0.3133 0.5569 0.7692
vn -0.2963 0.5422 0.7863
vn -0.0524 0.8190 0.5714
vn -0.2236 0.5203 0.8242
vn 0.0130 0.9373 0.3483
vn -0.2458 0.9536 -0.1739
vn -0.0005 0.8799 0.4752
vn 0.0184 0.9232 0.3838
vn -0.1617 0.9853 -0.0558
vn -0.0852 0.8318 0.5484
vn -0.4135 0.5595 0.7183
vn 0.0150 0.9158 0.4013
vn -0.1247 0.9918 0.0276
vn -0.0007 -0.2588 -0.9659
vn 0.0920 -0.3061 -0.9475
vn 0.0915 -0.3018 -0.9490
vn -0.0003 -0.2522 -0.9677
vn 0.4399 -0.5039 -0.7433
vn 0.4103 -0.5223 -0.7476
vn 0.0000 -0.6757 -0.7372
vn 0.0000 -0.3266 -0.9452
vn 0.0000 -0.2527 -0.9675
vn 0.0006 -0.2864 -0.9581
vn 0.0969 -0.3371 -0.9365
vn 0.0931 -0.3193 -0.9431
vn 0.0003 -0.2709 -0.9626
vn 0.4521 -0.5302 -0.7173
vn 0.4434 -0.5142 -0.7342
vn 0.1882 0.5785 -0.7937
vn 0.6948 0.1657 -0.6998
vn 0.2068 -0.2730 -0.9395
vn -0.3308 0.2616 -0.9067
vn 0.8875 -0.2298 -0.3995
vn 0.4092 -0.5133 -0.7544
vn 0.0263 -0.5064 -0.8619
vn -0.1519 -0.3798 -0.9125
vn -0.5577 0.0824 -0.8259
vn 0.8922 -0.3772 -0.2486
vn 0.4931 -0.5620 -0.6641
vn 0.9048 -0.4016 -0.1415
vn 0.7344 -0.5520 -0.3949
vn 0.5662 -0.6229 -0.5398
vn 0.1723 -0.5528 -0.8153
vn -0.0030 -0.4678 -0.8838
vn 0.0690 -0.4957 -0.8658
vn 0.0654 -0.4767 -0.8766
vn -0.0026 -0.4483 -0.8939
vn 0.3528 -0.6349 -0.6873
vn 0.3329 -0.6272 -0.7041
vn 0.3410 -0.6198 -0.7068
vn 0.0675 -0.4595 -0.8856
vn -0.0018 -0.4281 -0.9037
vn -0.4142 -0.0124 -0.9101
vn -0.0881 -0.2971 -0.9508
vn -0.0910 -0.2891 -0.9530
vn -0.4295 -0.0133 -0.9030
vn -0.0009 -0.3462 -0.9382
vn -0.0007 -0.3373 -0.9414
vn -0.0000 -0.3372 -0.9414
vn 0.0000 -0.3139 -0.9495
vn -0.0000 -0.1354 -0.9908
vn -0.4141 -0.0174 -0.9101
vn -0.0876 -0.3305 -0.9397
vn -0.0838 -0.3124 -0.9462
vn -0.4018 -0.0155 -0.9156
vn -0.0004 -0.3841 -0.9233
vn -0.0003 -0.3627 -0.9319
vn -0.5239 0.0345 -0.8511
vn -0.1360 -0.3785 -0.9156
vn -0.1201 -0.3720 -0.9204
vn -0.4944 0.0122 -0.8692
vn -0.1061 -0.3621 -0.9261
vn -0.4638 -0.0051 -0.8859
vn 0.0805 -0.3893 -0.9176
vn 0.0829 -0.3842 -0.9195
vn 0.3939 -0.5801 -0.7130
vn 0.3817 -0.5936 -0.7085
vn 0.0000 -0.7370 -0.6759
vn -0.0000 -0.4084 -0.9128
vn 0.0750 -0.4218 -0.9036
vn 0.0773 -0.4031 -0.9119
vn 0.3746 -0.5974 -0.7090
vn 0.3839 -0.5866 -0.7131
vn -0.4012 0.0654 -0.9136
vn -0.0849 -0.2321 -0.9690
vn -0.0836 -0.2195 -0.9720
vn -0.3982 0.0675 -0.9148
vn -0.0922 -0.2085 -0.9737
vn -0.4250 0.0678 -0.9026
vn -0.0950 -0.2031 -0.9745
vn -0.4438 0.0635 -0.8939
vn -0.0000 -0.2293 -0.9734
vn -0.0000 -0.0511 -0.9987
vn -0.5687 0.2119 -0.7948
vn -0.1706 -0.2435 -0.9548
vn -0.1555 -0.2628 -0.9523
vn -0.5374 0.1496 -0.8300
vn 0.0478 -0.4007 -0.9150
vn 0.0045 -0.3747 -0.9271
vn 0.0034 -0.3560 -0.9345
vn -0.1226 -0.2710 -0.9548
vn -0.4861 0.0986 -0.8683
vn 0.3193 -0.5129 -0.7969
vn 0.2290 -0.4731 -0.8507
vn 0.7147 -0.5774 -0.3948
vn 0.6543 -0.5781 -0.4876
vn 0.5848 -0.5759 -0.5712
vn 0.1705 -0.4332 -0.8850
vn 0.9505 -0.2568 -0.1749
vn 0.9287 -0.3704 -0.0167
vn 0.6332 -0.5232 -0.5703
vn 0.5723 -0.4523 -0.6840
vn 0.9165 -0.3980 0.0412
vn 0.8053 -0.5334 -0.2588
vn 0.3347 0.6697 -0.6629
vn 0.8249 0.1485 -0.5454
vn 0.3239 -0.1567 -0.9330
vn -0.2657 0.4142 -0.8706
vn -0.1530 -0.3815 -0.9116
vn -0.5496 0.0574 -0.8335
vn -0.0022 -0.4865 -0.8737
vn 0.0865 -0.5190 -0.8504
vn 0.4213 -0.6423 -0.6403
vn 0.1835 0.4650 -0.8661
vn 0.6920 0.0486 -0.7203
vn 0.1734 -0.3952 -0.9021
vn -0.3489 0.1395 -0.9267
vn 0.8535 -0.2903 -0.4328
vn 0.3179 -0.5858 -0.7455
vn 0.0159 -0.5858 -0.8103
vn -0.1462 -0.4729 -0.8689
vn -0.5498 -0.0034 -0.8353
vn 0.8326 -0.4304 -0.3487
vn 0.3430 -0.6231 -0.7029
vn 0.8242 -0.4844 -0.2934
vn 0.6331 -0.6281 -0.4524
vn 0.4304 -0.6983 -0.5720
vn 0.1016 -0.6118 -0.7845
vn -0.0037 -0.5472 -0.8370
vn 0.0552 -0.5689 -0.8205
vn 0.0602 -0.5529 -0.8311
vn -0.0030 -0.5275 -0.8496
vn 0.2890 -0.6959 -0.6575
vn 0.3091 -0.6892 -0.6553
vn 0.3379 -0.6813 -0.6494
vn 0.0668 -0.5374 -0.8407
vn -0.0019 -0.5080 -0.8614
vn -0.4142 -0.0945 -0.9053
vn -0.0881 -0.3818 -0.9201
vn -0.0911 -0.3739 -0.9230
vn -0.4295 -0.0948 -0.8981
vn -0.0009 -0.4295 -0.9031
vn -0.0007 -0.4209 -0.9071
vn -0.0000 -0.4208 -0.9071
vn 0.0000 -0.3983 -0.9173
vn 0.0000 -0.2243 -0.9745
vn -0.4141 -0.0995 -0.9048
vn -0.0876 -0.4140 -0.9061
vn -0.0838 -0.3966 -0.9142
vn -0.4018 -0.0981 -0.9105
vn -0.0004 -0.4659 -0.8849
vn -0.0003 -0.4453 -0.8954
vn -0.5182 -0.0457 -0.8540
vn -0.1330 -0.4627 -0.8765
vn -0.1195 -0.4543 -0.8828
vn -0.4924 -0.0673 -0.8678
vn -0.1060 -0.4443 -0.8896
vn -0.4636 -0.0852 -0.8820
vn 0.0805 -0.4706 -0.8787
vn 0.0829 -0.4657 -0.8811
vn 0.3939 -0.6421 -0.6577
vn 0.3817 -0.6551 -0.6521
vn -0.0000 -0.7950 -0.6066
vn -0.0000 -0.4891 -0.8722
vn 0.0750 -0.5017 -0.8618
vn 0.0773 -0.4838 -0.8717
vn 0.3746 -0.6590 -0.6522
vn 0.3839 -0.6486 -0.6572
vn -0.1465 -0.4698 -0.8706
vn -0.5408 -0.0243 -0.8408
vn -0.0035 -0.5669 -0.8238
vn 0.0590 -0.5878 -0.8068
vn 0.3120 -0.7039 -0.6381
vn 0.1674 0.4116 -0.8959
vn 0.6316 0.0593 -0.7730
vn 0.1454 -0.4310 -0.8906
vn -0.3361 0.0806 -0.9384
vn 0.8024 -0.2417 -0.5456
vn 0.2637 -0.6174 -0.7411
vn 0.0127 -0.6506 -0.7593
vn -0.1439 -0.5425 -0.8276
vn -0.5421 -0.0698 -0.8374
vn 0.7806 -0.4166 -0.4659
vn 0.2684 -0.6636 -0.6983
vn 0.7680 -0.5071 -0.3913
vn 0.5791 -0.6725 -0.4610
vn 0.3814 -0.7520 -0.5376
vn 0.0846 -0.6730 -0.7348
vn -0.0038 -0.6188 -0.7856
vn 0.0540 -0.6394 -0.7670
vn 0.0596 -0.6246 -0.7786
vn -0.0030 -0.6009 -0.7993
vn 0.2838 -0.7526 -0.5943
vn 0.3070 -0.7453 -0.5919
vn 0.3375 -0.7366 -0.5861
vn 0.0667 -0.6102 -0.7894
vn -0.0019 -0.5828 -0.8126
vn -0.4142 -0.1749 -0.8932
vn -0.0881 -0.4623 -0.8823
vn -0.0911 -0.4548 -0.8859
vn -0.4295 -0.1746 -0.8861
vn -0.0009 -0.5083 -0.8612
vn -0.0007 -0.5002 -0.8659
vn 0.0000 -0.5001 -0.8660
vn 0.0000 -0.4785 -0.8781
vn -0.0000 -0.3104 -0.9506
vn -0.4141 -0.1799 -0.8923
vn -0.0876 -0.4932 -0.8655
vn -0.0838 -0.4766 -0.8751
vn -0.4018 -0.1790 -0.8981
vn -0.0004 -0.5430 -0.8398
vn -0.0003 -0.5235 -0.8521
vn -0.5144 -0.1202 -0.8491
vn -0.1320 -0.5380 -0.8326
vn -0.1193 -0.5310 -0.8390
vn -0.4912 -0.1442 -0.8590
vn -0.1060 -0.5218 -0.8464
vn -0.4634 -0.1635 -0.8709
vn 0.0805 -0.5471 -0.8332
vn 0.0829 -0.5424 -0.8360
vn 0.3939 -0.6982 -0.5978
vn 0.3816 -0.7107 -0.5910
vn 0.0000 -0.8460 -0.5332
vn 0.0000 -0.5650 -0.8251
vn 0.0750 -0.5766 -0.8136
vn 0.0773 -0.5597 -0.8251
vn 0.3746 -0.7146 -0.5908
vn 0.3839 -0.7047 -0.5967
vn -0.1443 -0.5429 -0.8273
vn -0.5346 -0.0948 -0.8398
vn -0.0036 -0.6360 -0.7716
vn 0.0554 -0.6559 -0.7528
vn 0.2950 -0.7594 -0.5800
vn 0.2301 0.3760 -0.8976
vn 0.6576 0.0350 -0.7525
vn 0.1915 -0.4692 -0.8621
vn -0.2754 0.0447 -0.9603
vn 0.8190 -0.2608 -0.5111
vn 0.2904 -0.6636 -0.6894
vn 0.0179 -0.7074 -0.7066
vn -0.1353 -0.6037 -0.7856
vn -0.5255 -0.1262 -0.8414
vn 0.7910 -0.4401 -0.4250
vn 0.2851 -0.7109 -0.6429
vn 0.7762 -0.5262 -0.3472
vn 0.5899 -0.6975 -0.4069
vn 0.3935 -0.7875 -0.4744
vn 0.0909 -0.7279 -0.6796
vn -0.0038 -0.6840 -0.7295
vn 0.0527 -0.7027 -0.7095
vn 0.0592 -0.6910 -0.7205
vn -0.0030 -0.6692 -0.7430
vn 0.2764 -0.8019 -0.5297
vn 0.3041 -0.7951 -0.5246
vn 0.3373 -0.7859 -0.5182
vn 0.0667 -0.6782 -0.7319
vn -0.0019 -0.6529 -0.7575
vn -0.4142 -0.2539 -0.8741
vn -0.0881 -0.5392 -0.8376
vn -0.0910 -0.5320 -0.8418
vn -0.4295 -0.2529 -0.8669
vn -0.0009 -0.5831 -0.8124
vn -0.0007 -0.5754 -0.8178
vn -0.0000 -0.5753 -0.8179
vn 0.0000 -0.5550 -0.8319
vn 0.0001 -0.3940 -0.9191
vn -0.4141 -0.2588 -0.8727
vn -0.0876 -0.5684 -0.8181
vn -0.0838 -0.5528 -0.8291
vn -0.4018 -0.2584 -0.8785
vn -0.0004 -0.6157 -0.7880
vn -0.0003 -0.5974 -0.8020
vn -0.5094 -0.1923 -0.8388
vn -0.1310 -0.6077 -0.7833
vn -0.1191 -0.6031 -0.7887
vn -0.4902 -0.2196 -0.8435
vn -0.1060 -0.5952 -0.7966
vn -0.4634 -0.2405 -0.8529
vn 0.0805 -0.6192 -0.7811
vn 0.0829 -0.6149 -0.7843
vn 0.3939 -0.7487 -0.5331
vn 0.3816 -0.7606 -0.5253
vn 0.0003 -0.8901 -0.4557
vn 0.0000 -0.6363 -0.7714
vn 0.0750 -0.6469 -0.7589
vn 0.0773 -0.6311 -0.7719
vn 0.3746 -0.7644 -0.5247
vn 0.3839 -0.7551 -0.5315
vn -0.1415 -0.6087 -0.7806
vn -0.5242 -0.1600 -0.8364
vn -0.0031 -0.6969 -0.7171
vn 0.0553 -0.7151 -0.6968
vn 0.2924 -0.8049 -0.5163
vn 0.2060 0.3082 -0.9288
vn 0.6472 -0.0358 -0.7615
vn 0.1694 -0.5373 -0.8262
vn -0.3016 -0.0256 -0.9531
vn 0.8009 -0.3268 -0.5018
vn 0.2651 -0.7133 -0.6488
vn 0.0164 -0.7450 -0.6669
vn -0.1395 -0.6471 -0.7495
vn -0.5369 -0.1776 -0.8248
vn 0.7644 -0.5020 -0.4046
vn 0.2640 -0.7530 -0.6028
vn 0.7482 -0.5815 -0.3194
vn 0.5731 -0.7332 -0.3660
vn 0.3900 -0.8130 -0.4323
vn 0.0894 -0.7634 -0.6397
vn -0.0037 -0.7203 -0.6937
vn 0.0528 -0.7377 -0.6730
vn 0.0594 -0.7260 -0.6851
vn -0.0027 -0.7052 -0.7090
vn 0.2764 -0.8272 -0.4893
vn 0.3051 -0.8203 -0.4837
vn 0.3411 -0.8109 -0.4755
vn 0.0677 -0.7133 -0.6976
vn -0.0014 -0.6884 -0.7254
vn -0.4102 -0.3261 -0.8517
vn -0.0878 -0.6137 -0.7846
vn -0.0895 -0.6070 -0.7896
vn -0.4217 -0.3297 -0.8446
vn -0.0008 -0.6563 -0.7545
vn -0.0005 -0.6483 -0.7614
vn 0.0000 -0.6479 -0.7617
vn 0.0000 -0.6288 -0.7776
vn -0.0000 -0.4743 -0.8804
vn -0.4429 -0.2957 -0.8464
vn -0.0984 -0.6357 -0.7656
vn -0.0880 -0.6249 -0.7757
vn -0.4118 -0.3172 -0.8543
vn -0.0006 -0.6709 -0.7416
vn -0.5101 -0.2364 -0.8270
vn -0.1292 -0.6477 -0.7508
vn -0.1138 -0.6433 -0.7571
vn -0.4804 -0.2668 -0.8355
vn 0.0798 -0.6886 -0.7208
vn 0.0831 -0.6841 -0.7246
vn 0.3894 -0.7944 -0.4661
vn 0.3820 -0.8046 -0.4546
vn 0.0000 -0.9284 -0.3716
vn 0.0000 -0.7045 -0.7097
vn 0.0744 -0.6997 -0.7105
vn 0.3693 -0.8013 -0.4707
vn -0.1431 -0.6494 -0.7468
vn -0.5319 -0.2064 -0.8213
vn -0.0033 -0.7336 -0.6796
vn 0.0554 -0.7501 -0.6590
vn 0.2928 -0.8296 -0.4753
vn 0.3299 0.3633 -0.8713
vn 0.7088 0.1189 -0.6953
vn 0.3119 -0.4189 -0.8528
vn -0.1863 0.0172 -0.9823
vn 0.9038 -0.0857 -0.4192
vn 0.5050 -0.6022 -0.6183
vn 0.0474 -0.7833 -0.6198
vn -0.1249 -0.6819 -0.7207
vn -0.5218 -0.2086 -0.8272
vn 0.9307 -0.2098 -0.2997
vn 0.5146 -0.6683 -0.5372
vn 0.9334 -0.2722 -0.2338
vn 0.7441 -0.5782 -0.3347
vn 0.5755 -0.7310 -0.3667
vn 0.1681 -0.7969 -0.5803
vn -0.0031 -0.7552 -0.6555
vn 0.0510 -0.7731 -0.6323
vn 0.0550 -0.7629 -0.6442
vn -0.0028 -0.7426 -0.6697
vn 0.2698 -0.8557 -0.4416
vn 0.2857 -0.8519 -0.4389
vn 0.3119 -0.8484 -0.4277
vn 0.0618 -0.7547 -0.6531
vn -0.0024 -0.7313 -0.6821
vn -0.3796 -0.4030 -0.8327
vn -0.0868 -0.6771 -0.7308
vn -0.0677 -0.6786 -0.7314
vn -0.3081 -0.4304 -0.8484
vn -0.0011 -0.7164 -0.6976
vn 0.0023 -0.7135 -0.7007
vn 0.0000 -0.7144 -0.6997
vn 0.0000 -0.6953 -0.7187
vn 0.0000 -0.5281 -0.8492
vn -0.4364 -0.3527 -0.8278
vn -0.0992 -0.6815 -0.7251
vn -0.0905 -0.6788 -0.7287
vn -0.4028 -0.3801 -0.8326
vn -0.0018 -0.7224 -0.6915
vn -0.4924 -0.3133 -0.8120
vn -0.1182 -0.6929 -0.7113
vn -0.1091 -0.6862 -0.7192
vn -0.4683 -0.3298 -0.8197
vn 0.0877 -0.7479 -0.6580
vn 0.0962 -0.7501 -0.6543
vn 0.3876 -0.8397 -0.3804
vn 0.3680 -0.8627 -0.3469
vn 0.0000 -0.9651 -0.2620
vn -0.0000 -0.7723 -0.6353
vn 0.0728 -0.7498 -0.6576
vn 0.3482 -0.8445 -0.4068
vn -0.1546 -0.6988 -0.6984
vn -0.5463 -0.2492 -0.7997
vn -0.0005 -0.7848 -0.6198
vn -0.0022 -0.7777 -0.6287
vn -0.1397 -0.7014 -0.6989
vn -0.5312 -0.2756 -0.8012
vn 0.0958 -0.8002 -0.5920
vn 0.4675 -0.7932 -0.3902
vn 0.3471 -0.8405 -0.4159
vn 0.0651 -0.7934 -0.6052
vn 0.2541 0.2322 -0.9389
vn 0.6782 -0.0414 -0.7337
vn 0.2308 -0.5747 -0.7851
vn -0.2660 -0.1175 -0.9568
vn 0.8567 -0.2461 -0.4533
vn 0.3665 -0.7323 -0.5740
vn 0.0226 -0.8256 -0.5638
vn -0.1373 -0.7386 -0.6600
vn -0.5383 -0.2853 -0.7930
vn 0.8521 -0.3902 -0.3489
vn 0.3520 -0.7827 -0.5133
vn 0.8406 -0.4665 -0.2751
vn 0.6301 -0.7134 -0.3067
vn 0.4123 -0.8492 -0.3301
vn 0.0982 -0.8403 -0.5331
vn -0.0037 -0.8133 -0.5819
vn 0.0563 -0.8296 -0.5555
vn 0.0617 -0.8215 -0.5669
vn -0.0028 -0.8035 -0.5953
vn 0.2927 -0.8877 -0.3554
vn 0.3144 -0.8817 -0.3518
vn 0.3434 -0.8741 -0.3434
vn 0.0687 -0.8136 -0.5773
vn -0.0016 -0.7934 -0.6087
vn -0.4320 -0.4677 -0.7711
vn -0.0968 -0.7403 -0.6652
vn -0.0974 -0.7379 -0.6678
vn -0.4478 -0.4729 -0.7589
vn -0.0017 -0.7774 -0.6290
vn -0.0006 -0.7737 -0.6336
vn -0.0000 -0.7742 -0.6329
vn -0.0000 -0.7589 -0.6512
vn -0.0000 -0.6297 -0.7768
vn -0.4433 -0.4355 -0.7835
vn -0.0995 -0.7495 -0.6544
vn -0.0906 -0.7457 -0.6601
vn -0.4149 -0.4607 -0.7846
vn -0.0010 -0.7843 -0.6204
vn -0.5184 -0.3568 -0.7771
vn -0.1334 -0.7494 -0.6485
vn -0.1165 -0.7507 -0.6503
vn -0.4861 -0.3977 -0.7781
vn 0.0848 -0.8028 -0.5902
vn 0.0888 -0.8025 -0.5900
vn 0.4011 -0.8583 -0.3200
vn 0.3793 -0.8761 -0.2978
vn 0.0000 -0.9786 -0.2056
vn -0.0000 -0.8205 -0.5717
vn 0.0767 -0.8072 -0.5853
vn 0.3745 -0.8657 -0.3322
vn -0.1473 -0.7462 -0.6492
vn -0.5389 -0.3193 -0.7795
vn -0.0035 -0.8214 -0.5703
vn 0.0583 -0.8368 -0.5444
vn 0.3087 -0.8849 -0.3489
vn 0.2818 0.2494 -0.9265
vn 0.6323 0.0253 -0.7743
vn 0.2405 -0.5407 -0.8061
vn -0.2334 -0.1180 -0.9652
vn 0.8336 -0.1652 -0.5271
vn 0.4125 -0.7059 -0.5758
vn 0.0373 -0.8536 -0.5195
vn -0.1438 -0.7696 -0.6221
vn -0.5592 -0.3282 -0.7613
vn 0.8711 -0.3087 -0.3819
vn 0.4365 -0.7604 -0.4809
vn 0.8911 -0.3656 -0.2689
vn 0.7248 -0.6312 -0.2761
vn 0.5604 -0.7834 -0.2687
vn 0.1589 -0.8638 -0.4781
vn -0.0030 -0.8507 -0.5257
vn 0.0725 -0.8666 -0.4937
vn 0.0691 -0.8623 -0.5017
vn -0.0025 -0.8454 -0.5342
vn 0.3591 -0.8919 -0.2750
vn 0.3394 -0.8999 -0.2738
vn 0.3474 -0.8998 -0.2640
vn 0.0721 -0.8582 -0.5082
vn -0.0017 -0.8397 -0.5431
vn -0.3801 -0.5455 -0.7469
vn -0.0869 -0.7971 -0.5975
vn -0.0677 -0.7987 -0.5979
vn -0.3081 -0.5755 -0.7575
vn -0.0009 -0.8299 -0.5580
vn 0.0023 -0.8275 -0.5614
vn 0.0000 -0.8283 -0.5603
vn 0.0000 -0.8129 -0.5824
vn -0.0000 -0.6718 -0.7408
vn -0.4521 -0.4825 -0.7502
vn -0.1061 -0.7967 -0.5950
vn -0.0921 -0.7978 -0.5959
vn -0.4065 -0.5204 -0.7510
vn -0.0010 -0.8342 -0.5515
vn -0.5503 -0.3976 -0.7342
vn -0.1506 -0.7875 -0.5976
vn -0.1281 -0.7928 -0.5959
vn -0.5069 -0.4379 -0.7425
vn 0.0896 -0.8537 -0.5130
vn 0.0962 -0.8552 -0.5092
vn 0.3921 -0.8925 -0.2228
vn 0.3680 -0.9109 -0.1866
vn 0.0000 -0.9964 -0.0847
vn 0.0000 -0.8736 -0.4866
vn 0.0793 -0.8553 -0.5121
vn 0.3673 -0.8971 -0.2456
vn -0.1679 -0.7824 -0.5997
vn -0.5765 -0.3657 -0.7307
vn -0.0023 -0.8551 -0.5184
vn 0.0896 -0.8698 -0.4852
vn 0.4339 -0.8595 -0.2703
vn 0.7042 0.1551 -0.6929
vn 0.7754 -0.0281 -0.6309
vn 0.4537 -0.5021 -0.7362
vn 0.5356 -0.1056 -0.8378
vn 0.8312 -0.1674 -0.5302
vn 0.4340 -0.6899 -0.5793
vn 0.0491 -0.8707 -0.4894
vn 0.1083 -0.7369 -0.6673
vn 0.3688 -0.2840 -0.8850
vn 0.8661 -0.2730 -0.4187
vn 0.4634 -0.7580 -0.4591
vn 0.9091 -0.3233 -0.2628
vn 0.7428 -0.6383 -0.2022
vn 0.5585 -0.8182 -0.1362
vn 0.1643 -0.8936 -0.4176
vn 0.0615 -0.6302 -0.7740
vn -0.0153 -0.8482 -0.5295
vn -0.0192 -0.8509 -0.5250
vn -0.0401 -0.6503 -0.7586
vn 0.0029 -0.8748 -0.4845
vn 0.0028 -0.8742 -0.4855
vn 0.0000 -0.8745 -0.4850
vn -0.0000 -0.8558 -0.5173
vn -0.0000 -0.6928 -0.7211
vn 0.0030 -0.8760 -0.4824
vn 0.0649 -0.9019 -0.4271
vn 0.0631 -0.9017 -0.4277
vn 0.0026 -0.8773 -0.4799
vn 0.0689 -0.9030 -0.4240
vn 0.3382 -0.9345 -0.1110
vn 0.3126 -0.9441 -0.1044
vn 0.2953 -0.9511 -0.0904
vn 0.0520 -0.9044 -0.4236
vn 0.2225 -0.9732 -0.0573
vn 0.0000 -0.9998 -0.0205
vn 0.0000 -0.9100 -0.4147
vn -0.0103 -0.8149 -0.5796
vn 0.2462 -0.4031 -0.8814
vn 0.0028 -0.8785 -0.4778
vn -0.0153 -0.8349 -0.5502
vn 0.1630 -0.5187 -0.8393
vn 0.0863 -0.9041 -0.4184
vn 0.4132 -0.9035 -0.1135
vn -0.0113 -0.8438 -0.5365
vn 0.1264 -0.5918 -0.7961
vn 0.0007 -0.2588 -0.9659
vn 0.0003 -0.2522 -0.9677
vn -0.0915 -0.3018 -0.9490
vn -0.0920 -0.3061 -0.9475
vn -0.4103 -0.5223 -0.7476
vn -0.4399 -0.5039 -0.7433
vn -0.0006 -0.2864 -0.9581
vn -0.0003 -0.2709 -0.9626
vn -0.0931 -0.3193 -0.9431
vn -0.0969 -0.3371 -0.9365
vn -0.4434 -0.5142 -0.7342
vn -0.4521 -0.5302 -0.7173
vn -0.1882 0.5785 -0.7937
vn 0.3308 0.2616 -0.9067
vn -0.2068 -0.2730 -0.9395
vn -0.6948 0.1657 -0.6998
vn 0.5577 0.0824 -0.8259
vn 0.1520 -0.3798 -0.9125
vn -0.0263 -0.5064 -0.8619
vn -0.4092 -0.5133 -0.7544
vn -0.8874 -0.2298 -0.3996
vn -0.4931 -0.5620 -0.6641
vn -0.8921 -0.3772 -0.2486
vn -0.1723 -0.5528 -0.8153
vn -0.5662 -0.6229 -0.5398
vn -0.7344 -0.5520 -0.3949
vn -0.9048 -0.4016 -0.1416
vn 0.0030 -0.4678 -0.8838
vn 0.0026 -0.4483 -0.8939
vn -0.0654 -0.4767 -0.8766
vn -0.0690 -0.4957 -0.8658
vn 0.0018 -0.4281 -0.9037
vn -0.0675 -0.4595 -0.8856
vn -0.3410 -0.6198 -0.7068
vn -0.3329 -0.6272 -0.7041
vn -0.3528 -0.6349 -0.6873
vn 0.4142 -0.0124 -0.9101
vn 0.4295 -0.0133 -0.9030
vn 0.0910 -0.2890 -0.9530
vn 0.0881 -0.2971 -0.9508
vn 0.0007 -0.3373 -0.9414
vn 0.0009 -0.3462 -0.9382
vn 0.4141 -0.0174 -0.9101
vn 0.4018 -0.0155 -0.9156
vn 0.0838 -0.3124 -0.9462
vn 0.0876 -0.3305 -0.9397
vn 0.0003 -0.3627 -0.9319
vn 0.0004 -0.3841 -0.9233
vn 0.5239 0.0345 -0.8511
vn 0.4944 0.0122 -0.8692
vn 0.1201 -0.3720 -0.9204
vn 0.1360 -0.3785 -0.9156
vn 0.4638 -0.0051 -0.8859
vn 0.1061 -0.3621 -0.9261
vn -0.0829 -0.3842 -0.9195
vn -0.0805 -0.3893 -0.9176
vn -0.3817 -0.5936 -0.7085
vn -0.3939 -0.5801 -0.7130
vn -0.0773 -0.4031 -0.9119
vn -0.0750 -0.4218 -0.9036
vn -0.3839 -0.5866 -0.7131
vn -0.3746 -0.5974 -0.7090
vn 0.4012 0.0654 -0.9136
vn 0.3982 0.0675 -0.9148
vn 0.0836 -0.2195 -0.9720
vn 0.0849 -0.2321 -0.9690
vn 0.4250 0.0678 -0.9026
vn 0.0922 -0.2085 -0.9737
vn 0.4438 0.0635 -0.8939
vn 0.0950 -0.2031 -0.9745
vn 0.5687 0.2119 -0.7948
vn 0.5374 0.1496 -0.8299
vn 0.1555 -0.2628 -0.9523
vn 0.1706 -0.2435 -0.9548
vn 0.4861 0.0986 -0.8683
vn 0.1226 -0.2710 -0.9548
vn -0.0034 -0.3560 -0.9345
vn -0.0045 -0.3747 -0.9271
vn -0.0478 -0.4007 -0.9150
vn -0.2290 -0.4731 -0.8507
vn -0.3193 -0.5129 -0.7969
vn -0.1706 -0.4332 -0.8850
vn -0.5848 -0.5759 -0.5712
vn -0.6543 -0.5781 -0.4876
vn -0.7147 -0.5774 -0.3948
vn -0.9505 -0.2568 -0.1749
vn -0.5723 -0.4523 -0.6840
vn -0.6332 -0.5232 -0.5703
vn -0.9287 -0.3704 -0.0166
vn -0.8053 -0.5334 -0.2588
vn -0.9165 -0.3980 0.0412
vn -0.3347 0.6697 -0.6629
vn 0.2657 0.4142 -0.8706
vn -0.3239 -0.1567 -0.9330
vn -0.8249 0.1485 -0.5454
vn 0.5496 0.0574 -0.8335
vn 0.1530 -0.3815 -0.9116
vn 0.0022 -0.4865 -0.8737
vn -0.0865 -0.5190 -0.8504
vn -0.4213 -0.6423 -0.6403
vn -0.1835 0.4650 -0.8661
vn 0.3489 0.1395 -0.9267
vn -0.1734 -0.3952 -0.9021
vn -0.6920 0.0486 -0.7202
vn 0.5498 -0.0034 -0.8353
vn 0.1462 -0.4729 -0.8689
vn -0.0159 -0.5858 -0.8103
vn -0.3179 -0.5858 -0.7455
vn -0.8535 -0.2903 -0.4328
vn -0.3430 -0.6231 -0.7029
vn -0.8326 -0.4304 -0.3487
vn -0.1016 -0.6118 -0.7845
vn -0.4304 -0.6983 -0.5720
vn -0.6331 -0.6281 -0.4524
vn -0.8242 -0.4844 -0.2934
vn 0.0037 -0.5472 -0.8370
vn 0.0030 -0.5275 -0.8496
vn -0.0602 -0.5529 -0.8311
vn -0.0552 -0.5689 -0.8205
vn 0.0019 -0.5080 -0.8614
vn -0.0668 -0.5374 -0.8407
vn -0.3379 -0.6813 -0.6494
vn -0.3091 -0.6892 -0.6553
vn -0.2890 -0.6959 -0.6575
vn 0.4142 -0.0945 -0.9053
vn 0.4295 -0.0948 -0.8981
vn 0.0911 -0.3739 -0.9230
vn 0.0881 -0.3818 -0.9201
vn 0.0007 -0.4209 -0.9071
vn 0.0009 -0.4295 -0.9031
vn 0.4141 -0.0995 -0.9048
vn 0.4018 -0.0981 -0.9105
vn 0.0838 -0.3966 -0.9142
vn 0.0876 -0.4140 -0.9061
vn 0.0003 -0.4453 -0.8954
vn 0.0004 -0.4659 -0.8849
vn 0.5182 -0.0457 -0.8540
vn 0.4923 -0.0673 -0.8678
vn 0.1195 -0.4543 -0.8828
vn 0.1330 -0.4627 -0.8765
vn 0.4636 -0.0852 -0.8820
vn 0.1060 -0.4443 -0.8896
vn -0.0829 -0.4657 -0.8811
vn -0.0805 -0.4706 -0.8787
vn -0.3817 -0.6551 -0.6521
vn -0.3939 -0.6421 -0.6577
vn -0.0773 -0.4838 -0.8717
vn -0.0750 -0.5017 -0.8618
vn -0.3839 -0.6486 -0.6572
vn -0.3746 -0.6590 -0.6522
vn 0.5408 -0.0243 -0.8408
vn 0.1465 -0.4698 -0.8706
vn 0.0035 -0.5669 -0.8238
vn -0.0590 -0.5878 -0.8068
vn -0.3120 -0.7039 -0.6381
vn -0.1674 0.4116 -0.8959
vn 0.3361 0.0806 -0.9384
vn -0.1454 -0.4310 -0.8906
vn -0.6316 0.0593 -0.7730
vn 0.5421 -0.0698 -0.8374
vn 0.1439 -0.5425 -0.8276
vn -0.0127 -0.6506 -0.7593
vn -0.2637 -0.6174 -0.7411
vn -0.8024 -0.2417 -0.5456
vn -0.2684 -0.6636 -0.6983
vn -0.7806 -0.4166 -0.4659
vn -0.0846 -0.6730 -0.7348
vn -0.3814 -0.7520 -0.5376
vn -0.5791 -0.6725 -0.4610
vn -0.7680 -0.5071 -0.3913
vn 0.0038 -0.6188 -0.7856
vn 0.0030 -0.6009 -0.7993
vn -0.0596 -0.6246 -0.7786
vn -0.0540 -0.6394 -0.7670
vn 0.0019 -0.5828 -0.8126
vn -0.0667 -0.6102 -0.7894
vn -0.3375 -0.7366 -0.5861
vn -0.3070 -0.7453 -0.5919
vn -0.2838 -0.7526 -0.5943
vn 0.4142 -0.1749 -0.8932
vn 0.4295 -0.1746 -0.8861
vn 0.0911 -0.4548 -0.8859
vn 0.0881 -0.4623 -0.8823
vn 0.0007 -0.5002 -0.8659
vn 0.0009 -0.5083 -0.8612
vn 0.4141 -0.1799 -0.8923
vn 0.4018 -0.1790 -0.8981
vn 0.0838 -0.4766 -0.8751
vn 0.0876 -0.4932 -0.8655
vn 0.0003 -0.5235 -0.8521
vn 0.0004 -0.5430 -0.8398
vn 0.5144 -0.1202 -0.8491
vn 0.4912 -0.1442 -0.8590
vn 0.1193 -0.5310 -0.8390
vn 0.1320 -0.5380 -0.8326
vn 0.4634 -0.1635 -0.8709
vn 0.1060 -0.5218 -0.8464
vn -0.0829 -0.5424 -0.8360
vn -0.0805 -0.5471 -0.8332
vn -0.3816 -0.7107 -0.5910
vn -0.3939 -0.6982 -0.5978
vn -0.0773 -0.5597 -0.8251
vn -0.0750 -0.5766 -0.8136
vn -0.3839 -0.7047 -0.5967
vn -0.3746 -0.7146 -0.5908
vn 0.5346 -0.0948 -0.8398
vn 0.1443 -0.5429 -0.8273
vn 0.0036 -0.6360 -0.7716
vn -0.0554 -0.6559 -0.7528
vn -0.2950 -0.7594 -0.5800
vn -0.2301 0.3760 -0.8976
vn 0.2754 0.0447 -0.9603
vn -0.1915 -0.4691 -0.8621
vn -0.6576 0.0350 -0.7525
vn 0.5255 -0.1262 -0.8414
vn 0.1353 -0.6037 -0.7856
vn -0.0179 -0.7074 -0.7066
vn -0.2904 -0.6636 -0.6894
vn -0.8190 -0.2608 -0.5111
vn -0.2851 -0.7109 -0.6429
vn -0.7910 -0.4401 -0.4250
vn -0.0909 -0.7279 -0.6796
vn -0.3934 -0.7875 -0.4744
vn -0.5899 -0.6975 -0.4069
vn -0.7762 -0.5262 -0.3472
vn 0.0038 -0.6840 -0.7295
vn 0.0030 -0.6692 -0.7430
vn -0.0592 -0.6910 -0.7205
vn -0.0527 -0.7027 -0.7095
vn 0.0019 -0.6528 -0.7575
vn -0.0667 -0.6781 -0.7319
vn -0.3374 -0.7859 -0.5182
vn -0.3042 -0.7951 -0.5246
vn -0.2764 -0.8019 -0.5297
vn 0.4144 -0.2538 -0.8740
vn 0.4298 -0.2529 -0.8668
vn 0.0911 -0.5320 -0.8418
vn 0.0881 -0.5391 -0.8376
vn 0.0007 -0.5754 -0.8179
vn 0.0009 -0.5831 -0.8124
vn 0.4139 -0.2588 -0.8728
vn 0.4017 -0.2584 -0.8786
vn 0.0837 -0.5526 -0.8292
vn 0.0875 -0.5683 -0.8182
vn 0.0003 -0.5972 -0.8021
vn 0.0004 -0.6155 -0.7881
vn 0.5094 -0.1923 -0.8388
vn 0.4901 -0.2197 -0.8435
vn 0.1191 -0.6031 -0.7887
vn 0.1310 -0.6077 -0.7833
vn 0.4633 -0.2406 -0.8529
vn 0.1059 -0.5952 -0.7966
vn -0.0829 -0.6149 -0.7843
vn -0.0805 -0.6192 -0.7811
vn -0.3815 -0.7606 -0.5252
vn -0.3940 -0.7487 -0.5332
vn -0.0773 -0.6309 -0.7720
vn -0.0750 -0.6467 -0.7591
vn -0.3840 -0.7550 -0.5315
vn -0.3747 -0.7643 -0.5248
vn 0.5242 -0.1600 -0.8364
vn 0.1415 -0.6087 -0.7806
vn 0.0031 -0.6969 -0.7171
vn -0.0553 -0.7151 -0.6968
vn -0.2924 -0.8049 -0.5163
vn -0.2060 0.3082 -0.9288
vn 0.3016 -0.0256 -0.9531
vn -0.1694 -0.5373 -0.8262
vn -0.6472 -0.0358 -0.7615
vn 0.5369 -0.1776 -0.8248
vn 0.1395 -0.6471 -0.7495
vn -0.0164 -0.7450 -0.6669
vn -0.2651 -0.7133 -0.6488
vn -0.8009 -0.3268 -0.5018
vn -0.2640 -0.7530 -0.6028
vn -0.7644 -0.5020 -0.4046
vn -0.0894 -0.7634 -0.6397
vn -0.3900 -0.8130 -0.4323
vn -0.5731 -0.7332 -0.3660
vn -0.7482 -0.5815 -0.3194
vn 0.0037 -0.7203 -0.6937
vn 0.0027 -0.7052 -0.7090
vn -0.0594 -0.7260 -0.6851
vn -0.0528 -0.7377 -0.6730
vn 0.0014 -0.6884 -0.7254
vn -0.0677 -0.7133 -0.6976
vn -0.3411 -0.8109 -0.4755
vn -0.3051 -0.8203 -0.4837
vn -0.2764 -0.8272 -0.4893
vn 0.4102 -0.3261 -0.8517
vn 0.4217 -0.3297 -0.8446
vn 0.0895 -0.6070 -0.7896
vn 0.0878 -0.6137 -0.7846
vn 0.0006 -0.6483 -0.7614
vn 0.0008 -0.6563 -0.7545
vn 0.4429 -0.2957 -0.8464
vn 0.4118 -0.3172 -0.8543
vn 0.0880 -0.6249 -0.7757
vn 0.0984 -0.6357 -0.7656
vn 0.0006 -0.6709 -0.7416
vn 0.5101 -0.2364 -0.8270
vn 0.4804 -0.2668 -0.8355
vn 0.1138 -0.6433 -0.7571
vn 0.1292 -0.6477 -0.7508
vn -0.0831 -0.6841 -0.7246
vn -0.0798 -0.6886 -0.7208
vn -0.3820 -0.8046 -0.4546
vn -0.3894 -0.7944 -0.4661
vn -0.0744 -0.6997 -0.7105
vn -0.3694 -0.8013 -0.4707
vn 0.5319 -0.2064 -0.8213
vn 0.1431 -0.6494 -0.7468
vn 0.0033 -0.7336 -0.6796
vn -0.0554 -0.7501 -0.6590
vn -0.2928 -0.8296 -0.4753
vn -0.3299 0.3633 -0.8713
vn 0.1863 0.0172 -0.9823
vn -0.3119 -0.4189 -0.8528
vn -0.7088 0.1189 -0.6953
vn 0.5218 -0.2086 -0.8272
vn 0.1249 -0.6819 -0.7207
vn -0.0474 -0.7833 -0.6198
vn -0.5050 -0.6022 -0.6183
vn -0.9038 -0.0857 -0.4192
vn -0.5146 -0.6683 -0.5372
vn -0.9307 -0.2098 -0.2997
vn -0.1681 -0.7969 -0.5803
vn -0.5755 -0.7310 -0.3667
vn -0.7441 -0.5782 -0.3347
vn -0.9334 -0.2722 -0.2338
vn 0.0031 -0.7552 -0.6555
vn 0.0028 -0.7426 -0.6697
vn -0.0550 -0.7629 -0.6442
vn -0.0510 -0.7731 -0.6323
vn 0.0024 -0.7313 -0.6821
vn -0.0618 -0.7547 -0.6531
vn -0.3119 -0.8484 -0.4277
vn -0.2857 -0.8519 -0.4389
vn -0.2698 -0.8557 -0.4416
vn 0.3796 -0.4031 -0.8327
vn 0.3082 -0.4304 -0.8484
vn 0.0677 -0.6786 -0.7314
vn 0.0868 -0.6771 -0.7308
vn -0.0023 -0.7135 -0.7007
vn 0.0011 -0.7164 -0.6976
vn 0.4364 -0.3527 -0.8278
vn 0.4028 -0.3801 -0.8326
vn 0.0905 -0.6788 -0.7287
vn 0.0992 -0.6815 -0.7251
vn 0.0018 -0.7224 -0.6915
vn 0.4924 -0.3133 -0.8120
vn 0.4683 -0.3298 -0.8197
vn 0.1091 -0.6862 -0.7192
vn 0.1182 -0.6929 -0.7113
vn -0.0962 -0.7501 -0.6543
vn -0.0877 -0.7479 -0.6580
vn -0.3680 -0.8627 -0.3469
vn -0.3876 -0.8397 -0.3804
vn -0.0728 -0.7498 -0.6576
vn -0.3482 -0.8445 -0.4068
vn 0.5463 -0.2492 -0.7997
vn 0.1546 -0.6988 -0.6984
vn 0.5312 -0.2756 -0.8012
vn 0.1397 -0.7014 -0.6989
vn 0.0022 -0.7777 -0.6287
vn 0.0005 -0.7848 -0.6198
vn -0.0958 -0.8002 -0.5920
vn -0.0651 -0.7934 -0.6052
vn -0.3472 -0.8405 -0.4159
vn -0.4675 -0.7932 -0.3902
vn -0.2540 0.2322 -0.9389
vn 0.2660 -0.1175 -0.9568
vn -0.2308 -0.5747 -0.7851
vn -0.6782 -0.0414 -0.7337
vn 0.5383 -0.2853 -0.7930
vn 0.1373 -0.7386 -0.6600
vn -0.0226 -0.8256 -0.5638
vn -0.3665 -0.7322 -0.5740
vn -0.8567 -0.2461 -0.4533
vn -0.3520 -0.7827 -0.5133
vn -0.8521 -0.3902 -0.3489
vn -0.0982 -0.8403 -0.5331
vn -0.4123 -0.8492 -0.3301
vn -0.6300 -0.7134 -0.3067
vn -0.8406 -0.4665 -0.2751
vn 0.0037 -0.8133 -0.5819
vn 0.0028 -0.8035 -0.5953
vn -0.0616 -0.8215 -0.5669
vn -0.0563 -0.8296 -0.5555
vn 0.0016 -0.7934 -0.6087
vn -0.0687 -0.8136 -0.5773
vn -0.3434 -0.8741 -0.3434
vn -0.3144 -0.8817 -0.3518
vn -0.2927 -0.8877 -0.3554
vn 0.4320 -0.4677 -0.7711
vn 0.4478 -0.4729 -0.7589
vn 0.0974 -0.7379 -0.6679
vn 0.0968 -0.7403 -0.6652
vn 0.0006 -0.7737 -0.6336
vn 0.0017 -0.7774 -0.6290
vn 0.4433 -0.4355 -0.7835
vn 0.4149 -0.4607 -0.7846
vn 0.0906 -0.7457 -0.6601
vn 0.0995 -0.7495 -0.6544
vn 0.0010 -0.7843 -0.6204
vn 0.5184 -0.3568 -0.7771
vn 0.4861 -0.3977 -0.7781
vn 0.1165 -0.7507 -0.6503
vn 0.1334 -0.7494 -0.6485
vn -0.0888 -0.8025 -0.5900
vn -0.0847 -0.8028 -0.5902
vn -0.3793 -0.8761 -0.2978
vn -0.4011 -0.8583 -0.3200
vn -0.0767 -0.8072 -0.5853
vn -0.3745 -0.8657 -0.3322
vn 0.5389 -0.3193 -0.7796
vn 0.1473 -0.7462 -0.6492
vn 0.0035 -0.8214 -0.5703
vn -0.0583 -0.8368 -0.5444
vn -0.3087 -0.8849 -0.3489
vn -0.2818 0.2494 -0.9265
vn 0.2334 -0.1180 -0.9652
vn -0.2405 -0.5407 -0.8061
vn -0.6323 0.0253 -0.7743
vn 0.5592 -0.3282 -0.7614
vn 0.1438 -0.7696 -0.6221
vn -0.0373 -0.8536 -0.5195
vn -0.4125 -0.7059 -0.5758
vn -0.8336 -0.1652 -0.5271
vn -0.4365 -0.7604 -0.4809
vn -0.8711 -0.3087 -0.3819
vn -0.1589 -0.8638 -0.4781
vn -0.5604 -0.7834 -0.2687
vn -0.7248 -0.6312 -0.2761
vn -0.8911 -0.3656 -0.2689
vn 0.0030 -0.8507 -0.5257
vn 0.0025 -0.8454 -0.5342
vn -0.0692 -0.8623 -0.5017
vn -0.0725 -0.8666 -0.4937
vn 0.0017 -0.8397 -0.5431
vn -0.0721 -0.8582 -0.5082
vn -0.3474 -0.8998 -0.2640
vn -0.3394 -0.8999 -0.2738
vn -0.3591 -0.8919 -0.2750
vn 0.3801 -0.5455 -0.7469
vn 0.3081 -0.5755 -0.7575
vn 0.0677 -0.7987 -0.5979
vn 0.0869 -0.7971 -0.5975
vn -0.0023 -0.8275 -0.5614
vn 0.0009 -0.8299 -0.5580
vn 0.4521 -0.4824 -0.7502
vn 0.4065 -0.5204 -0.7510
vn 0.0921 -0.7978 -0.5959
vn 0.1061 -0.7967 -0.5950
vn 0.0010 -0.8342 -0.5515
vn 0.5503 -0.3976 -0.7342
vn 0.5069 -0.4379 -0.7425
vn 0.1281 -0.7928 -0.5959
vn 0.1506 -0.7875 -0.5976
vn -0.0962 -0.8552 -0.5092
vn -0.0896 -0.8537 -0.5130
vn -0.3680 -0.9109 -0.1866
vn -0.3921 -0.8925 -0.2228
vn -0.0793 -0.8553 -0.5121
vn -0.3673 -0.8971 -0.2456
vn 0.5765 -0.3657 -0.7307
vn 0.1679 -0.7824 -0.5997
vn 0.0023 -0.8551 -0.5184
vn -0.0896 -0.8698 -0.4852
vn -0.4339 -0.8595 -0.2703
vn -0.7042 0.1551 -0.6929
vn -0.5356 -0.1056 -0.8378
vn -0.4537 -0.5021 -0.7363
vn -0.7753 -0.0281 -0.6309
vn -0.3689 -0.2840 -0.8850
vn -0.1083 -0.7369 -0.6673
vn -0.0491 -0.8707 -0.4894
vn -0.4341 -0.6899 -0.5793
vn -0.8312 -0.1674 -0.5302
vn -0.4634 -0.7580 -0.4591
vn -0.8661 -0.2730 -0.4187
vn -0.1643 -0.8936 -0.4176
vn -0.5585 -0.8183 -0.1362
vn -0.7428 -0.6383 -0.2022
vn -0.9091 -0.3233 -0.2628
vn -0.0615 -0.6302 -0.7740
vn 0.0401 -0.6503 -0.7586
vn 0.0192 -0.8509 -0.5250
vn 0.0153 -0.8482 -0.5295
vn -0.0028 -0.8742 -0.4855
vn -0.0029 -0.8748 -0.4845
vn -0.0632 -0.9017 -0.4277
vn -0.0649 -0.9019 -0.4271
vn -0.0030 -0.8760 -0.4824
vn -0.2953 -0.9511 -0.0904
vn -0.3126 -0.9441 -0.1044
vn -0.3382 -0.9345 -0.1110
vn -0.0689 -0.9030 -0.4240
vn -0.0026 -0.8773 -0.4799
vn -0.0520 -0.9044 -0.4236
vn -0.2225 -0.9732 -0.0573
vn -0.2463 -0.4031 -0.8814
vn 0.0103 -0.8149 -0.5796
vn -0.1630 -0.5187 -0.8393
vn 0.0153 -0.8349 -0.5502
vn -0.0028 -0.8785 -0.4778
vn -0.0863 -0.9041 -0.4184
vn -0.4132 -0.9035 -0.1135
vn -0.1264 -0.5918 -0.7961
vn 0.0113 -0.8438 -0.5365
vn 0.7245 -0.6723 0.1520
vn 0.8077 -0.5742 0.1338
vn 0.0000 -0.9761 0.2175
vn 0.8886 -0.4261 0.1696
vn 0.9167 -0.3700 0.1508
vn 0.8775 -0.4476 0.1721
vn -0.8142 0.5566 -0.1649
vn -0.0000 0.9598 -0.2806
vn -0.7790 0.5999 -0.1825
vn -0.5219 0.7794 -0.3467
vn -0.7359 0.6199 -0.2724
vn 0.2871 0.8749 -0.3901
vn 0.9567 0.2658 -0.1185
vn 0.9818 -0.1745 0.0754
vn -0.7545 0.5648 -0.3342
vn -0.7551 0.5693 -0.3253
vn -0.7464 0.5687 -0.3457
vn 0.7578 -0.5963 0.2648
vn 0.7709 -0.5770 0.2698
vn 0.7626 -0.5962 0.2511
vn -0.4344 0.6979 0.5694
vn -0.7520 0.5913 -0.2912
vn -0.7516 0.5992 -0.2759
vn -0.7538 0.5825 -0.3042
vn -0.4363 -0.0148 -0.8997
vn 0.7713 -0.6010 0.2095
vn 0.7709 -0.5971 0.2220
vn 0.7706 -0.6051 0.2003
vn 0.9835 -0.1553 0.0926
vn 0.9987 0.0433 -0.0267
vn 0.9547 -0.2587 0.1469
vn 0.8490 0.4496 -0.2777
vn 0.1235 0.8437 -0.5224
vn -0.5666 0.7012 -0.4328
vn 0.7081 -0.6722 0.2163
vn 0.0000 -0.9530 0.3030
vn -0.7989 0.5592 -0.2215
vn -0.0000 0.9313 -0.3643
vn -0.7707 0.5899 -0.2408
vn 0.9093 -0.3660 0.1981
vn 0.8508 -0.4664 0.2419
vn 0.9392 -0.3165 0.1335
vn 0.8109 -0.5683 0.1396
vn 0.8111 -0.5658 0.1484
vn -0.4289 0.6371 0.6404
vn -0.4498 0.6569 0.6051
vn -0.7502 0.6145 -0.2441
vn -0.7511 0.6177 -0.2331
vn -0.7483 0.6126 -0.2544
vn -0.4508 0.0733 -0.8896
vn -0.4297 0.0657 -0.9006
vn 0.8670 -0.4683 0.1703
vn 0.8444 -0.5072 0.1726
vn -0.7466 0.6112 -0.2627
vn -0.7551 0.5749 -0.3152
vn 0.8024 -0.5353 0.2640
vn -0.7481 0.5359 -0.3913
vn -0.7504 0.5410 -0.3798
vn -0.7413 0.5360 -0.4039
vn 0.7492 -0.5786 0.3224
vn 0.7384 -0.5825 0.3398
vn 0.7617 -0.5720 0.3044
vn -0.4344 0.7465 0.5041
vn -0.7520 0.5626 -0.3434
vn -0.7516 0.5718 -0.3289
vn -0.7535 0.5529 -0.3558
vn -0.4363 -0.0959 -0.8947
vn 0.7713 -0.5796 0.2629
vn 0.7709 -0.5746 0.2750
vn 0.7706 -0.5845 0.2541
vn 0.9923 -0.0994 0.0738
vn 0.9977 0.0541 -0.0409
vn 0.9574 -0.2373 0.1648
vn 0.8685 0.3930 -0.3021
vn 0.1135 0.7868 -0.6067
vn -0.5914 0.6396 -0.4911
vn 0.7081 -0.6499 0.2761
vn -0.0000 -0.9217 0.3878
vn -0.7989 0.5369 -0.2711
vn -0.0000 0.8946 -0.4469
vn -0.7707 0.5658 -0.2930
vn 0.8800 -0.3947 0.2641
vn 0.7963 -0.5088 0.3271
vn -0.7531 0.5458 -0.3675
vn 0.7462 -0.5677 0.3477
vn -0.7413 0.5062 -0.4407
vn -0.7459 0.5095 -0.4290
vn -0.7326 0.5074 -0.4536
vn 0.7482 -0.5483 0.3735
vn 0.7348 -0.5527 0.3931
vn 0.7616 -0.5426 0.3542
vn -0.4344 0.7885 0.4355
vn -0.7520 0.5297 -0.3923
vn -0.7516 0.5402 -0.3786
vn -0.7533 0.5191 -0.4038
vn -0.4363 -0.1754 -0.8825
vn 0.7713 -0.5538 0.3135
vn 0.7709 -0.5477 0.3252
vn 0.7706 -0.5595 0.3052
vn 0.9987 0.0393 -0.0335
vn 0.9659 0.1931 -0.1724
vn 0.9783 -0.1590 0.1324
vn 0.7928 0.4513 -0.4096
vn 0.1014 0.7355 -0.6699
vn -0.5681 0.6094 -0.5532
vn 0.7081 -0.6227 0.3330
vn -0.0000 -0.8835 0.4685
vn -0.7989 0.5105 -0.3179
vn -0.0000 0.8512 -0.5249
vn -0.7707 0.5374 -0.3424
vn 0.8772 -0.3731 0.3023
vn 0.7851 -0.4883 0.3810
vn -0.7513 0.5125 -0.4157
vn 0.7387 -0.5405 0.4027
vn -0.7278 0.4786 -0.4912
vn -0.7386 0.4764 -0.4770
vn -0.7123 0.4855 -0.5069
vn 0.7472 -0.5141 0.4213
vn 0.7294 -0.5214 0.4429
vn 0.7615 -0.5090 0.4013
vn -0.4344 0.8242 0.3634
vn -0.7520 0.4926 -0.4379
vn -0.7516 0.5043 -0.4253
vn -0.7531 0.4812 -0.4486
vn -0.4363 -0.2534 -0.8634
vn 0.7713 -0.5237 0.3617
vn 0.7709 -0.5166 0.3727
vn 0.7706 -0.5301 0.3539
vn 0.9987 0.0367 -0.0363
vn 0.9659 0.1798 -0.1862
vn 0.9794 -0.1452 0.1404
vn 0.7928 0.4199 -0.4418
vn 0.1668 0.6778 -0.7160
vn -0.5058 0.5936 -0.6259
vn 0.7081 -0.5905 0.3872
vn 0.0003 -0.8382 0.5454
vn -0.7989 0.4801 -0.3622
vn 0.0005 0.8009 -0.5988
vn -0.7707 0.5047 -0.3889
vn 0.8851 -0.3387 0.3193
vn 0.7869 -0.4557 0.4161
vn -0.7494 0.4753 -0.4609
vn 0.7305 -0.5125 0.4513
vn -0.7380 0.4449 -0.5073
vn -0.7431 0.4489 -0.4962
vn -0.7268 0.4473 -0.5212
vn 0.7477 -0.4919 0.4461
vn 0.7301 -0.4979 0.4681
vn 0.7616 -0.4883 0.4261
vn -0.7454 0.4794 -0.4632
vn -0.7593 0.4766 -0.4430
vn -0.7459 0.4677 -0.4742
vn 0.7686 -0.4902 0.4109
vn 0.7700 -0.4956 0.4018
vn 0.9994 0.0229 -0.0247
vn 0.9687 0.1622 -0.1877
vn 0.9733 -0.1559 0.1682
vn 0.7975 0.3906 -0.4599
vn 0.1407 0.6393 -0.7559
vn -0.5367 0.5457 -0.6436
vn 0.7114 -0.5498 0.4377
vn 0.0000 -0.7846 0.6199
vn -0.7878 0.4556 -0.4145
vn 0.0000 0.7427 -0.6696
vn 0.8767 -0.3322 0.3480
vn 0.7856 -0.4348 0.4403
vn -0.7470 0.4556 -0.4841
vn 0.7315 -0.4882 0.4760
vn -0.7391 0.4068 -0.5369
vn -0.7474 0.4055 -0.5263
vn -0.7031 0.4272 -0.5685
vn 0.7157 -0.4884 0.4993
vn 0.7154 -0.4791 0.5086
vn 0.7219 -0.4915 0.4871
vn -0.7386 0.4500 -0.5020
vn -0.7362 0.4560 -0.5001
vn -0.7457 0.4385 -0.5017
vn 0.7337 -0.4874 0.4734
vn 0.7416 -0.4838 0.4647
vn 0.9921 0.0771 -0.0987
vn 0.9542 0.1813 -0.2380
vn 0.9995 -0.0199 0.0246
vn 0.7738 0.3806 -0.5063
vn 0.2736 0.5764 -0.7700
vn -0.4006 0.5492 -0.7334
vn 0.6299 -0.5614 0.5366
vn 0.0000 -0.7237 0.6901
vn -0.7032 0.4814 -0.5233
vn 0.0000 0.6784 -0.7347
vn 0.9743 -0.1421 0.1745
vn 0.9401 -0.2176 0.2625
vn -0.5114 0.8524 0.1087
vn -0.7514 0.4095 -0.5174
vn -0.7522 0.4172 -0.5099
vn -0.5126 -0.2970 -0.8056
vn 0.8758 -0.3124 0.3680
vn 0.7878 -0.4055 0.4637
vn -0.7464 0.3675 -0.5548
vn -0.7549 0.3679 -0.5429
vn -0.7296 0.3733 -0.5730
vn 0.7550 -0.4105 0.5113
vn 0.7486 -0.4061 0.5241
vn 0.7653 -0.4115 0.4950
vn -0.7532 0.3907 -0.5292
vn -0.7747 0.3810 -0.5046
vn -0.7567 0.3811 -0.5312
vn 0.7763 -0.4094 0.4793
vn 0.7788 -0.4113 0.4735
vn 0.9938 0.0628 -0.0923
vn 0.9579 0.1579 -0.2396
vn 0.9939 -0.0637 0.0899
vn 0.7891 0.3339 -0.5156
vn 0.1884 0.5321 -0.8254
vn -0.5022 0.4691 -0.7265
vn 0.6775 -0.4846 0.5533
vn 0.0000 -0.6605 0.7508
vn -0.8143 0.3527 -0.4610
vn -0.0000 0.6103 -0.7922
vn 0.9218 -0.2261 0.3148
vn 0.8215 -0.3376 0.4595
vn -0.7604 0.3712 -0.5330
vn 0.7592 -0.3914 0.5200
vn -0.7812 0.3129 -0.5402
vn -0.7796 0.3163 -0.5404
vn -0.7514 0.3290 -0.5720
vn 0.7632 -0.3649 0.5333
vn 0.7894 -0.3404 0.5109
vn 0.7517 -0.3788 0.5399
vn -0.7390 0.3532 -0.5737
vn -0.7360 0.3591 -0.5738
vn -0.7532 0.3399 -0.5631
vn 0.7457 -0.3873 0.5422
vn 0.7437 -0.3913 0.5420
vn 0.9741 0.1155 -0.1943
vn 0.9053 0.2137 -0.3672
vn 0.9999 0.0067 -0.0115
vn 0.7031 0.3544 -0.6165
vn 0.2315 0.4834 -0.8442
vn -0.4429 0.4456 -0.7780
vn 0.6299 -0.4561 0.6286
vn -0.0000 -0.5883 0.8086
vn -0.7032 0.3797 -0.6011
vn -0.0000 0.5357 -0.8444
vn 0.9757 -0.1158 0.1862
vn 0.9182 -0.2125 0.3344
vn -0.7706 0.3252 -0.5481
vn 0.8442 -0.2922 0.4493
vn 0.4447 0.4121 -0.7952
vn 0.3840 0.4240 -0.8202
vn 0.5514 0.3845 -0.7404
vn 0.6186 -0.3980 0.6775
vn 0.6597 -0.3774 0.6499
vn 0.5715 -0.4183 0.7060
vn 0.9551 0.1411 -0.2605
vn 0.9003 0.2051 -0.3840
vn 0.9984 0.0267 -0.0489
vn 0.8184 0.2684 -0.5081
vn 0.7130 0.3255 -0.6210
vn 0.6338 0.3575 -0.6859
vn 0.3957 -0.4696 0.7892
vn 0.0000 -0.5119 0.8591
vn -0.0682 0.4557 -0.8875
vn -0.0001 0.4573 -0.8893
vn 0.1825 0.4495 -0.8744
vn 0.9640 -0.1297 0.2323
vn 0.8565 -0.2543 0.4492
vn 0.3380 0.4313 -0.8365
vn 0.7369 -0.3363 0.5864
vn -0.7245 -0.6723 0.1520
vn -0.8077 -0.5742 0.1338
vn -0.8886 -0.4261 0.1696
vn -0.8775 -0.4476 0.1721
vn -0.9167 -0.3700 0.1508
vn 0.8142 0.5566 -0.1649
vn 0.7790 0.5999 -0.1825
vn 0.5219 0.7794 -0.3467
vn -0.2871 0.8749 -0.3901
vn 0.7359 0.6199 -0.2724
vn -0.9567 0.2658 -0.1185
vn -0.9818 -0.1745 0.0754
vn 0.7545 0.5648 -0.3342
vn 0.7464 0.5687 -0.3457
vn 0.7551 0.5693 -0.3253
vn -0.7578 -0.5963 0.2648
vn -0.7626 -0.5962 0.2511
vn -0.7709 -0.5770 0.2698
vn 0.7547 0.6026 -0.2594
vn 0.7516 0.5992 -0.2759
vn 0.7707 0.5899 -0.2408
vn -0.3594 0.0517 0.9317
vn -0.7688 -0.5944 0.2359
vn -0.7709 -0.5971 0.2220
vn -0.3609 -0.6094 -0.7059
vn -0.9835 -0.1553 0.0926
vn -0.9547 -0.2587 0.1469
vn -0.9987 0.0433 -0.0267
vn -0.8490 0.4496 -0.2777
vn -0.1235 0.8437 -0.5224
vn 0.5666 0.7012 -0.4328
vn -0.7081 -0.6722 0.2163
vn -0.7706 -0.6051 0.2003
vn 0.7989 0.5592 -0.2215
vn -0.9093 -0.3660 0.1981
vn -0.8508 -0.4664 0.2419
vn -0.9392 -0.3165 0.1335
vn -0.4782 -0.0932 0.8733
vn -0.5173 -0.0922 0.8508
vn -0.8211 -0.5438 0.1733
vn -0.8122 -0.5589 0.1672
vn -0.8444 -0.5072 0.1726
vn -0.5189 -0.5737 -0.6338
vn -0.4793 -0.5639 -0.6725
vn 0.7565 0.6232 -0.1983
vn 0.7516 0.6251 -0.2104
vn -0.8670 -0.4683 0.1703
vn 0.7466 0.6112 -0.2627
vn 0.7483 0.6126 -0.2544
vn 0.7551 0.5749 -0.3152
vn 0.7538 0.5825 -0.3042
vn -0.8024 -0.5353 0.2640
vn 0.7481 0.5359 -0.3913
vn 0.7413 0.5360 -0.4039
vn 0.7504 0.5410 -0.3798
vn -0.7492 -0.5786 0.3224
vn -0.7617 -0.5720 0.3043
vn -0.7384 -0.5825 0.3398
vn 0.7547 0.5767 -0.3127
vn 0.7516 0.5718 -0.3289
vn 0.7707 0.5658 -0.2930
vn -0.3594 0.1356 0.9233
vn -0.7688 -0.5706 0.2886
vn -0.7709 -0.5746 0.2750
vn -0.3609 -0.6707 -0.6480
vn -0.9923 -0.0994 0.0738
vn -0.9574 -0.2373 0.1648
vn -0.9977 0.0541 -0.0409
vn -0.8685 0.3930 -0.3021
vn -0.1135 0.7868 -0.6067
vn 0.5914 0.6396 -0.4911
vn -0.7081 -0.6499 0.2761
vn -0.7706 -0.5845 0.2541
vn 0.7989 0.5369 -0.2711
vn -0.8800 -0.3947 0.2641
vn -0.7963 -0.5088 0.3271
vn 0.7531 0.5458 -0.3675
vn 0.7535 0.5529 -0.3558
vn -0.7462 -0.5677 0.3477
vn 0.7413 0.5062 -0.4407
vn 0.7326 0.5074 -0.4536
vn 0.7459 0.5095 -0.4291
vn -0.7482 -0.5483 0.3735
vn -0.7616 -0.5426 0.3542
vn -0.7348 -0.5527 0.3931
vn 0.7547 0.5465 -0.3630
vn 0.7516 0.5402 -0.3786
vn 0.7707 0.5374 -0.3424
vn -0.3594 0.2174 0.9075
vn -0.7688 -0.5426 0.3383
vn -0.7709 -0.5477 0.3252
vn -0.3609 -0.7258 -0.5856
vn -0.9987 0.0393 -0.0335
vn -0.9783 -0.1590 0.1324
vn -0.9659 0.1931 -0.1724
vn -0.7928 0.4513 -0.4096
vn -0.1014 0.7355 -0.6699
vn 0.5681 0.6093 -0.5532
vn -0.7081 -0.6227 0.3330
vn -0.7706 -0.5595 0.3053
vn 0.7989 0.5105 -0.3179
vn -0.8772 -0.3731 0.3023
vn -0.7851 -0.4883 0.3810
vn 0.7513 0.5125 -0.4157
vn 0.7533 0.5191 -0.4038
vn -0.7387 -0.5405 0.4027
vn 0.7278 0.4786 -0.4912
vn 0.7123 0.4855 -0.5069
vn 0.7386 0.4764 -0.4770
vn -0.7472 -0.5141 0.4212
vn -0.7616 -0.5090 0.4012
vn -0.7294 -0.5213 0.4429
vn 0.7547 0.5120 -0.4101
vn 0.7516 0.5044 -0.4252
vn 0.7709 0.5046 -0.3888
vn -0.3595 0.2973 0.8845
vn -0.7688 -0.5103 0.3853
vn -0.7709 -0.5166 0.3726
vn -0.3610 -0.7751 -0.5186
vn -0.9987 0.0367 -0.0363
vn -0.9794 -0.1452 0.1404
vn -0.9659 0.1798 -0.1862
vn -0.7928 0.4199 -0.4418
vn -0.1668 0.6778 -0.7160
vn 0.5058 0.5936 -0.6259
vn -0.7077 -0.5908 0.3874
vn -0.7706 -0.5301 0.3539
vn 0.7992 0.4798 -0.3619
vn -0.8851 -0.3387 0.3193
vn -0.7869 -0.4557 0.4161
vn 0.7494 0.4753 -0.4609
vn 0.7531 0.4813 -0.4486
vn -0.7305 -0.5125 0.4513
vn 0.7380 0.4449 -0.5073
vn 0.7268 0.4473 -0.5212
vn 0.7431 0.4489 -0.4962
vn -0.7477 -0.4919 0.4461
vn -0.7616 -0.4883 0.4261
vn -0.7301 -0.4979 0.4681
vn 0.7454 0.4794 -0.4631
vn 0.7459 0.4677 -0.4742
vn 0.7593 0.4766 -0.4430
vn -0.7686 -0.4902 0.4110
vn -0.7700 -0.4955 0.4018
vn -0.9994 0.0229 -0.0247
vn -0.9733 -0.1559 0.1682
vn -0.9687 0.1622 -0.1877
vn -0.7975 0.3905 -0.4599
vn -0.1407 0.6393 -0.7559
vn 0.5367 0.5457 -0.6436
vn -0.7114 -0.5498 0.4377
vn 0.7878 0.4556 -0.4145
vn -0.8767 -0.3322 0.3480
vn -0.7856 -0.4348 0.4403
vn 0.7470 0.4556 -0.4841
vn -0.7315 -0.4882 0.4760
vn 0.7391 0.4068 -0.5369
vn 0.7031 0.4272 -0.5685
vn 0.7474 0.4055 -0.5263
vn -0.2788 0.5271 0.8028
vn -0.7310 -0.4581 0.5057
vn -0.7154 -0.4791 0.5086
vn -0.7878 -0.4055 0.4637
vn -0.2791 -0.8561 -0.4349
vn 0.7386 0.4500 -0.5020
vn 0.7457 0.4385 -0.5017
vn 0.7362 0.4560 -0.5001
vn -0.7337 -0.4874 0.4734
vn -0.7416 -0.4838 0.4647
vn -0.7219 -0.4915 0.4871
vn -0.9921 0.0771 -0.0987
vn -0.9995 -0.0199 0.0246
vn -0.9542 0.1813 -0.2380
vn -0.7738 0.3806 -0.5063
vn -0.2736 0.5764 -0.7700
vn 0.4006 0.5491 -0.7335
vn -0.6299 -0.5614 0.5367
vn 0.7032 0.4814 -0.5233
vn -0.9743 -0.1421 0.1745
vn -0.9401 -0.2176 0.2625
vn 0.7508 0.4269 -0.5041
vn 0.7522 0.4172 -0.5099
vn -0.8758 -0.3124 0.3680
vn 0.7464 0.3675 -0.5548
vn 0.7296 0.3733 -0.5730
vn 0.7549 0.3679 -0.5429
vn -0.7550 -0.4105 0.5113
vn -0.7653 -0.4115 0.4950
vn -0.7486 -0.4061 0.5241
vn 0.7532 0.3907 -0.5292
vn 0.7567 0.3811 -0.5312
vn 0.7747 0.3810 -0.5046
vn -0.7763 -0.4094 0.4793
vn -0.7788 -0.4113 0.4735
vn -0.9938 0.0628 -0.0923
vn -0.9939 -0.0637 0.0899
vn -0.9579 0.1579 -0.2396
vn -0.7891 0.3339 -0.5156
vn -0.1884 0.5321 -0.8255
vn 0.5022 0.4690 -0.7265
vn -0.6775 -0.4846 0.5533
vn 0.8143 0.3527 -0.4610
vn -0.9218 -0.2261 0.3148
vn -0.8215 -0.3376 0.4596
vn 0.7604 0.3712 -0.5330
vn -0.7592 -0.3914 0.5200
vn 0.7812 0.3129 -0.5402
vn 0.7514 0.3290 -0.5720
vn 0.7796 0.3163 -0.5404
vn -0.7632 -0.3649 0.5333
vn -0.7517 -0.3788 0.5399
vn -0.7894 -0.3404 0.5109
vn 0.7390 0.3532 -0.5737
vn 0.7532 0.3399 -0.5631
vn 0.7360 0.3591 -0.5738
vn -0.7457 -0.3873 0.5422
vn -0.7437 -0.3913 0.5420
vn -0.9741 0.1155 -0.1943
vn -0.9999 0.0067 -0.0115
vn -0.9053 0.2137 -0.3672
vn -0.7031 0.3544 -0.6165
vn -0.2315 0.4834 -0.8443
vn 0.4429 0.4456 -0.7780
vn -0.6299 -0.4561 0.6286
vn 0.7032 0.3797 -0.6011
vn -0.9757 -0.1158 0.1862
vn -0.9182 -0.2125 0.3344
vn 0.7706 0.3252 -0.5481
vn -0.8442 -0.2922 0.4493
vn -0.4447 0.4121 -0.7952
vn -0.5514 0.3845 -0.7403
vn -0.3839 0.4241 -0.8202
vn -0.6186 -0.3980 0.6775
vn -0.5715 -0.4183 0.7060
vn -0.6597 -0.3774 0.6499
vn -0.9551 0.1411 -0.2605
vn -0.9984 0.0267 -0.0489
vn -0.9003 0.2051 -0.3840
vn -0.8184 0.2684 -0.5081
vn -0.7130 0.3255 -0.6210
vn -0.6338 0.3575 -0.6859
vn -0.3957 -0.4696 0.7892
vn 0.0682 0.4557 -0.8875
vn -0.1825 0.4495 -0.8744
vn -0.9640 -0.1297 0.2323
vn -0.8565 -0.2543 0.4492
vn -0.3381 0.4313 -0.8365
vn -0.7369 -0.3363 0.5864
vn 0.3594 0.2174 0.9075
vn 0.7688 -0.5426 0.3384
vn 0.3609 -0.7258 -0.5856
vn -0.7547 0.5465 -0.3630
vn 0.0719 -0.5942 -0.8011
vn -0.0010 -0.5634 -0.8262
vn -0.0954 -0.5090 -0.8555
vn -0.0011 0.5650 0.8251
vn 0.0714 0.4957 0.8656
vn -0.0953 0.6410 0.7616
vn 0.3594 0.1356 0.9233
vn 0.7688 -0.5706 0.2886
vn 0.3609 -0.6707 -0.6480
vn -0.7547 0.5767 -0.3127
vn 0.0719 -0.5203 -0.8509
vn -0.0010 -0.4874 -0.8732
vn -0.0954 -0.4306 -0.8975
vn -0.0011 0.4891 0.8722
vn 0.0714 0.4165 0.9063
vn -0.0953 0.5705 0.8157
vn 0.3594 0.2975 0.8845
vn 0.7688 -0.5103 0.3854
vn 0.3609 -0.7752 -0.5185
vn -0.7547 0.5120 -0.4103
vn 0.0719 -0.6633 -0.7449
vn -0.0010 -0.6348 -0.7726
vn -0.0954 -0.5833 -0.8067
vn -0.0011 0.6363 0.7714
vn 0.0714 0.5709 0.8179
vn -0.0953 0.7064 0.7013
vn 0.3594 0.0517 0.9317
vn 0.7688 -0.5944 0.2359
vn 0.3609 -0.6094 -0.7059
vn -0.7547 0.6026 -0.2594
vn 0.0719 -0.4414 -0.8944
vn -0.0010 -0.4066 -0.9136
vn -0.0954 -0.3478 -0.9327
vn -0.0011 0.4084 0.9128
vn 0.0714 0.3330 0.9402
vn -0.0953 0.4946 0.8639
vn -0.7565 0.6232 -0.1983
vn -0.7516 0.6251 -0.2104
vn -0.4134 0.6176 0.6690
vn -0.7512 0.6217 -0.2218
vn -0.4141 0.0645 -0.9079
vn 0.5173 -0.0922 0.8508
vn 0.8211 -0.5438 0.1733
vn 0.4782 -0.0932 0.8733
vn 0.8122 -0.5589 0.1672
vn 0.4793 -0.5639 -0.6725
vn 0.5189 -0.5737 -0.6338
vn 0.4622 -0.0971 0.8815
vn 0.8111 -0.5632 0.1580
vn 0.4632 -0.5477 -0.6968
vn -0.1049 -0.2666 -0.9581
vn 0.0019 -0.3373 -0.9414
vn 0.0008 -0.3198 -0.9475
vn -0.0960 -0.2565 -0.9618
vn -0.0898 -0.2447 -0.9654
vn 0.0007 -0.3031 -0.9530
vn 0.1291 -0.4009 -0.9070
vn 0.1092 -0.3769 -0.9198
vn 0.1018 -0.3566 -0.9287
vn -0.1047 0.4316 0.8960
vn -0.0960 0.4099 0.9071
vn 0.0008 0.3195 0.9476
vn 0.0019 0.3362 0.9418
vn -0.0898 0.3892 0.9168
vn 0.0007 0.3028 0.9531
vn 0.1290 0.2328 0.9639
vn 0.1091 0.2244 0.9684
vn 0.1017 0.2120 0.9720
vn -0.7713 -0.6010 0.2095
vn 0.4344 0.6979 0.5694
vn 0.7520 0.5913 -0.2912
vn 0.4363 -0.0148 -0.8997
vn 0.0010 -0.4066 -0.9136
vn -0.0719 -0.4414 -0.8944
vn 0.0954 -0.3478 -0.9327
vn -0.0714 0.3330 0.9402
vn 0.0011 0.4084 0.9128
vn 0.0953 0.4946 0.8639
vn 0.4498 0.6569 0.6051
vn 0.7502 0.6145 -0.2441
vn 0.4289 0.6371 0.6404
vn 0.7511 0.6177 -0.2331
vn 0.4297 0.0657 -0.9006
vn 0.4508 0.0733 -0.8896
vn 0.4134 0.6176 0.6690
vn 0.7512 0.6217 -0.2218
vn 0.4141 0.0645 -0.9079
vn -0.8109 -0.5683 0.1396
vn -0.8111 -0.5658 0.1484
vn -0.4622 -0.0971 0.8815
vn -0.8111 -0.5632 0.1580
vn -0.4632 -0.5477 -0.6968
vn 0.1049 -0.2666 -0.9581
vn 0.0960 -0.2565 -0.9618
vn -0.0008 -0.3198 -0.9475
vn -0.0019 -0.3373 -0.9414
vn 0.0898 -0.2447 -0.9654
vn -0.0007 -0.3031 -0.9530
vn -0.1291 -0.4009 -0.9070
vn -0.1092 -0.3769 -0.9198
vn -0.1018 -0.3566 -0.9287
vn 0.1047 0.4316 0.8960
vn -0.0019 0.3362 0.9418
vn -0.0008 0.3195 0.9476
vn 0.0960 0.4099 0.9071
vn 0.0898 0.3892 0.9168
vn -0.0007 0.3028 0.9531
vn -0.1290 0.2328 0.9639
vn -0.1091 0.2244 0.9684
vn -0.1017 0.2120 0.9720
vn -0.7713 -0.5796 0.2629
vn 0.4344 0.7465 0.5041
vn 0.7520 0.5626 -0.3434
vn 0.4363 -0.0959 -0.8947
vn 0.0010 -0.4874 -0.8732
vn -0.0719 -0.5203 -0.8509
vn 0.0954 -0.4306 -0.8975
vn -0.0714 0.4165 0.9063
vn 0.0011 0.4891 0.8722
vn 0.0953 0.5705 0.8157
vn -0.7713 -0.5538 0.3135
vn 0.4344 0.7885 0.4355
vn 0.7520 0.5297 -0.3923
vn 0.4363 -0.1754 -0.8825
vn 0.0010 -0.5634 -0.8262
vn -0.0719 -0.5942 -0.8011
vn 0.0954 -0.5090 -0.8555
vn -0.0714 0.4957 0.8656
vn 0.0011 0.5650 0.8251
vn 0.0953 0.6410 0.7616
vn -0.7713 -0.5237 0.3616
vn 0.4342 0.8241 0.3638
vn 0.7520 0.4927 -0.4379
vn 0.4361 -0.2535 -0.8635
vn 0.0010 -0.6347 -0.7728
vn -0.0719 -0.6632 -0.7450
vn 0.0953 -0.5831 -0.8068
vn -0.0715 0.5708 0.8180
vn 0.0011 0.6362 0.7715
vn 0.0952 0.7062 0.7015
vn -0.7508 0.4269 -0.5041
vn 0.2788 0.5271 0.8028
vn 0.7310 -0.4581 0.5057
vn 0.2791 -0.8561 -0.4349
vn -0.1278 -0.6990 -0.7036
vn -0.0031 -0.7675 -0.6411
vn 0.0521 -0.7837 -0.6189
vn -0.1269 0.8350 0.5355
vn -0.0030 0.7707 0.6372
vn 0.0520 0.7256 0.6861
vn 0.5114 0.8524 0.1087
vn 0.7514 0.4095 -0.5174
vn 0.5126 -0.2970 -0.8056
vn -0.7157 -0.4884 0.4993
vn 0.1278 -0.6990 -0.7036
vn 0.0031 -0.7675 -0.6411
vn -0.0521 -0.7837 -0.6189
vn 0.1269 0.8350 0.5355
vn 0.0030 0.7707 0.6372
vn -0.0520 0.7256 0.6861
vn 0.8454 0.4460 0.2939
vn 0.8440 0.4903 0.2174
vn 0.3467 0.8551 0.3854
vn 0.3590 0.7816 0.5102
vn 0.8247 0.5647 -0.0315
vn 0.4200 0.8940 -0.1561
vn 0.0000 0.9812 -0.1930
vn 0.0000 0.9156 0.4021
vn 0.0000 0.8387 0.5446
vn -0.0000 0.7544 0.6564
vn 0.3578 0.7034 0.6142
vn -0.0000 0.6518 0.7584
vn 0.3592 0.6080 0.7080
vn 0.8451 0.3483 0.4057
vn 0.8434 0.4035 0.3548
vn 0.0000 0.0834 0.9965
vn 0.0000 0.0480 0.9988
vn 0.3630 0.0457 0.9306
vn 0.3629 0.0788 0.9285
vn 0.0000 0.0051 1.0000
vn 0.3639 0.0062 0.9314
vn 0.8504 0.0026 0.5261
vn 0.8501 0.0269 0.5259
vn 0.8499 0.0457 0.5250
vn 0.0000 -0.3801 0.9249
vn 0.3565 -0.3207 0.8775
vn 0.0000 -0.8946 0.4468
vn 0.3123 -0.8361 0.4510
vn 0.6795 -0.6652 0.3095
vn 0.8298 -0.2213 0.5123
vn -0.8454 0.4460 0.2939
vn -0.3590 0.7816 0.5102
vn -0.3467 0.8551 0.3854
vn -0.8440 0.4903 0.2174
vn -0.4200 0.8940 -0.1561
vn -0.8247 0.5647 -0.0315
vn -0.3578 0.7034 0.6142
vn -0.8434 0.4035 0.3548
vn -0.8451 0.3483 0.4057
vn -0.3592 0.6080 0.7080
vn -0.3629 0.0788 0.9285
vn -0.3630 0.0457 0.9306
vn -0.8499 0.0457 0.5250
vn -0.8501 0.0269 0.5259
vn -0.8504 0.0026 0.5261
vn -0.3639 0.0062 0.9314
vn -0.3565 -0.3207 0.8775
vn -0.8298 -0.2213 0.5123
vn -0.6795 -0.6652 0.3095
vn -0.3123 -0.8361 0.4510
vn 0.8575 -0.4278 -0.2859
vn 0.3682 -0.7756 -0.5128
vn 0.3501 -0.7834 -0.5135
vn 0.8483 -0.4389 -0.2963
vn 0.0000 -0.8354 -0.5496
vn 0.0000 -0.8325 -0.5541
vn 0.0000 -0.4159 -0.9094
vn 0.4189 -0.3937 -0.8182
vn 0.8248 -0.2992 -0.4797
vn 0.3706 -0.6996 -0.6109
vn 0.0000 -0.7544 -0.6564
vn 0.8601 -0.3831 -0.3369
vn 0.8584 -0.3340 -0.3894
vn 0.3691 -0.6057 -0.7049
vn 0.0000 -0.6519 -0.7583
vn 0.0000 -0.0834 -0.9965
vn 0.3654 -0.0787 -0.9275
vn 0.3652 -0.0457 -0.9298
vn 0.0000 -0.0480 -0.9988
vn 0.8537 -0.0451 -0.5188
vn 0.8534 -0.0266 -0.5206
vn 0.8524 -0.0227 -0.5224
vn 0.3651 -0.0359 -0.9303
vn 0.0000 -0.0385 -0.9993
vn 0.3558 -0.3386 -0.8711
vn 0.0000 -0.3980 -0.9174
vn 0.8295 -0.2328 -0.5077
vn 0.6781 -0.6699 -0.3025
vn 0.3108 -0.8412 -0.4424
vn 0.0000 -0.8991 -0.4378
vn -0.8575 -0.4278 -0.2859
vn -0.8483 -0.4389 -0.2963
vn -0.3501 -0.7834 -0.5135
vn -0.3682 -0.7756 -0.5128
vn -0.8248 -0.2992 -0.4797
vn -0.4189 -0.3937 -0.8182
vn -0.3706 -0.6996 -0.6109
vn -0.3691 -0.6057 -0.7049
vn -0.8584 -0.3340 -0.3894
vn -0.8601 -0.3831 -0.3368
vn -0.3652 -0.0457 -0.9298
vn -0.3654 -0.0787 -0.9275
vn -0.3651 -0.0359 -0.9303
vn -0.8524 -0.0227 -0.5224
vn -0.8534 -0.0266 -0.5206
vn -0.8537 -0.0451 -0.5188
vn -0.3558 -0.3386 -0.8711
vn -0.3108 -0.8412 -0.4424
vn -0.6781 -0.6699 -0.3025
vn -0.8295 -0.2328 -0.5077
vn 1.0000 0.0074 0.0065
vn 1.0000 0.0065 0.0029
vn 1.0000 0.0053 0.0059
vn 1.0000 0.0001 0.0020
vn 1.0000 0.0002 0.0024
vn 1.0000 -0.0076 0.0014
vn 0.2415 -0.9704 0.0027
vn 0.7260 -0.6877 0.0027
vn 0.0000 -1.0000 0.0025
vn 0.4638 0.4011 -0.7899
vn 0.0000 0.4522 -0.8919
vn 0.9075 0.1913 -0.3738
vn 0.9848 -0.1736 0.0015
vn 0.9994 0.0188 -0.0301
vn -1.0000 0.0074 0.0065
vn -1.0000 0.0053 0.0059
vn -1.0000 0.0065 0.0029
vn -0.8496 0.2779 0.4482
vn -0.8482 0.3040 0.4337
vn -1.0000 0.0025 0.0035
vn -1.0000 0.0014 0.0022
vn -0.8553 -0.2973 -0.4243
vn -0.8539 -0.2742 -0.4423
vn -0.2415 -0.9704 0.0027
vn -0.7260 -0.6877 0.0027
vn -0.4638 0.4011 -0.7899
vn -0.9076 0.1913 -0.3738
vn -0.9848 -0.1736 0.0015
vn -1.0000 -0.0076 0.0014
vn -0.9994 0.0188 -0.0301
vn -1.0000 0.0001 0.0020
vn -1.0000 0.0002 0.0024
vn -0.8498 0.0659 0.5230
vn -1.0000 0.0003 0.0024
vn -0.8498 0.0862 0.5200
vn -1.0000 0.0004 0.0024
vn -0.8537 -0.0851 -0.5137
vn -0.8537 -0.0651 -0.5166
vn -0.8498 0.1063 0.5163
vn -1.0000 0.0005 0.0024
vn -0.8498 0.1263 0.5117
vn -1.0000 0.0006 0.0023
vn -0.8537 -0.1248 -0.5056
vn -0.8537 -0.1050 -0.5100
vn -0.8498 0.1461 0.5064
vn -1.0000 0.0007 0.0023
vn -0.8498 0.1657 0.5004
vn -1.0000 0.0008 0.0023
vn -0.8537 -0.1637 -0.4943
vn -0.8537 -0.1443 -0.5003
vn -0.8498 0.1850 0.4936
vn -0.8498 0.2040 0.4860
vn -1.0000 0.0009 0.0022
vn -0.8537 -0.2016 -0.4801
vn -0.8537 -0.1828 -0.4876
vn -0.8498 0.2228 0.4777
vn -1.0000 0.0010 0.0022
vn -0.8498 0.2412 0.4687
vn -1.0000 0.0011 0.0021
vn -0.8537 -0.2383 -0.4630
vn -0.8537 -0.2201 -0.4719
vn -0.8498 0.2592 0.4589
vn -1.0000 0.0012 0.0021
vn -0.8537 -0.2561 -0.4534
vn 0.8482 0.3040 0.4337
vn 1.0000 0.0025 0.0035
vn 0.8496 0.2779 0.4483
vn 1.0000 0.0014 0.0022
vn 0.8539 -0.2742 -0.4423
vn 0.8553 -0.2973 -0.4243
vn 0.8498 0.2592 0.4589
vn 1.0000 0.0012 0.0021
vn 0.8498 0.2412 0.4687
vn 1.0000 0.0011 0.0021
vn 0.8537 -0.2383 -0.4630
vn 0.8537 -0.2561 -0.4534
vn 0.8498 0.2228 0.4777
vn 1.0000 0.0010 0.0022
vn 0.8498 0.2040 0.4860
vn 1.0000 0.0009 0.0022
vn 0.8537 -0.2016 -0.4801
vn 0.8537 -0.2201 -0.4719
vn 0.8498 0.1850 0.4936
vn 1.0000 0.0008 0.0023
vn 0.8498 0.1657 0.5004
vn 0.8537 -0.1637 -0.4943
vn 0.8537 -0.1828 -0.4876
vn 0.8498 0.1461 0.5064
vn 1.0000 0.0007 0.0023
vn 0.8498 0.1263 0.5117
vn 1.0000 0.0006 0.0023
vn 0.8537 -0.1248 -0.5056
vn 0.8537 -0.1443 -0.5003
vn 0.8498 0.1063 0.5163
vn 1.0000 0.0005 0.0024
vn 0.8498 0.0862 0.5200
vn 1.0000 0.0004 0.0024
vn 0.8537 -0.0851 -0.5137
vn 0.8537 -0.1050 -0.5100
vn 0.8498 0.0659 0.5230
vn 1.0000 0.0003 0.0024
vn 0.8537 -0.0651 -0.5166
vn 0.0000 -0.5735 -0.8192
vn -0.3666 -0.5337 -0.7621
vn 0.0000 -0.5263 -0.8503
vn -0.3655 -0.4901 -0.7913
vn 0.0000 -0.4910 -0.8712
vn -0.3654 -0.4573 -0.8108
vn -0.0000 -0.4566 -0.8897
vn -0.3654 -0.4253 -0.8280
vn -0.0000 -0.4214 -0.9069
vn -0.3654 -0.3927 -0.8440
vn 0.0000 -0.3857 -0.9226
vn -0.3654 -0.3594 -0.8587
vn 0.0000 -0.3493 -0.9370
vn -0.3654 -0.3257 -0.8720
vn 0.0000 -0.3124 -0.9500
vn -0.3654 -0.2914 -0.8841
vn -0.0000 -0.2750 -0.9614
vn -0.3654 -0.2567 -0.8948
vn -0.0000 -0.2372 -0.9715
vn -0.3654 -0.2216 -0.9041
vn 0.0000 -0.1991 -0.9800
vn -0.3654 -0.1861 -0.9121
vn 0.0000 -0.1606 -0.9870
vn -0.3654 -0.1504 -0.9186
vn 0.0000 -0.1219 -0.9925
vn -0.3654 -0.1144 -0.9238
vn 0.3666 -0.5337 -0.7621
vn 0.3655 -0.4901 -0.7913
vn 0.3654 -0.4573 -0.8108
vn 0.3654 -0.4253 -0.8280
vn 0.3654 -0.3927 -0.8440
vn 0.3654 -0.3594 -0.8587
vn 0.3654 -0.3257 -0.8720
vn 0.3654 -0.2914 -0.8841
vn 0.3654 -0.2567 -0.8948
vn 0.3654 -0.2216 -0.9041
vn 0.3654 -0.1861 -0.9121
vn 0.3654 -0.1504 -0.9186
vn 0.3654 -0.1144 -0.9238
vn -0.3617 0.5347 0.7637
vn -0.0000 0.5734 0.8193
vn -0.3627 0.4906 0.7923
vn -0.0000 0.5263 0.8503
vn -0.3628 0.4578 0.8117
vn 0.0000 0.4910 0.8712
vn -0.3628 0.4258 0.8289
vn -0.0000 0.4566 0.8897
vn -0.3628 0.3931 0.8449
vn -0.0000 0.4214 0.9069
vn -0.3628 0.3598 0.8596
vn -0.0000 0.3856 0.9226
vn -0.3628 0.3260 0.8730
vn -0.0000 0.3493 0.9370
vn -0.3628 0.2917 0.8850
vn -0.0000 0.3124 0.9500
vn -0.3628 0.2570 0.8957
vn -0.0000 0.2750 0.9614
vn -0.3628 0.2218 0.9051
vn -0.0000 0.2372 0.9715
vn -0.3628 0.1863 0.9130
vn 0.0000 0.1990 0.9800
vn -0.3628 0.1506 0.9196
vn 0.0000 0.1606 0.9870
vn -0.3628 0.1146 0.9248
vn 0.0000 0.1219 0.9925
vn 0.3617 0.5347 0.7637
vn 0.3627 0.4906 0.7923
vn 0.3628 0.4578 0.8117
vn 0.3628 0.4258 0.8289
vn 0.3628 0.3931 0.8449
vn 0.3628 0.3598 0.8596
vn 0.3628 0.3260 0.8730
vn 0.3628 0.2917 0.8850
vn 0.3628 0.2570 0.8957
vn 0.3628 0.2218 0.9051
vn 0.3628 0.1863 0.9130
vn 0.3628 0.1506 0.9196
vn 0.3628 0.1146 0.9248
usemtl Pink
s 1
f 47/1/1 886/2/2 2365/3/3 882/4/4
f 886/2/2 199/5/5 858/6/6 2365/3/3
f 2365/3/3 858/6/6 179/7/7 853/8/8
f 882/4/4 2365/3/3 853/8/8 32/9/9
f 699/10/10 2137/11/11 2366/12/12 2156/13/13
f 2137/11/11 47/1/1 882/4/4 2366/12/12
f 2366/12/12 882/4/4 32/9/9 2133/14/14
f 2156/13/13 2366/12/12 2133/14/14 695/15/15
f 43/16/16 873/17/17 2367/18/18 871/19/19
f 873/17/17 36/20/20 861/21/21 2367/18/18
f 2367/18/18 861/21/21 35/22/22 874/23/23
f 871/19/19 2367/18/18 874/23/23 41/24/24
f 41/24/24 874/23/23 2368/25/25 870/26/26
f 874/23/23 35/22/22 860/27/27 2368/25/25
f 2368/25/25 860/27/27 37/28/28 881/29/29
f 870/26/26 2368/25/25 881/29/29 46/30/30
f 55/31/31 897/32/32 2369/33/33 901/34/34
f 897/32/32 38/35/35 866/36/36 2369/33/33
f 2369/33/33 866/36/36 40/37/37 865/38/38
f 901/34/34 2369/33/33 865/38/38 57/39/39
f 44/40/40 878/41/41 2370/42/42 880/43/43
f 878/41/41 192/44/44 877/45/45 2370/42/42
f 2370/42/42 877/45/45 190/46/46 869/47/47
f 880/43/43 2370/42/42 869/47/47 42/48/48
f 689/49/49 2121/50/50 2371/51/51 2132/52/52
f 2121/50/50 44/40/40 880/43/43 2371/51/51
f 2371/51/51 880/43/43 42/48/48 2123/53/53
f 2132/52/52 2371/51/51 2123/53/53 691/54/54
f 56/55/55 898/56/56 2372/57/57 900/58/58
f 898/56/56 39/59/59 863/60/60 2372/57/57
f 2372/57/57 863/60/60 38/35/35 897/32/32
f 900/58/58 2372/57/57 897/32/32 55/31/31
f 42/48/48 869/47/47 2373/61/61 876/62/62
f 869/47/47 190/46/46 879/63/63 2373/61/61
f 2373/61/61 879/63/63 193/64/64 875/65/65
f 876/62/62 2373/61/61 875/65/65 45/66/66
f 691/54/54 2123/53/53 2374/67/67 2131/68/68
f 2123/53/53 42/48/48 876/62/62 2374/67/67
f 2374/67/67 876/62/62 45/66/66 868/69/69
f 2131/68/68 2374/67/67 868/69/69 690/70/70
f 697/71/71 2135/72/72 2375/73/73 2154/74/74
f 2135/72/72 33/75/75 857/76/76 2375/73/73
f 2375/73/73 857/76/76 47/1/1 2137/11/11
f 2154/74/74 2375/73/73 2137/11/11 699/10/10
f 33/75/75 855/77/77 2376/78/78 857/76/76
f 855/77/77 181/79/79 883/80/80 2376/78/78
f 2376/78/78 883/80/80 199/5/5 886/2/2
f 857/76/76 2376/78/78 886/2/2 47/1/1
f 53/81/81 893/82/82 2377/83/83 896/84/84
f 893/82/82 50/85/85 890/86/86 2377/83/83
f 2377/83/83 890/86/86 51/87/87 894/88/88
f 896/84/84 2377/83/83 894/88/88 54/89/89
f 54/89/89 894/88/88 2378/90/90 895/91/91
f 894/88/88 51/87/87 891/92/92 2378/90/90
f 2378/90/90 891/92/92 49/93/93 892/94/94
f 895/91/91 2378/90/90 892/94/94 52/95/95
f 48/96/96 885/97/97 2379/98/98 884/99/99
f 885/97/97 54/89/89 895/91/91 2379/98/98
f 2379/98/98 895/91/91 52/95/95 854/100/100
f 884/99/99 2379/98/98 854/100/100 31/101/101
f 34/102/102 856/103/103 2380/104/104 859/105/105
f 856/103/103 53/81/81 896/84/84 2380/104/104
f 2380/104/104 896/84/84 54/89/89 885/97/97
f 859/105/105 2380/104/104 885/97/97 48/96/96
f 36/20/20 864/106/106 2381/107/107 861/21/21
f 864/106/106 56/55/55 900/58/58 2381/107/107
f 2381/107/107 900/58/58 55/31/31 862/108/108
f 861/21/21 2381/107/107 862/108/108 35/22/22
f 35/22/22 862/108/108 2382/109/109 860/27/27
f 862/108/108 55/31/31 901/34/34 2382/109/109
f 2382/109/109 901/34/34 57/39/39 899/110/110
f 860/27/27 2382/109/109 899/110/110 37/28/28
f 66/111/111 915/112/112 2383/113/113 913/114/114
f 915/112/112 59/115/115 903/116/116 2383/113/113
f 2383/113/113 903/116/116 58/117/117 916/118/118
f 913/114/114 2383/113/113 916/118/118 64/119/119
f 64/119/119 916/118/118 2384/120/120 912/121/121
f 916/118/118 58/117/117 902/122/122 2384/120/120
f 2384/120/120 902/122/122 60/123/123 923/124/124
f 912/121/121 2384/120/120 923/124/124 69/125/125
f 70/126/126 924/127/127 2385/128/128 928/129/129
f 924/127/127 61/130/130 908/131/131 2385/128/128
f 2385/128/128 908/131/131 63/132/132 907/133/133
f 928/129/129 2385/128/128 907/133/133 72/134/134
f 67/135/135 920/136/136 2386/137/137 922/138/138
f 920/136/136 219/139/139 919/140/140 2386/137/137
f 2386/137/137 919/140/140 217/141/141 911/142/142
f 922/138/138 2386/137/137 911/142/142 65/143/143
f 677/144/144 2097/145/145 2387/146/146 2108/147/147
f 2097/145/145 67/135/135 922/138/138 2387/146/146
f 2387/146/146 922/138/138 65/143/143 2099/148/148
f 2108/147/147 2387/146/146 2099/148/148 679/149/149
f 71/150/150 925/151/151 2388/152/152 927/153/153
f 925/151/151 62/154/154 905/155/155 2388/152/152
f 2388/152/152 905/155/155 61/130/130 924/127/127
f 927/153/153 2388/152/152 924/127/127 70/126/126
f 65/143/143 911/142/142 2389/156/156 918/157/157
f 911/142/142 217/141/141 921/158/158 2389/156/156
f 2389/156/156 921/158/158 220/159/159 917/160/160
f 918/157/157 2389/156/156 917/160/160 68/161/161
f 679/149/149 2099/148/148 2390/162/162 2107/163/163
f 2099/148/148 65/143/143 918/157/157 2390/162/162
f 2390/162/162 918/157/157 68/161/161 910/164/164
f 2107/163/163 2390/162/162 910/164/164 678/165/165
f 59/115/115 906/166/166 2391/167/167 903/116/116
f 906/166/166 71/150/150 927/153/153 2391/167/167
f 2391/167/167 927/153/153 70/126/126 904/168/168
f 903/116/116 2391/167/167 904/168/168 58/117/117
f 58/117/117 904/168/168 2392/169/169 902/122/122
f 904/168/168 70/126/126 928/129/129 2392/169/169
f 2392/169/169 928/129/129 72/134/134 926/170/170
f 902/122/122 2392/169/169 926/170/170 60/123/123
f 81/171/171 942/172/172 2393/173/173 940/174/174
f 942/172/172 74/175/175 930/176/176 2393/173/173
f 2393/173/173 930/176/176 73/177/177 943/178/178
f 940/174/174 2393/173/173 943/178/178 79/179/179
f 79/179/179 943/178/178 2394/180/180 939/181/181
f 943/178/178 73/177/177 929/182/182 2394/180/180
f 2394/180/180 929/182/182 75/183/183 950/184/184
f 939/181/181 2394/180/180 950/184/184 84/185/185
f 85/186/186 951/187/187 2395/188/188 955/189/189
f 951/187/187 76/190/190 935/191/191 2395/188/188
f 2395/188/188 935/191/191 78/192/192 934/193/193
f 955/189/189 2395/188/188 934/193/193 87/194/194
f 82/195/195 947/196/196 2396/197/197 949/198/198
f 947/196/196 237/199/199 946/200/200 2396/197/197
f 2396/197/197 946/200/200 235/201/201 938/202/202
f 949/198/198 2396/197/197 938/202/202 80/203/203
f 671/204/204 2085/205/205 2397/206/206 2096/207/207
f 2085/205/205 82/195/195 949/198/198 2397/206/206
f 2397/206/206 949/198/198 80/203/203 2087/208/208
f 2096/207/207 2397/206/206 2087/208/208 673/209/209
f 86/210/210 952/211/211 2398/212/212 954/213/213
f 952/211/211 77/214/214 932/215/215 2398/212/212
f 2398/212/212 932/215/215 76/190/190 951/187/187
f 954/213/213 2398/212/212 951/187/187 85/186/186
f 80/203/203 938/202/202 2399/216/216 945/217/217
f 938/202/202 235/201/201 948/218/218 2399/216/216
f 2399/216/216 948/218/218 238/219/219 944/220/220
f 945/217/217 2399/216/216 944/220/220 83/221/221
f 673/209/209 2087/208/208 2400/222/222 2095/223/223
f 2087/208/208 80/203/203 945/217/217 2400/222/222
f 2400/222/222 945/217/217 83/221/221 937/224/224
f 2095/223/223 2400/222/222 937/224/224 672/225/225
f 74/175/175 933/226/226 2401/227/227 930/176/176
f 933/226/226 86/210/210 954/213/213 2401/227/227
f 2401/227/227 954/213/213 85/186/186 931/228/228
f 930/176/176 2401/227/227 931/228/228 73/177/177
f 73/177/177 931/228/228 2402/229/229 929/182/182
f 931/228/228 85/186/186 955/189/189 2402/229/229
f 2402/229/229 955/189/189 87/194/194 953/230/230
f 929/182/182 2402/229/229 953/230/230 75/183/183
f 96/231/231 969/232/232 2403/233/233 967/234/234
f 969/232/232 89/235/235 957/236/236 2403/233/233
f 2403/233/233 957/236/236 88/237/237 970/238/238
f 967/234/234 2403/233/233 970/238/238 94/239/239
f 94/239/239 970/238/238 2404/240/240 966/241/241
f 970/238/238 88/237/237 956/242/242 2404/240/240
f 2404/240/240 956/242/242 90/243/243 977/244/244
f 966/241/241 2404/240/240 977/244/244 99/245/245
f 100/246/246 978/247/247 2405/248/248 982/249/249
f 978/247/247 91/250/250 962/251/251 2405/248/248
f 2405/248/248 962/251/251 93/252/252 961/253/253
f 982/249/249 2405/248/248 961/253/253 102/254/254
f 97/255/255 974/256/256 2406/257/257 976/258/258
f 974/256/256 255/259/259 973/260/260 2406/257/257
f 2406/257/257 973/260/260 253/261/261 965/262/262
f 976/258/258 2406/257/257 965/262/262 95/263/263
f 683/264/264 2109/265/265 2407/266/266 2120/267/267
f 2109/265/265 97/255/255 976/258/258 2407/266/266
f 2407/266/266 976/258/258 95/263/263 2111/268/268
f 2120/267/267 2407/266/266 2111/268/268 685/269/269
f 101/270/270 979/271/271 2408/272/272 981/273/273
f 979/271/271 92/274/274 959/275/275 2408/272/272
f 2408/272/272 959/275/275 91/250/250 978/247/247
f 981/273/273 2408/272/272 978/247/247 100/246/246
f 95/263/263 965/262/262 2409/276/276 972/277/277
f 965/262/262 253/261/261 975/278/278 2409/276/276
f 2409/276/276 975/278/278 256/279/279 971/280/280
f 972/277/277 2409/276/276 971/280/280 98/281/281
f 685/269/269 2111/268/268 2410/282/282 2119/283/283
f 2111/268/268 95/263/263 972/277/277 2410/282/282
f 2410/282/282 972/277/277 98/281/281 964/284/284
f 2119/283/283 2410/282/282 964/284/284 684/285/285
f 89/235/235 960/286/286 2411/287/287 957/236/236
f 960/286/286 101/270/270 981/273/273 2411/287/287
f 2411/287/287 981/273/273 100/246/246 958/288/288
f 957/236/236 2411/287/287 958/288/288 88/237/237
f 88/237/237 958/288/288 2412/289/289 956/242/242
f 958/288/288 100/246/246 982/249/249 2412/289/289
f 2412/289/289 982/249/249 102/254/254 980/290/290
f 956/242/242 2412/289/289 980/290/290 90/243/243
f 111/291/291 996/292/292 2413/293/293 994/294/294
f 996/292/292 104/295/295 984/296/296 2413/293/293
f 2413/293/293 984/296/296 103/297/297 997/298/298
f 994/294/294 2413/293/293 997/298/298 109/299/299
f 109/299/299 997/298/298 2414/300/300 993/301/301
f 997/298/298 103/297/297 983/302/302 2414/300/300
f 2414/300/300 983/302/302 105/303/303 1004/304/304
f 993/301/301 2414/300/300 1004/304/304 114/305/305
f 115/306/306 1005/307/307 2415/308/308 1009/309/309
f 1005/307/307 106/310/310 989/311/311 2415/308/308
f 2415/308/308 989/311/311 108/312/312 988/313/313
f 1009/309/309 2415/308/308 988/313/313 117/314/314
f 112/315/315 1001/316/316 2416/317/317 1003/318/318
f 1001/316/316 273/319/319 1000/320/320 2416/317/317
f 2416/317/317 1000/320/320 271/321/321 992/322/322
f 1003/318/318 2416/317/317 992/322/322 110/323/323
f 107/324/324 990/325/325 2417/326/326 986/327/327
f 990/325/325 112/315/315 1003/318/318 2417/326/326
f 2417/326/326 1003/318/318 110/323/323 995/328/328
f 986/327/327 2417/326/326 995/328/328 106/310/310
f 116/329/329 1006/330/330 2418/331/331 1008/332/332
f 1006/330/330 107/324/324 986/327/327 2418/331/331
f 2418/331/331 986/327/327 106/310/310 1005/307/307
f 1008/332/332 2418/331/331 1005/307/307 115/306/306
f 110/323/323 992/322/322 2419/333/333 999/334/334
f 992/322/322 271/321/321 1002/335/335 2419/333/333
f 2419/333/333 1002/335/335 274/336/336 998/337/337
f 999/334/334 2419/333/333 998/337/337 113/338/338
f 106/310/310 995/328/328 2420/339/339 989/311/311
f 995/328/328 110/323/323 999/334/334 2420/339/339
f 2420/339/339 999/334/334 113/338/338 991/340/340
f 989/311/311 2420/339/339 991/340/340 108/312/312
f 104/295/295 987/341/341 2421/342/342 984/296/296
f 987/341/341 116/329/329 1008/332/332 2421/342/342
f 2421/342/342 1008/332/332 115/306/306 985/343/343
f 984/296/296 2421/342/342 985/343/343 103/297/297
f 103/297/297 985/343/343 2422/344/344 983/302/302
f 985/343/343 115/306/306 1009/309/309 2422/344/344
f 2422/344/344 1009/309/309 117/314/314 1007/345/345
f 983/302/302 2422/344/344 1007/345/345 105/303/303
f 126/346/346 1023/347/347 2423/348/348 1021/349/349
f 1023/347/347 119/350/350 1011/351/351 2423/348/348
f 2423/348/348 1011/351/351 118/352/352 1024/353/353
f 1021/349/349 2423/348/348 1024/353/353 124/354/354
f 124/354/354 1024/353/353 2424/355/355 1020/356/356
f 1024/353/353 118/352/352 1010/357/357 2424/355/355
f 2424/355/355 1010/357/357 120/358/358 1031/359/359
f 1020/356/356 2424/355/355 1031/359/359 129/360/360
f 744/361/361 2230/362/362 2425/363/363 2240/364/364
f 2230/362/362 121/365/365 1016/366/366 2425/363/363
f 2425/363/363 1016/366/366 123/367/367 1015/368/368
f 2240/364/364 2425/363/363 1015/368/368 743/369/369
f 127/370/370 1028/371/371 2426/372/372 1030/373/373
f 1028/371/371 291/374/374 1027/375/375 2426/372/372
f 2426/372/372 1027/375/375 289/376/376 1019/377/377
f 1030/373/373 2426/372/372 1019/377/377 125/378/378
f 122/379/379 1017/380/380 2427/381/381 1013/382/382
f 1017/380/380 127/370/370 1030/373/373 2427/381/381
f 2427/381/381 1030/373/373 125/378/378 1022/383/383
f 1013/382/382 2427/381/381 1022/383/383 121/365/365
f 745/384/384 2231/385/385 2428/386/386 2239/387/387
f 2231/385/385 122/379/379 1013/382/382 2428/386/386
f 2428/386/386 1013/382/382 121/365/365 2230/362/362
f 2239/387/387 2428/386/386 2230/362/362 744/361/361
f 125/378/378 1019/377/377 2429/388/388 1026/389/389
f 1019/377/377 289/376/376 1029/390/390 2429/388/388
f 2429/388/388 1029/390/390 292/391/391 1025/392/392
f 1026/389/389 2429/388/388 1025/392/392 128/393/393
f 121/365/365 1022/383/383 2430/394/394 1016/366/366
f 1022/383/383 125/378/378 1026/389/389 2430/394/394
f 2430/394/394 1026/389/389 128/393/393 1018/395/395
f 1016/366/366 2430/394/394 1018/395/395 123/367/367
f 119/350/350 1014/396/396 2431/397/397 1011/351/351
f 1014/396/396 131/398/398 1035/399/399 2431/397/397
f 2431/397/397 1035/399/399 130/400/400 1012/401/401
f 1011/351/351 2431/397/397 1012/401/401 118/352/352
f 118/352/352 1012/401/401 2432/402/402 1010/357/357
f 1012/401/401 130/400/400 1036/403/403 2432/402/402
f 2432/402/402 1036/403/403 132/404/404 1034/405/405
f 1010/357/357 2432/402/402 1034/405/405 120/358/358
f 141/406/406 1050/407/407 2433/408/408 1048/409/409
f 1050/407/407 134/410/410 1038/411/411 2433/408/408
f 2433/408/408 1038/411/411 133/412/412 1051/413/413
f 1048/409/409 2433/408/408 1051/413/413 139/414/414
f 139/414/414 1051/413/413 2434/415/415 1047/416/416
f 1051/413/413 133/412/412 1037/417/417 2434/415/415
f 2434/415/415 1037/417/417 135/418/418 1058/419/419
f 1047/416/416 2434/415/415 1058/419/419 144/420/420
f 145/421/421 1059/422/422 2435/423/423 1063/424/424
f 1059/422/422 136/425/425 1043/426/426 2435/423/423
f 2435/423/423 1043/426/426 138/427/427 1042/428/428
f 1063/424/424 2435/423/423 1042/428/428 147/429/429
f 142/430/430 1055/431/431 2436/432/432 1057/433/433
f 1055/431/431 309/434/434 1054/435/435 2436/432/432
f 2436/432/432 1054/435/435 307/436/436 1046/437/437
f 1057/433/433 2436/432/432 1046/437/437 140/438/438
f 137/439/439 1044/440/440 2437/441/441 1040/442/442
f 1044/440/440 142/430/430 1057/433/433 2437/441/441
f 2437/441/441 1057/433/433 140/438/438 1049/443/443
f 1040/442/442 2437/441/441 1049/443/443 136/425/425
f 146/444/444 1060/445/445 2438/446/446 1062/447/447
f 1060/445/445 137/439/439 1040/442/442 2438/446/446
f 2438/446/446 1040/442/442 136/425/425 1059/422/422
f 1062/447/447 2438/446/446 1059/422/422 145/421/421
f 140/438/438 1046/437/437 2439/448/448 1053/449/449
f 1046/437/437 307/436/436 1056/450/450 2439/448/448
f 2439/448/448 1056/450/450 310/451/451 1052/452/452
f 1053/449/449 2439/448/448 1052/452/452 143/453/453
f 136/425/425 1049/443/443 2440/454/454 1043/426/426
f 1049/443/443 140/438/438 1053/449/449 2440/454/454
f 2440/454/454 1053/449/449 143/453/453 1045/455/455
f 1043/426/426 2440/454/454 1045/455/455 138/427/427
f 134/410/410 1041/456/456 2441/457/457 1038/411/411
f 1041/456/456 146/444/444 1062/447/447 2441/457/457
f 2441/457/457 1062/447/447 145/421/421 1039/458/458
f 1038/411/411 2441/457/457 1039/458/458 133/412/412
f 133/412/412 1039/458/458 2442/459/459 1037/417/417
f 1039/458/458 145/421/421 1063/424/424 2442/459/459
f 2442/459/459 1063/424/424 147/429/429 1061/460/460
f 1037/417/417 2442/459/459 1061/460/460 135/418/418
f 156/461/461 1077/462/462 2443/463/463 1075/464/464
f 1077/462/462 149/465/465 1065/466/466 2443/463/463
f 2443/463/463 1065/466/466 148/467/467 1078/468/468
f 1075/464/464 2443/463/463 1078/468/468 154/469/469
f 154/469/469 1078/468/468 2444/470/470 1074/471/471
f 1078/468/468 148/467/467 1064/472/472 2444/470/470
f 2444/470/470 1064/472/472 150/473/473 1085/474/474
f 1074/471/471 2444/470/470 1085/474/474 159/475/475
f 160/476/476 1086/477/477 2445/478/478 1090/479/479
f 1086/477/477 151/480/480 1070/481/481 2445/478/478
f 2445/478/478 1070/481/481 153/482/482 1069/483/483
f 1090/479/479 2445/478/478 1069/483/483 162/484/484
f 157/485/485 1082/486/486 2446/487/487 1084/488/488
f 1082/486/486 327/489/489 1081/490/490 2446/487/487
f 2446/487/487 1081/490/490 325/491/491 1073/492/492
f 1084/488/488 2446/487/487 1073/492/492 155/493/493
f 152/494/494 1071/495/495 2447/496/496 1067/497/497
f 1071/495/495 157/485/485 1084/488/488 2447/496/496
f 2447/496/496 1084/488/488 155/493/493 1076/498/498
f 1067/497/497 2447/496/496 1076/498/498 151/480/480
f 161/499/499 1087/500/500 2448/501/501 1089/502/502
f 1087/500/500 152/494/494 1067/497/497 2448/501/501
f 2448/501/501 1067/497/497 151/480/480 1086/477/477
f 1089/502/502 2448/501/501 1086/477/477 160/476/476
f 155/493/493 1073/492/492 2449/503/503 1080/504/504
f 1073/492/492 325/491/491 1083/505/505 2449/503/503
f 2449/503/503 1083/505/505 328/506/506 1079/507/507
f 1080/504/504 2449/503/503 1079/507/507 158/508/508
f 151/480/480 1076/498/498 2450/509/509 1070/481/481
f 1076/498/498 155/493/493 1080/504/504 2450/509/509
f 2450/509/509 1080/504/504 158/508/508 1072/510/510
f 1070/481/481 2450/509/509 1072/510/510 153/482/482
f 149/465/465 1068/511/511 2451/512/512 1065/466/466
f 1068/511/511 161/499/499 1089/502/502 2451/512/512
f 2451/512/512 1089/502/502 160/476/476 1066/513/513
f 1065/466/466 2451/512/512 1066/513/513 148/467/467
f 148/467/467 1066/513/513 2452/514/514 1064/472/472
f 1066/513/513 160/476/476 1090/479/479 2452/514/514
f 2452/514/514 1090/479/479 162/484/484 1088/515/515
f 1064/472/472 2452/514/514 1088/515/515 150/473/473
f 168/516/516 1099/517/517 2453/518/518 1098/519/519
f 1099/517/517 164/520/520 1092/521/521 2453/518/518
f 2453/518/518 1092/521/521 163/522/522 1100/523/523
f 1098/519/519 2453/518/518 1100/523/523 166/524/524
f 166/524/524 1100/523/523 2454/525/525 1097/526/526
f 1100/523/523 163/522/522 1091/527/527 2454/525/525
f 2454/525/525 1091/527/527 165/528/528 1107/529/529
f 1097/526/526 2454/525/525 1107/529/529 171/530/530
f 169/531/531 1104/532/532 2455/533/533 1106/534/534
f 1104/532/532 342/535/535 1103/536/536 2455/533/533
f 2455/533/533 1103/536/536 340/537/537 1096/538/538
f 1106/534/534 2455/533/533 1096/538/538 167/539/539
f 167/539/539 1102/540/540 2456/541/541 1108/542/542
f 1102/540/540 170/543/543 1095/544/544 2456/541/541
f 2456/541/541 1095/544/544 174/545/545 1112/546/546
f 1108/542/542 2456/541/541 1112/546/546 172/547/547
f 167/539/539 1096/538/538 2457/548/548 1102/540/540
f 1096/538/538 340/537/537 1105/549/549 2457/548/548
f 2457/548/548 1105/549/549 343/550/550 1101/551/551
f 1102/540/540 2457/548/548 1101/551/551 170/543/543
f 164/520/520 1094/552/552 2458/553/553 1092/521/521
f 1094/552/552 173/554/554 1111/555/555 2458/553/553
f 2458/553/553 1111/555/555 172/547/547 1093/556/556
f 1092/521/521 2458/553/553 1093/556/556 163/522/522
f 163/522/522 1093/556/556 2459/557/557 1091/527/527
f 1093/556/556 172/547/547 1112/546/546 2459/557/557
f 2459/557/557 1112/546/546 174/545/545 1110/558/558
f 1091/527/527 2459/557/557 1110/558/558 165/528/528
f 173/554/554 1109/559/559 2460/560/560 1111/555/555
f 1109/559/559 169/531/531 1106/534/534 2460/560/560
f 2460/560/560 1106/534/534 167/539/539 1108/542/542
f 1111/555/555 2460/560/560 1108/542/542 172/547/547
f 198/561/561 1139/562/562 2461/563/563 1142/564/564
f 1139/562/562 176/565/565 1113/566/566 2461/563/563
f 2461/563/563 1113/566/566 179/567/7 858/568/6
f 1142/564/564 2461/563/563 858/568/6 199/5/5
f 717/569/567 2192/570/568 2462/571/569 2173/572/570
f 2192/570/568 713/573/571 2169/574/572 2462/571/569
f 2462/571/569 2169/574/572 176/565/565 1139/562/562
f 2173/572/570 2462/571/569 1139/562/562 198/561/561
f 194/575/573 1130/576/574 2463/577/575 1132/578/576
f 1130/576/574 189/579/577 1133/580/578 2463/577/575
f 2463/577/575 1133/580/578 183/581/579 1120/582/580
f 1132/578/576 2463/577/575 1120/582/580 184/583/581
f 189/579/577 1129/584/582 2464/585/583 1133/580/578
f 1129/584/582 197/586/584 1138/587/585 2464/585/583
f 2464/585/583 1138/587/585 185/588/586 1119/589/587
f 1133/580/578 2464/585/583 1119/589/587 183/581/579
f 207/590/588 1157/591/589 2465/592/590 1153/593/591
f 1157/591/589 209/594/592 1124/595/593 2465/592/590
f 2465/592/590 1124/595/593 188/596/594 1125/597/595
f 1153/593/591 2465/592/590 1125/597/595 186/598/596
f 195/599/597 1137/600/598 2466/601/599 1136/602/600
f 1137/600/598 191/603/601 1128/604/602 2466/601/599
f 2466/601/599 1128/604/602 190/46/46 877/605/45
f 1136/602/600 2466/601/599 877/605/45 192/606/44
f 707/607/603 2168/608/604 2467/609/605 2157/610/606
f 2168/608/604 709/611/607 2159/612/608 2467/609/605
f 2467/609/605 2159/612/608 191/603/601 1137/600/598
f 2157/610/606 2467/609/605 1137/600/598 195/599/597
f 208/613/609 1156/614/610 2468/615/611 1154/616/612
f 1156/614/610 207/590/588 1153/593/591 2468/615/611
f 2468/615/611 1153/593/591 186/598/596 1122/617/613
f 1154/616/612 2468/615/611 1122/617/613 187/618/614
f 191/603/601 1135/619/615 2469/620/616 1128/604/602
f 1135/619/615 196/621/617 1134/622/618 2469/620/616
f 2469/620/616 1134/622/618 193/623/64 879/624/63
f 1128/604/602 2469/620/616 879/624/63 190/46/46
f 709/611/607 2167/625/619 2470/626/620 2159/612/608
f 2167/625/619 708/627/621 1127/628/622 2470/626/620
f 2470/626/620 1127/628/622 196/621/617 1135/619/615
f 2159/612/608 2470/626/620 1135/619/615 191/603/601
f 715/629/623 2190/630/624 2471/631/625 2171/632/626
f 2190/630/624 717/569/567 2173/572/570 2471/631/625
f 2471/631/625 2173/572/570 198/561/561 1117/633/627
f 2171/632/626 2471/631/625 1117/633/627 177/634/628
f 177/634/628 1117/633/627 2472/635/629 1115/636/630
f 1117/633/627 198/561/561 1142/564/564 2472/635/629
f 2472/635/629 1142/564/564 199/5/5 883/637/80
f 1115/636/630 2472/635/629 883/637/80 181/638/79
f 205/639/631 1152/640/632 2473/641/633 1149/642/634
f 1152/640/632 206/643/635 1150/644/636 2473/641/633
f 2473/641/633 1150/644/636 203/645/637 1146/646/638
f 1149/642/634 2473/641/633 1146/646/638 202/647/639
f 206/643/635 1151/648/640 2474/649/641 1150/644/636
f 1151/648/640 204/650/642 1148/651/643 2474/649/641
f 2474/649/641 1148/651/643 201/652/644 1147/653/645
f 1150/644/636 2474/649/641 1147/653/645 203/645/637
f 200/654/646 1140/655/647 2475/656/648 1141/657/649
f 1140/655/647 175/658/650 1114/659/651 2475/656/648
f 2475/656/648 1114/659/651 204/650/642 1151/648/640
f 1141/657/649 2475/656/648 1151/648/640 206/643/635
f 178/660/652 1118/661/653 2476/662/654 1116/663/655
f 1118/661/653 200/654/646 1141/657/649 2476/662/654
f 2476/662/654 1141/657/649 206/643/635 1152/640/632
f 1116/663/655 2476/662/654 1152/640/632 205/639/631
f 184/583/581 1120/582/580 2477/664/656 1123/665/657
f 1120/582/580 183/581/579 1121/666/658 2477/664/656
f 2477/664/656 1121/666/658 207/590/588 1156/614/610
f 1123/665/657 2477/664/656 1156/614/610 208/613/609
f 183/581/579 1119/589/587 2478/667/659 1121/666/658
f 1119/589/587 185/588/586 1155/668/660 2478/667/659
f 2478/667/659 1155/668/660 209/594/592 1157/591/589
f 1121/666/658 2478/667/659 1157/591/589 207/590/588
f 221/669/661 1169/670/662 2479/671/663 1171/672/664
f 1169/670/662 216/673/665 1172/674/666 2479/671/663
f 2479/671/663 1172/674/666 210/675/667 1159/676/668
f 1171/672/664 2479/671/663 1159/676/668 211/677/669
f 216/673/665 1168/678/670 2480/679/671 1172/674/666
f 1168/678/670 224/680/672 1177/681/673 2480/679/671
f 2480/679/671 1177/681/673 212/682/674 1158/683/675
f 1172/674/666 2480/679/671 1158/683/675 210/675/667
f 225/684/676 1182/685/677 2481/686/678 1178/687/679
f 1182/685/677 227/688/680 1163/689/681 2481/686/678
f 2481/686/678 1163/689/681 215/690/682 1164/691/683
f 1178/687/679 2481/686/678 1164/691/683 213/692/684
f 222/693/685 1176/694/686 2482/695/687 1175/696/688
f 1176/694/686 218/697/689 1167/698/690 2482/695/687
f 2482/695/687 1167/698/690 217/141/141 919/699/140
f 1175/696/688 2482/695/687 919/699/140 219/700/139
f 725/701/691 2204/702/692 2483/703/693 2193/704/694
f 2204/702/692 727/705/695 2195/706/696 2483/703/693
f 2483/703/693 2195/706/696 218/697/689 1176/694/686
f 2193/704/694 2483/703/693 1176/694/686 222/693/685
f 226/707/697 1181/708/698 2484/709/699 1179/710/700
f 1181/708/698 225/684/676 1178/687/679 2484/709/699
f 2484/709/699 1178/687/679 213/692/684 1161/711/701
f 1179/710/700 2484/709/699 1161/711/701 214/712/702
f 218/697/689 1174/713/703 2485/714/704 1167/698/690
f 1174/713/703 223/715/705 1173/716/706 2485/714/704
f 2485/714/704 1173/716/706 220/717/159 921/718/158
f 1167/698/690 2485/714/704 921/718/158 217/141/141
f 727/705/695 2203/719/707 2486/720/708 2195/706/696
f 2203/719/707 726/721/709 1166/722/710 2486/720/708
f 2486/720/708 1166/722/710 223/715/705 1174/713/703
f 2195/706/696 2486/720/708 1174/713/703 218/697/689
f 211/677/669 1159/676/668 2487/723/711 1162/724/712
f 1159/676/668 210/675/667 1160/725/713 2487/723/711
f 2487/723/711 1160/725/713 225/684/676 1181/708/698
f 1162/724/712 2487/723/711 1181/708/698 226/707/697
f 210/675/667 1158/683/675 2488/726/714 1160/725/713
f 1158/683/675 212/682/674 1180/727/715 2488/726/714
f 2488/726/714 1180/727/715 227/688/680 1182/685/677
f 1160/725/713 2488/726/714 1182/685/677 225/684/676
f 239/728/716 1194/729/717 2489/730/718 1196/731/719
f 1194/729/717 234/732/720 1197/733/721 2489/730/718
f 2489/730/718 1197/733/721 228/734/722 1184/735/723
f 1196/731/719 2489/730/718 1184/735/723 229/736/724
f 234/732/720 1193/737/725 2490/738/726 1197/733/721
f 1193/737/725 242/739/727 1202/740/728 2490/738/726
f 2490/738/726 1202/740/728 230/741/729 1183/742/730
f 1197/733/721 2490/738/726 1183/742/730 228/734/722
f 243/743/731 1207/744/732 2491/745/733 1203/746/734
f 1207/744/732 245/747/735 1188/748/736 2491/745/733
f 2491/745/733 1188/748/736 233/749/737 1189/750/738
f 1203/746/734 2491/745/733 1189/750/738 231/751/739
f 240/752/740 1201/753/741 2492/754/742 1200/755/743
f 1201/753/741 236/756/744 1192/757/745 2492/754/742
f 2492/754/742 1192/757/745 235/201/201 946/758/200
f 1200/755/743 2492/754/742 946/758/200 237/759/199
f 731/760/746 2216/761/747 2493/762/748 2205/763/749
f 2216/761/747 733/764/750 2207/765/751 2493/762/748
f 2493/762/748 2207/765/751 236/756/744 1201/753/741
f 2205/763/749 2493/762/748 1201/753/741 240/752/740
f 244/766/752 1206/767/753 2494/768/754 1204/769/755
f 1206/767/753 243/743/731 1203/746/734 2494/768/754
f 2494/768/754 1203/746/734 231/751/739 1186/770/756
f 1204/769/755 2494/768/754 1186/770/756 232/771/757
f 236/756/744 1199/772/758 2495/773/759 1192/757/745
f 1199/772/758 241/774/760 1198/775/761 2495/773/759
f 2495/773/759 1198/775/761 238/776/219 948/777/218
f 1192/757/745 2495/773/759 948/777/218 235/201/201
f 733/764/750 2215/778/762 2496/779/763 2207/765/751
f 2215/778/762 732/780/764 1191/781/765 2496/779/763
f 2496/779/763 1191/781/765 241/774/760 1199/772/758
f 2207/765/751 2496/779/763 1199/772/758 236/756/744
f 229/736/724 1184/735/723 2497/782/766 1187/783/767
f 1184/735/723 228/734/722 1185/784/768 2497/782/766
f 2497/782/766 1185/784/768 243/743/731 1206/767/753
f 1187/783/767 2497/782/766 1206/767/753 244/766/752
f 228/734/722 1183/742/730 2498/785/769 1185/784/768
f 1183/742/730 230/741/729 1205/786/770 2498/785/769
f 2498/785/769 1205/786/770 245/747/735 1207/744/732
f 1185/784/768 2498/785/769 1207/744/732 243/743/731
f 257/787/771 1219/788/772 2499/789/773 1221/790/774
f 1219/788/772 252/791/775 1222/792/776 2499/789/773
f 2499/789/773 1222/792/776 246/793/777 1209/794/778
f 1221/790/774 2499/789/773 1209/794/778 247/795/779
f 252/791/775 1218/796/780 2500/797/781 1222/792/776
f 1218/796/780 260/798/782 1227/799/783 2500/797/781
f 2500/797/781 1227/799/783 248/800/784 1208/801/785
f 1222/792/776 2500/797/781 1208/801/785 246/793/777
f 261/802/786 1232/803/787 2501/804/788 1228/805/789
f 1232/803/787 263/806/790 1213/807/791 2501/804/788
f 2501/804/788 1213/807/791 251/808/792 1214/809/793
f 1228/805/789 2501/804/788 1214/809/793 249/810/794
f 258/811/795 1226/812/796 2502/813/797 1225/814/798
f 1226/812/796 254/815/799 1217/816/800 2502/813/797
f 2502/813/797 1217/816/800 253/261/261 973/817/260
f 1225/814/798 2502/813/797 973/817/260 255/818/259
f 737/819/801 2228/820/802 2503/821/803 2217/822/804
f 2228/820/802 739/823/805 2219/824/806 2503/821/803
f 2503/821/803 2219/824/806 254/815/799 1226/812/796
f 2217/822/804 2503/821/803 1226/812/796 258/811/795
f 262/825/807 1231/826/808 2504/827/809 1229/828/810
f 1231/826/808 261/802/786 1228/805/789 2504/827/809
f 2504/827/809 1228/805/789 249/810/794 1211/829/811
f 1229/828/810 2504/827/809 1211/829/811 250/830/812
f 254/815/799 1224/831/813 2505/832/814 1217/816/800
f 1224/831/813 259/833/815 1223/834/816 2505/832/814
f 2505/832/814 1223/834/816 256/835/279 975/836/278
f 1217/816/800 2505/832/814 975/836/278 253/261/261
f 739/823/805 2227/837/817 2506/838/818 2219/824/806
f 2227/837/817 738/839/819 1216/840/820 2506/838/818
f 2506/838/818 1216/840/820 259/833/815 1224/831/813
f 2219/824/806 2506/838/818 1224/831/813 254/815/799
f 247/795/779 1209/794/778 2507/841/821 1212/842/822
f 1209/794/778 246/793/777 1210/843/823 2507/841/821
f 2507/841/821 1210/843/823 261/802/786 1231/826/808
f 1212/842/822 2507/841/821 1231/826/808 262/825/807
f 246/793/777 1208/801/785 2508/844/824 1210/843/823
f 1208/801/785 248/800/784 1230/845/825 2508/844/824
f 2508/844/824 1230/845/825 263/806/790 1232/803/787
f 1210/843/823 2508/844/824 1232/803/787 261/802/786
f 275/846/826 1244/847/827 2509/848/828 1246/849/829
f 1244/847/827 270/850/830 1247/851/831 2509/848/828
f 2509/848/828 1247/851/831 264/852/832 1234/853/833
f 1246/849/829 2509/848/828 1234/853/833 265/854/834
f 270/850/830 1243/855/835 2510/856/836 1247/851/831
f 1243/855/835 278/857/837 1252/858/838 2510/856/836
f 2510/856/836 1252/858/838 266/859/839 1233/860/840
f 1247/851/831 2510/856/836 1233/860/840 264/852/832
f 279/861/841 1257/862/842 2511/863/843 1253/864/844
f 1257/862/842 281/865/845 1238/866/846 2511/863/843
f 2511/863/843 1238/866/846 269/867/847 1239/868/848
f 1253/864/844 2511/863/843 1239/868/848 267/869/849
f 276/870/850 1251/871/851 2512/872/852 1250/873/853
f 1251/871/851 272/874/854 1242/875/855 2512/872/852
f 2512/872/852 1242/875/855 271/321/321 1000/876/320
f 1250/873/853 2512/872/852 1000/876/320 273/877/319
f 268/878/856 1236/879/857 2513/880/858 1240/881/859
f 1236/879/857 267/869/849 1245/882/860 2513/880/858
f 2513/880/858 1245/882/860 272/874/854 1251/871/851
f 1240/881/859 2513/880/858 1251/871/851 276/870/850
f 280/883/861 1256/884/862 2514/885/863 1254/886/864
f 1256/884/862 279/861/841 1253/864/844 2514/885/863
f 2514/885/863 1253/864/844 267/869/849 1236/879/857
f 1254/886/864 2514/885/863 1236/879/857 268/878/856
f 272/874/854 1249/887/865 2515/888/866 1242/875/855
f 1249/887/865 277/889/867 1248/890/868 2515/888/866
f 2515/888/866 1248/890/868 274/891/336 1002/892/335
f 1242/875/855 2515/888/866 1002/892/335 271/321/321
f 267/869/849 1239/868/848 2516/893/869 1245/882/860
f 1239/868/848 269/867/847 1241/894/870 2516/893/869
f 2516/893/869 1241/894/870 277/889/867 1249/887/865
f 1245/882/860 2516/893/869 1249/887/865 272/874/854
f 265/854/834 1234/853/833 2517/895/871 1237/896/872
f 1234/853/833 264/852/832 1235/897/873 2517/895/871
f 2517/895/871 1235/897/873 279/861/841 1256/884/862
f 1237/896/872 2517/895/871 1256/884/862 280/883/861
f 264/852/832 1233/860/840 2518/898/874 1235/897/873
f 1233/860/840 266/859/839 1255/899/875 2518/898/874
f 2518/898/874 1255/899/875 281/865/845 1257/862/842
f 1235/897/873 2518/898/874 1257/862/842 279/861/841
f 293/900/876 1269/901/877 2519/902/878 1271/903/879
f 1269/901/877 288/904/880 1272/905/881 2519/902/878
f 2519/902/878 1272/905/881 282/906/882 1259/907/883
f 1271/903/879 2519/902/878 1259/907/883 283/908/884
f 288/904/880 1268/909/885 2520/910/886 1272/905/881
f 1268/909/885 296/911/887 1277/912/888 2520/910/886
f 2520/910/886 1277/912/888 284/913/889 1258/914/890
f 1272/905/881 2520/910/886 1258/914/890 282/906/882
f 750/915/891 2252/916/892 2521/917/893 2242/918/894
f 2252/916/892 749/919/895 1263/920/896 2521/917/893
f 2521/917/893 1263/920/896 287/921/897 1264/922/898
f 2242/918/894 2521/917/893 1264/922/898 285/923/899
f 294/924/900 1276/925/901 2522/926/902 1275/927/903
f 1276/925/901 290/928/904 1267/929/905 2522/926/902
f 2522/926/902 1267/929/905 289/376/376 1027/930/375
f 1275/927/903 2522/926/902 1027/930/375 291/931/374
f 286/932/906 1261/933/907 2523/934/908 1265/935/909
f 1261/933/907 285/923/899 1270/936/910 2523/934/908
f 2523/934/908 1270/936/910 290/928/904 1276/925/901
f 1265/935/909 2523/934/908 1276/925/901 294/924/900
f 751/937/911 2251/938/912 2524/939/913 2243/940/914
f 2251/938/912 750/915/891 2242/918/894 2524/939/913
f 2524/939/913 2242/918/894 285/923/899 1261/933/907
f 2243/940/914 2524/939/913 1261/933/907 286/932/906
f 290/928/904 1274/941/915 2525/942/916 1267/929/905
f 1274/941/915 295/943/917 1273/944/918 2525/942/916
f 2525/942/916 1273/944/918 292/945/391 1029/946/390
f 1267/929/905 2525/942/916 1029/946/390 289/376/376
f 285/923/899 1264/922/898 2526/947/919 1270/936/910
f 1264/922/898 287/921/897 1266/948/920 2526/947/919
f 2526/947/919 1266/948/920 295/943/917 1274/941/915
f 1270/936/910 2526/947/919 1274/941/915 290/928/904
f 283/908/884 1259/907/883 2527/949/921 1262/950/922
f 1259/907/883 282/906/882 1260/951/923 2527/949/921
f 2527/949/921 1260/951/923 297/952/924 1281/953/925
f 1262/950/922 2527/949/921 1281/953/925 298/954/926
f 282/906/882 1258/914/890 2528/955/927 1260/951/923
f 1258/914/890 284/913/889 1280/956/928 2528/955/927
f 2528/955/927 1280/956/928 299/957/929 1282/958/930
f 1260/951/923 2528/955/927 1282/958/930 297/952/924
f 311/959/931 1294/960/932 2529/961/933 1296/962/934
f 1294/960/932 306/963/935 1297/964/936 2529/961/933
f 2529/961/933 1297/964/936 300/965/937 1284/966/938
f 1296/962/934 2529/961/933 1284/966/938 301/967/939
f 306/963/935 1293/968/940 2530/969/941 1297/964/936
f 1293/968/940 314/970/942 1302/971/943 2530/969/941
f 2530/969/941 1302/971/943 302/972/944 1283/973/945
f 1297/964/936 2530/969/941 1283/973/945 300/965/937
f 315/974/946 1307/975/947 2531/976/948 1303/977/949
f 1307/975/947 317/978/950 1288/979/951 2531/976/948
f 2531/976/948 1288/979/951 305/980/952 1289/981/953
f 1303/977/949 2531/976/948 1289/981/953 303/982/954
f 312/983/955 1301/984/956 2532/985/957 1300/986/958
f 1301/984/956 308/987/959 1292/988/960 2532/985/957
f 2532/985/957 1292/988/960 307/436/436 1054/989/435
f 1300/986/958 2532/985/957 1054/989/435 309/990/434
f 304/991/961 1286/992/962 2533/993/963 1290/994/964
f 1286/992/962 303/982/954 1295/995/965 2533/993/963
f 2533/993/963 1295/995/965 308/987/959 1301/984/956
f 1290/994/964 2533/993/963 1301/984/956 312/983/955
f 316/996/966 1306/997/967 2534/998/968 1304/999/969
f 1306/997/967 315/974/946 1303/977/949 2534/998/968
f 2534/998/968 1303/977/949 303/982/954 1286/992/962
f 1304/999/969 2534/998/968 1286/992/962 304/991/961
f 308/987/959 1299/1000/970 2535/1001/971 1292/988/960
f 1299/1000/970 313/1002/972 1298/1003/973 2535/1001/971
f 2535/1001/971 1298/1003/973 310/1004/451 1056/1005/450
f 1292/988/960 2535/1001/971 1056/1005/450 307/436/436
f 303/982/954 1289/981/953 2536/1006/974 1295/995/965
f 1289/981/953 305/980/952 1291/1007/975 2536/1006/974
f 2536/1006/974 1291/1007/975 313/1002/972 1299/1000/970
f 1295/995/965 2536/1006/974 1299/1000/970 308/987/959
f 301/967/939 1284/966/938 2537/1008/976 1287/1009/977
f 1284/966/938 300/965/937 1285/1010/978 2537/1008/976
f 2537/1008/976 1285/1010/978 315/974/946 1306/997/967
f 1287/1009/977 2537/1008/976 1306/997/967 316/996/966
f 300/965/937 1283/973/945 2538/1011/979 1285/1010/978
f 1283/973/945 302/972/944 1305/1012/980 2538/1011/979
f 2538/1011/979 1305/1012/980 317/978/950 1307/975/947
f 1285/1010/978 2538/1011/979 1307/975/947 315/974/946
f 329/1013/981 1319/1014/982 2539/1015/983 1321/1016/984
f 1319/1014/982 324/1017/985 1322/1018/986 2539/1015/983
f 2539/1015/983 1322/1018/986 318/1019/987 1309/1020/988
f 1321/1016/984 2539/1015/983 1309/1020/988 319/1021/989
f 324/1017/985 1318/1022/990 2540/1023/991 1322/1018/986
f 1318/1022/990 332/1024/992 1327/1025/993 2540/1023/991
f 2540/1023/991 1327/1025/993 320/1026/994 1308/1027/995
f 1322/1018/986 2540/1023/991 1308/1027/995 318/1019/987
f 333/1028/996 1332/1029/997 2541/1030/998 1328/1031/999
f 1332/1029/997 335/1032/1000 1313/1033/1001 2541/1030/998
f 2541/1030/998 1313/1033/1001 323/1034/1002 1314/1035/1003
f 1328/1031/999 2541/1030/998 1314/1035/1003 321/1036/1004
f 330/1037/1005 1326/1038/1006 2542/1039/1007 1325/1040/1008
f 1326/1038/1006 326/1041/1009 1317/1042/1010 2542/1039/1007
f 2542/1039/1007 1317/1042/1010 325/491/491 1081/1043/490
f 1325/1040/1008 2542/1039/1007 1081/1043/490 327/1044/489
f 322/1045/1011 1311/1046/1012 2543/1047/1013 1315/1048/1014
f 1311/1046/1012 321/1036/1004 1320/1049/1015 2543/1047/1013
f 2543/1047/1013 1320/1049/1015 326/1041/1009 1326/1038/1006
f 1315/1048/1014 2543/1047/1013 1326/1038/1006 330/1037/1005
f 334/1050/1016 1331/1051/1017 2544/1052/1018 1329/1053/1019
f 1331/1051/1017 333/1028/996 1328/1031/999 2544/1052/1018
f 2544/1052/1018 1328/1031/999 321/1036/1004 1311/1046/1012
f 1329/1053/1019 2544/1052/1018 1311/1046/1012 322/1045/1011
f 326/1041/1009 1324/1054/1020 2545/1055/1021 1317/1042/1010
f 1324/1054/1020 331/1056/1022 1323/1057/1023 2545/1055/1021
f 2545/1055/1021 1323/1057/1023 328/1058/506 1083/1059/505
f 1317/1042/1010 2545/1055/1021 1083/1059/505 325/491/491
f 321/1036/1004 1314/1035/1003 2546/1060/1024 1320/1049/1015
f 1314/1035/1003 323/1034/1002 1316/1061/1025 2546/1060/1024
f 2546/1060/1024 1316/1061/1025 331/1056/1022 1324/1054/1020
f 1320/1049/1015 2546/1060/1024 1324/1054/1020 326/1041/1009
f 319/1021/989 1309/1020/988 2547/1062/1026 1312/1063/1027
f 1309/1020/988 318/1019/987 1310/1064/1028 2547/1062/1026
f 2547/1062/1026 1310/1064/1028 333/1028/996 1331/1051/1017
f 1312/1063/1027 2547/1062/1026 1331/1051/1017 334/1050/1016
f 318/1019/987 1308/1027/995 2548/1065/1029 1310/1064/1028
f 1308/1027/995 320/1026/994 1330/1066/1030 2548/1065/1029
f 2548/1065/1029 1330/1066/1030 335/1032/1000 1332/1029/997
f 1310/1064/1028 2548/1065/1029 1332/1029/997 333/1028/996
f 344/1067/1031 1340/1068/1032 2549/1069/1033 1341/1070/1034
f 1340/1068/1032 339/1071/1035 1342/1072/1036 2549/1069/1033
f 2549/1069/1033 1342/1072/1036 336/1073/1037 1334/1074/1038
f 1341/1070/1034 2549/1069/1033 1334/1074/1038 337/1075/1039
f 339/1071/1035 1339/1076/1040 2550/1077/1041 1342/1072/1036
f 1339/1076/1040 347/1078/1042 1347/1079/1043 2550/1077/1041
f 2550/1077/1041 1347/1079/1043 338/1080/1044 1333/1081/1045
f 1342/1072/1036 2550/1077/1041 1333/1081/1045 336/1073/1037
f 345/1082/1046 1346/1083/1047 2551/1084/1048 1345/1085/1049
f 1346/1083/1047 341/1086/1050 1338/1087/1051 2551/1084/1048
f 2551/1084/1048 1338/1087/1051 340/537/537 1103/1088/536
f 1345/1085/1049 2551/1084/1048 1103/1088/536 342/1089/535
f 341/1086/1050 1348/1090/1052 2552/1091/1053 1344/1092/1054
f 1348/1090/1052 348/1093/1055 1352/1094/1056 2552/1091/1053
f 2552/1091/1053 1352/1094/1056 350/1095/1057 1337/1096/1058
f 1344/1092/1054 2552/1091/1053 1337/1096/1058 346/1097/1059
f 341/1086/1050 1344/1092/1054 2553/1098/1060 1338/1087/1051
f 1344/1092/1054 346/1097/1059 1343/1099/1061 2553/1098/1060
f 2553/1098/1060 1343/1099/1061 343/1100/550 1105/1101/549
f 1338/1087/1051 2553/1098/1060 1105/1101/549 340/537/537
f 337/1075/1039 1334/1074/1038 2554/1102/1062 1336/1103/1063
f 1334/1074/1038 336/1073/1037 1335/1104/1064 2554/1102/1062
f 2554/1102/1062 1335/1104/1064 348/1093/1055 1351/1105/1065
f 1336/1103/1063 2554/1102/1062 1351/1105/1065 349/1106/1066
f 336/1073/1037 1333/1081/1045 2555/1107/1067 1335/1104/1064
f 1333/1081/1045 338/1080/1044 1350/1108/1068 2555/1107/1067
f 2555/1107/1067 1350/1108/1068 350/1095/1057 1352/1094/1056
f 1335/1104/1064 2555/1107/1067 1352/1094/1056 348/1093/1055
f 349/1106/1066 1351/1105/1065 2556/1109/1069 1349/1110/1070
f 1351/1105/1065 348/1093/1055 1348/1090/1052 2556/1109/1069
f 2556/1109/1069 1348/1090/1052 341/1086/1050 1346/1083/1047
f 1349/1110/1070 2556/1109/1069 1346/1083/1047 345/1082/1046
f 367/1111/1071 1382/1112/1072 2557/1113/1073 1386/1114/1074
f 1382/1112/1072 352/1115/1075 1353/1116/1076 2557/1113/1073
f 2557/1113/1073 1353/1116/1076 499/1117/1077 1358/1118/1078
f 1386/1114/1074 2557/1113/1073 1358/1118/1078 519/1119/1079
f 705/1120/1080 2152/1121/1081 2558/1122/1082 2143/1123/1083
f 2152/1121/1081 701/1124/1084 2139/1125/1085 2558/1122/1082
f 2558/1122/1082 2139/1125/1085 352/1115/1075 1382/1112/1072
f 2143/1123/1083 2558/1122/1082 1382/1112/1072 367/1111/1071
f 363/1126/1086 1371/1127/1087 2559/1128/1088 1373/1129/1089
f 1371/1127/1087 361/1130/1090 1374/1131/1091 2559/1128/1088
f 2559/1128/1088 1374/1131/1091 355/1132/1092 1361/1133/1093
f 1373/1129/1089 2559/1128/1088 1361/1133/1093 356/1134/1094
f 361/1130/1090 1370/1135/1095 2560/1136/1096 1374/1131/1091
f 1370/1135/1095 366/1137/1097 1381/1138/1098 2560/1136/1096
f 2560/1136/1096 1381/1138/1098 357/1139/1099 1360/1140/1100
f 1374/1131/1091 2560/1136/1096 1360/1140/1100 355/1132/1092
f 375/1141/1101 1401/1142/1102 2561/1143/1103 1397/1144/1104
f 1401/1142/1102 377/1145/1105 1365/1146/1106 2561/1143/1103
f 2561/1143/1103 1365/1146/1106 360/1147/1107 1366/1148/1108
f 1397/1144/1104 2561/1143/1103 1366/1148/1108 358/1149/1109
f 364/1150/1110 1380/1151/1111 2562/1152/1112 1378/1153/1113
f 1380/1151/1111 362/1154/1114 1369/1155/1115 2562/1152/1112
f 2562/1152/1112 1369/1155/1115 510/1156/1116 1377/1157/1117
f 1378/1153/1113 2562/1152/1112 1377/1157/1117 512/1158/1118
f 692/1159/1119 2130/1160/1120 2563/1161/1121 2124/1162/1122
f 2130/1160/1120 694/1163/1123 2126/1164/1124 2563/1161/1121
f 2563/1161/1121 2126/1164/1124 362/1154/1114 1380/1151/1111
f 2124/1162/1122 2563/1161/1121 1380/1151/1111 364/1150/1110
f 376/1165/1125 1400/1166/1126 2564/1167/1127 1398/1168/1128
f 1400/1166/1126 375/1141/1101 1397/1144/1104 2564/1167/1127
f 2564/1167/1127 1397/1144/1104 358/1149/1109 1363/1169/1129
f 1398/1168/1128 2564/1167/1127 1363/1169/1129 359/1170/1130
f 362/1154/1114 1376/1171/1131 2565/1172/1132 1369/1155/1115
f 1376/1171/1131 365/1173/1133 1375/1174/1134 2565/1172/1132
f 2565/1172/1132 1375/1174/1134 513/1175/1135 1379/1176/1136
f 1369/1155/1115 2565/1172/1132 1379/1176/1136 510/1156/1116
f 694/1163/1123 2129/1177/1137 2566/1178/1138 2126/1164/1124
f 2129/1177/1137 693/1179/1139 1368/1180/1140 2566/1178/1138
f 2566/1178/1138 1368/1180/1140 365/1173/1133 1376/1171/1131
f 2126/1164/1124 2566/1178/1138 1376/1171/1131 362/1154/1114
f 703/1181/1141 2150/1182/1142 2567/1183/1143 2141/1184/1144
f 2150/1182/1142 705/1120/1080 2143/1123/1083 2567/1183/1143
f 2567/1183/1143 2143/1123/1083 367/1111/1071 1357/1185/1145
f 2141/1184/1144 2567/1183/1143 1357/1185/1145 353/1186/1146
f 353/1186/1146 1357/1185/1145 2568/1187/1147 1355/1188/1148
f 1357/1185/1145 367/1111/1071 1386/1114/1074 2568/1187/1147
f 2568/1187/1147 1386/1114/1074 519/1119/1079 1383/1189/1149
f 1355/1188/1148 2568/1187/1147 1383/1189/1149 501/1190/1150
f 373/1191/1151 1396/1192/1152 2569/1193/1153 1393/1194/1154
f 1396/1192/1152 374/1195/1155 1394/1196/1156 2569/1193/1153
f 2569/1193/1153 1394/1196/1156 371/1197/1157 1390/1198/1158
f 1393/1194/1154 2569/1193/1153 1390/1198/1158 370/1199/1159
f 374/1195/1155 1395/1200/1160 2570/1201/1161 1394/1196/1156
f 1395/1200/1160 372/1202/1162 1392/1203/1163 2570/1201/1161
f 2570/1201/1161 1392/1203/1163 369/1204/1164 1391/1205/1165
f 1394/1196/1156 2570/1201/1161 1391/1205/1165 371/1197/1157
f 368/1206/1166 1384/1207/1167 2571/1208/1168 1385/1209/1169
f 1384/1207/1167 351/1210/1170 1354/1211/1171 2571/1208/1168
f 2571/1208/1168 1354/1211/1171 372/1202/1162 1395/1200/1160
f 1385/1209/1169 2571/1208/1168 1395/1200/1160 374/1195/1155
f 354/1212/1172 1359/1213/1173 2572/1214/1174 1356/1215/1175
f 1359/1213/1173 368/1206/1166 1385/1209/1169 2572/1214/1174
f 2572/1214/1174 1385/1209/1169 374/1195/1155 1396/1192/1152
f 1356/1215/1175 2572/1214/1174 1396/1192/1152 373/1191/1151
f 356/1134/1094 1361/1133/1093 2573/1216/1176 1364/1217/1177
f 1361/1133/1093 355/1132/1092 1362/1218/1178 2573/1216/1176
f 2573/1216/1176 1362/1218/1178 375/1141/1101 1400/1166/1126
f 1364/1217/1177 2573/1216/1176 1400/1166/1126 376/1165/1125
f 355/1132/1092 1360/1140/1100 2574/1219/1179 1362/1218/1178
f 1360/1140/1100 357/1139/1099 1399/1220/1180 2574/1219/1179
f 2574/1219/1179 1399/1220/1180 377/1145/1105 1401/1142/1102
f 1362/1218/1178 2574/1219/1179 1401/1142/1102 375/1141/1101
f 386/1221/1181 1413/1222/1182 2575/1223/1183 1415/1224/1184
f 1413/1222/1182 384/1225/1185 1416/1226/1186 2575/1223/1183
f 2575/1223/1183 1416/1226/1186 378/1227/1187 1403/1228/1188
f 1415/1224/1184 2575/1223/1183 1403/1228/1188 379/1229/1189
f 384/1225/1185 1412/1230/1190 2576/1231/1191 1416/1226/1186
f 1412/1230/1190 389/1232/1192 1423/1233/1193 2576/1231/1191
f 2576/1231/1191 1423/1233/1193 380/1234/1194 1402/1235/1195
f 1416/1226/1186 2576/1231/1191 1402/1235/1195 378/1227/1187
f 390/1236/1196 1428/1237/1197 2577/1238/1198 1424/1239/1199
f 1428/1237/1197 392/1240/1200 1407/1241/1201 2577/1238/1198
f 2577/1238/1198 1407/1241/1201 383/1242/1202 1408/1243/1203
f 1424/1239/1199 2577/1238/1198 1408/1243/1203 381/1244/1204
f 387/1245/1205 1422/1246/1206 2578/1247/1207 1420/1248/1208
f 1422/1246/1206 385/1249/1209 1411/1250/1210 2578/1247/1207
f 2578/1247/1207 1411/1250/1210 537/1251/1211 1419/1252/1212
f 1420/1248/1208 2578/1247/1207 1419/1252/1212 539/1253/1213
f 680/1254/1214 2106/1255/1215 2579/1256/1216 2100/1257/1217
f 2106/1255/1215 682/1258/1218 2102/1259/1219 2579/1256/1216
f 2579/1256/1216 2102/1259/1219 385/1249/1209 1422/1246/1206
f 2100/1257/1217 2579/1256/1216 1422/1246/1206 387/1245/1205
f 391/1260/1220 1427/1261/1221 2580/1262/1222 1425/1263/1223
f 1427/1261/1221 390/1236/1196 1424/1239/1199 2580/1262/1222
f 2580/1262/1222 1424/1239/1199 381/1244/1204 1405/1264/1224
f 1425/1263/1223 2580/1262/1222 1405/1264/1224 382/1265/1225
f 385/1249/1209 1418/1266/1226 2581/1267/1227 1411/1250/1210
f 1418/1266/1226 388/1268/1228 1417/1269/1229 2581/1267/1227
f 2581/1267/1227 1417/1269/1229 540/1270/1230 1421/1271/1231
f 1411/1250/1210 2581/1267/1227 1421/1271/1231 537/1251/1211
f 682/1258/1218 2105/1272/1232 2582/1273/1233 2102/1259/1219
f 2105/1272/1232 681/1274/1234 1410/1275/1235 2582/1273/1233
f 2582/1273/1233 1410/1275/1235 388/1268/1228 1418/1266/1226
f 2102/1259/1219 2582/1273/1233 1418/1266/1226 385/1249/1209
f 379/1229/1189 1403/1228/1188 2583/1276/1236 1406/1277/1237
f 1403/1228/1188 378/1227/1187 1404/1278/1238 2583/1276/1236
f 2583/1276/1236 1404/1278/1238 390/1236/1196 1427/1261/1221
f 1406/1277/1237 2583/1276/1236 1427/1261/1221 391/1260/1220
f 378/1227/1187 1402/1235/1195 2584/1279/1239 1404/1278/1238
f 1402/1235/1195 380/1234/1194 1426/1280/1240 2584/1279/1239
f 2584/1279/1239 1426/1280/1240 392/1240/1200 1428/1237/1197
f 1404/1278/1238 2584/1279/1239 1428/1237/1197 390/1236/1196
f 401/1281/1241 1440/1282/1242 2585/1283/1243 1442/1284/1244
f 1440/1282/1242 399/1285/1245 1443/1286/1246 2585/1283/1243
f 2585/1283/1243 1443/1286/1246 393/1287/1247 1430/1288/1248
f 1442/1284/1244 2585/1283/1243 1430/1288/1248 394/1289/1249
f 399/1285/1245 1439/1290/1250 2586/1291/1251 1443/1286/1246
f 1439/1290/1250 404/1292/1252 1450/1293/1253 2586/1291/1251
f 2586/1291/1251 1450/1293/1253 395/1294/1254 1429/1295/1255
f 1443/1286/1246 2586/1291/1251 1429/1295/1255 393/1287/1247
f 405/1296/1256 1455/1297/1257 2587/1298/1258 1451/1299/1259
f 1455/1297/1257 407/1300/1260 1434/1301/1261 2587/1298/1258
f 2587/1298/1258 1434/1301/1261 398/1302/1262 1435/1303/1263
f 1451/1299/1259 2587/1298/1258 1435/1303/1263 396/1304/1264
f 402/1305/1265 1449/1306/1266 2588/1307/1267 1447/1308/1268
f 1449/1306/1266 400/1309/1269 1438/1310/1270 2588/1307/1267
f 2588/1307/1267 1438/1310/1270 555/1311/1271 1446/1312/1272
f 1447/1308/1268 2588/1307/1267 1446/1312/1272 557/1313/1273
f 674/1314/1274 2094/1315/1275 2589/1316/1276 2088/1317/1277
f 2094/1315/1275 676/1318/1278 2090/1319/1279 2589/1316/1276
f 2589/1316/1276 2090/1319/1279 400/1309/1269 1449/1306/1266
f 2088/1317/1277 2589/1316/1276 1449/1306/1266 402/1305/1265
f 406/1320/1280 1454/1321/1281 2590/1322/1282 1452/1323/1283
f 1454/1321/1281 405/1296/1256 1451/1299/1259 2590/1322/1282
f 2590/1322/1282 1451/1299/1259 396/1304/1264 1432/1324/1284
f 1452/1323/1283 2590/1322/1282 1432/1324/1284 397/1325/1285
f 400/1309/1269 1445/1326/1286 2591/1327/1287 1438/1310/1270
f 1445/1326/1286 403/1328/1288 1444/1329/1289 2591/1327/1287
f 2591/1327/1287 1444/1329/1289 558/1330/1290 1448/1331/1291
f 1438/1310/1270 2591/1327/1287 1448/1331/1291 555/1311/1271
f 676/1318/1278 2093/1332/1292 2592/1333/1293 2090/1319/1279
f 2093/1332/1292 675/1334/1294 1437/1335/1295 2592/1333/1293
f 2592/1333/1293 1437/1335/1295 403/1328/1288 1445/1326/1286
f 2090/1319/1279 2592/1333/1293 1445/1326/1286 400/1309/1269
f 394/1289/1249 1430/1288/1248 2593/1336/1296 1433/1337/1297
f 1430/1288/1248 393/1287/1247 1431/1338/1298 2593/1336/1296
f 2593/1336/1296 1431/1338/1298 405/1296/1256 1454/1321/1281
f 1433/1337/1297 2593/1336/1296 1454/1321/1281 406/1320/1280
f 393/1287/1247 1429/1295/1255 2594/1339/1299 1431/1338/1298
f 1429/1295/1255 395/1294/1254 1453/1340/1300 2594/1339/1299
f 2594/1339/1299 1453/1340/1300 407/1300/1260 1455/1297/1257
f 1431/1338/1298 2594/1339/1299 1455/1297/1257 405/1296/1256
f 416/1341/1301 1467/1342/1302 2595/1343/1303 1469/1344/1304
f 1467/1342/1302 414/1345/1305 1470/1346/1306 2595/1343/1303
f 2595/1343/1303 1470/1346/1306 408/1347/1307 1457/1348/1308
f 1469/1344/1304 2595/1343/1303 1457/1348/1308 409/1349/1309
f 414/1345/1305 1466/1350/1310 2596/1351/1311 1470/1346/1306
f 1466/1350/1310 419/1352/1312 1477/1353/1313 2596/1351/1311
f 2596/1351/1311 1477/1353/1313 410/1354/1314 1456/1355/1315
f 1470/1346/1306 2596/1351/1311 1456/1355/1315 408/1347/1307
f 420/1356/1316 1482/1357/1317 2597/1358/1318 1478/1359/1319
f 1482/1357/1317 422/1360/1320 1461/1361/1321 2597/1358/1318
f 2597/1358/1318 1461/1361/1321 413/1362/1322 1462/1363/1323
f 1478/1359/1319 2597/1358/1318 1462/1363/1323 411/1364/1324
f 417/1365/1325 1476/1366/1326 2598/1367/1327 1474/1368/1328
f 1476/1366/1326 415/1369/1329 1465/1370/1330 2598/1367/1327
f 2598/1367/1327 1465/1370/1330 573/1371/1331 1473/1372/1332
f 1474/1368/1328 2598/1367/1327 1473/1372/1332 575/1373/1333
f 686/1374/1334 2118/1375/1335 2599/1376/1336 2112/1377/1337
f 2118/1375/1335 688/1378/1338 2114/1379/1339 2599/1376/1336
f 2599/1376/1336 2114/1379/1339 415/1369/1329 1476/1366/1326
f 2112/1377/1337 2599/1376/1336 1476/1366/1326 417/1365/1325
f 421/1380/1340 1481/1381/1341 2600/1382/1342 1479/1383/1343
f 1481/1381/1341 420/1356/1316 1478/1359/1319 2600/1382/1342
f 2600/1382/1342 1478/1359/1319 411/1364/1324 1459/1384/1344
f 1479/1383/1343 2600/1382/1342 1459/1384/1344 412/1385/1345
f 415/1369/1329 1472/1386/1346 2601/1387/1347 1465/1370/1330
f 1472/1386/1346 418/1388/1348 1471/1389/1349 2601/1387/1347
f 2601/1387/1347 1471/1389/1349 576/1390/1350 1475/1391/1351
f 1465/1370/1330 2601/1387/1347 1475/1391/1351 573/1371/1331
f 688/1378/1338 2117/1392/1352 2602/1393/1353 2114/1379/1339
f 2117/1392/1352 687/1394/1354 1464/1395/1355 2602/1393/1353
f 2602/1393/1353 1464/1395/1355 418/1388/1348 1472/1386/1346
f 2114/1379/1339 2602/1393/1353 1472/1386/1346 415/1369/1329
f 409/1349/1309 1457/1348/1308 2603/1396/1356 1460/1397/1357
f 1457/1348/1308 408/1347/1307 1458/1398/1358 2603/1396/1356
f 2603/1396/1356 1458/1398/1358 420/1356/1316 1481/1381/1341
f 1460/1397/1357 2603/1396/1356 1481/1381/1341 421/1380/1340
f 408/1347/1307 1456/1355/1315 2604/1399/1359 1458/1398/1358
f 1456/1355/1315 410/1354/1314 1480/1400/1360 2604/1399/1359
f 2604/1399/1359 1480/1400/1360 422/1360/1320 1482/1357/1317
f 1458/1398/1358 2604/1399/1359 1482/1357/1317 420/1356/1316
f 431/1401/1361 1494/1402/1362 2605/1403/1363 1496/1404/1364
f 1494/1402/1362 429/1405/1365 1497/1406/1366 2605/1403/1363
f 2605/1403/1363 1497/1406/1366 423/1407/1367 1484/1408/1368
f 1496/1404/1364 2605/1403/1363 1484/1408/1368 424/1409/1369
f 429/1405/1365 1493/1410/1370 2606/1411/1371 1497/1406/1366
f 1493/1410/1370 434/1412/1372 1504/1413/1373 2606/1411/1371
f 2606/1411/1371 1504/1413/1373 425/1414/1374 1483/1415/1375
f 1497/1406/1366 2606/1411/1371 1483/1415/1375 423/1407/1367
f 435/1416/1376 1509/1417/1377 2607/1418/1378 1505/1419/1379
f 1509/1417/1377 437/1420/1380 1488/1421/1381 2607/1418/1378
f 2607/1418/1378 1488/1421/1381 428/1422/1382 1489/1423/1383
f 1505/1419/1379 2607/1418/1378 1489/1423/1383 426/1424/1384
f 432/1425/1385 1503/1426/1386 2608/1427/1387 1501/1428/1388
f 1503/1426/1386 430/1429/1389 1492/1430/1390 2608/1427/1387
f 2608/1427/1387 1492/1430/1390 591/1431/1391 1500/1432/1392
f 1501/1428/1388 2608/1427/1387 1500/1432/1392 593/1433/1393
f 427/1434/1394 1486/1435/1395 2609/1436/1396 1490/1437/1397
f 1486/1435/1395 426/1424/1384 1495/1438/1398 2609/1436/1396
f 2609/1436/1396 1495/1438/1398 430/1429/1389 1503/1426/1386
f 1490/1437/1397 2609/1436/1396 1503/1426/1386 432/1425/1385
f 436/1439/1399 1508/1440/1400 2610/1441/1401 1506/1442/1402
f 1508/1440/1400 435/1416/1376 1505/1419/1379 2610/1441/1401
f 2610/1441/1401 1505/1419/1379 426/1424/1384 1486/1435/1395
f 1506/1442/1402 2610/1441/1401 1486/1435/1395 427/1434/1394
f 430/1429/1389 1499/1443/1403 2611/1444/1404 1492/1430/1390
f 1499/1443/1403 433/1445/1405 1498/1446/1406 2611/1444/1404
f 2611/1444/1404 1498/1446/1406 594/1447/1407 1502/1448/1408
f 1492/1430/1390 2611/1444/1404 1502/1448/1408 591/1431/1391
f 426/1424/1384 1489/1423/1383 2612/1449/1409 1495/1438/1398
f 1489/1423/1383 428/1422/1382 1491/1450/1410 2612/1449/1409
f 2612/1449/1409 1491/1450/1410 433/1445/1405 1499/1443/1403
f 1495/1438/1398 2612/1449/1409 1499/1443/1403 430/1429/1389
f 424/1409/1369 1484/1408/1368 2613/1451/1411 1487/1452/1412
f 1484/1408/1368 423/1407/1367 1485/1453/1413 2613/1451/1411
f 2613/1451/1411 1485/1453/1413 435/1416/1376 1508/1440/1400
f 1487/1452/1412 2613/1451/1411 1508/1440/1400 436/1439/1399
f 423/1407/1367 1483/1415/1375 2614/1454/1414 1485/1453/1413
f 1483/1415/1375 425/1414/1374 1507/1455/1415 2614/1454/1414
f 2614/1454/1414 1507/1455/1415 437/1420/1380 1509/1417/1377
f 1485/1453/1413 2614/1454/1414 1509/1417/1377 435/1416/1376
f 446/1456/1416 1521/1457/1417 2615/1458/1418 1523/1459/1419
f 1521/1457/1417 444/1460/1420 1524/1461/1421 2615/1458/1418
f 2615/1458/1418 1524/1461/1421 438/1462/1422 1511/1463/1423
f 1523/1459/1419 2615/1458/1418 1511/1463/1423 439/1464/1424
f 444/1460/1420 1520/1465/1425 2616/1466/1426 1524/1461/1421
f 1520/1465/1425 449/1467/1427 1531/1468/1428 2616/1466/1426
f 2616/1466/1426 1531/1468/1428 440/1469/1429 1510/1470/1430
f 1524/1461/1421 2616/1466/1426 1510/1470/1430 438/1462/1422
f 747/1471/1431 2238/1472/1432 2617/1473/1433 2233/1474/1434
f 2238/1472/1432 746/1475/1435 1515/1476/1436 2617/1473/1433
f 2617/1473/1433 1515/1476/1436 443/1477/1437 1516/1478/1438
f 2233/1474/1434 2617/1473/1433 1516/1478/1438 441/1479/1439
f 447/1480/1440 1530/1481/1441 2618/1482/1442 1528/1483/1443
f 1530/1481/1441 445/1484/1444 1519/1485/1445 2618/1482/1442
f 2618/1482/1442 1519/1485/1445 609/1486/1446 1527/1487/1447
f 1528/1483/1443 2618/1482/1442 1527/1487/1447 611/1488/1448
f 442/1489/1449 1513/1490/1450 2619/1491/1451 1517/1492/1452
f 1513/1490/1450 441/1479/1439 1522/1493/1453 2619/1491/1451
f 2619/1491/1451 1522/1493/1453 445/1484/1444 1530/1481/1441
f 1517/1492/1452 2619/1491/1451 1530/1481/1441 447/1480/1440
f 748/1494/1454 2237/1495/1455 2620/1496/1456 2234/1497/1457
f 2237/1495/1455 747/1471/1431 2233/1474/1434 2620/1496/1456
f 2620/1496/1456 2233/1474/1434 441/1479/1439 1513/1490/1450
f 2234/1497/1457 2620/1496/1456 1513/1490/1450 442/1489/1449
f 445/1484/1444 1526/1498/1458 2621/1499/1459 1519/1485/1445
f 1526/1498/1458 448/1500/1460 1525/1501/1461 2621/1499/1459
f 2621/1499/1459 1525/1501/1461 612/1502/1462 1529/1503/1463
f 1519/1485/1445 2621/1499/1459 1529/1503/1463 609/1486/1446
f 441/1479/1439 1516/1478/1438 2622/1504/1464 1522/1493/1453
f 1516/1478/1438 443/1477/1437 1518/1505/1465 2622/1504/1464
f 2622/1504/1464 1518/1505/1465 448/1500/1460 1526/1498/1458
f 1522/1493/1453 2622/1504/1464 1526/1498/1458 445/1484/1444
f 439/1464/1424 1511/1463/1423 2623/1506/1466 1514/1507/1467
f 1511/1463/1423 438/1462/1422 1512/1508/1468 2623/1506/1466
f 2623/1506/1466 1512/1508/1468 450/1509/1469 1535/1510/1470
f 1514/1507/1467 2623/1506/1466 1535/1510/1470 451/1511/1471
f 438/1462/1422 1510/1470/1430 2624/1512/1472 1512/1508/1468
f 1510/1470/1430 440/1469/1429 1534/1513/1473 2624/1512/1472
f 2624/1512/1472 1534/1513/1473 452/1514/1474 1536/1515/1475
f 1512/1508/1468 2624/1512/1472 1536/1515/1475 450/1509/1469
f 461/1516/1476 1548/1517/1477 2625/1518/1478 1550/1519/1479
f 1548/1517/1477 459/1520/1480 1551/1521/1481 2625/1518/1478
f 2625/1518/1478 1551/1521/1481 453/1522/1482 1538/1523/1483
f 1550/1519/1479 2625/1518/1478 1538/1523/1483 454/1524/1484
f 459/1520/1480 1547/1525/1485 2626/1526/1486 1551/1521/1481
f 1547/1525/1485 464/1527/1487 1558/1528/1488 2626/1526/1486
f 2626/1526/1486 1558/1528/1488 455/1529/1489 1537/1530/1490
f 1551/1521/1481 2626/1526/1486 1537/1530/1490 453/1522/1482
f 465/1531/1491 1563/1532/1492 2627/1533/1493 1559/1534/1494
f 1563/1532/1492 467/1535/1495 1542/1536/1496 2627/1533/1493
f 2627/1533/1493 1542/1536/1496 458/1537/1497 1543/1538/1498
f 1559/1534/1494 2627/1533/1493 1543/1538/1498 456/1539/1499
f 462/1540/1500 1557/1541/1501 2628/1542/1502 1555/1543/1503
f 1557/1541/1501 460/1544/1504 1546/1545/1505 2628/1542/1502
f 2628/1542/1502 1546/1545/1505 627/1546/1506 1554/1547/1507
f 1555/1543/1503 2628/1542/1502 1554/1547/1507 629/1548/1508
f 457/1549/1509 1540/1550/1510 2629/1551/1511 1544/1552/1512
f 1540/1550/1510 456/1539/1499 1549/1553/1513 2629/1551/1511
f 2629/1551/1511 1549/1553/1513 460/1544/1504 1557/1541/1501
f 1544/1552/1512 2629/1551/1511 1557/1541/1501 462/1540/1500
f 466/1554/1514 1562/1555/1515 2630/1556/1516 1560/1557/1517
f 1562/1555/1515 465/1531/1491 1559/1534/1494 2630/1556/1516
f 2630/1556/1516 1559/1534/1494 456/1539/1499 1540/1550/1510
f 1560/1557/1517 2630/1556/1516 1540/1550/1510 457/1549/1509
f 460/1544/1504 1553/1558/1518 2631/1559/1519 1546/1545/1505
f 1553/1558/1518 463/1560/1520 1552/1561/1521 2631/1559/1519
f 2631/1559/1519 1552/1561/1521 630/1562/1522 1556/1563/1523
f 1546/1545/1505 2631/1559/1519 1556/1563/1523 627/1546/1506
f 456/1539/1499 1543/1538/1498 2632/1564/1524 1549/1553/1513
f 1543/1538/1498 458/1537/1497 1545/1565/1525 2632/1564/1524
f 2632/1564/1524 1545/1565/1525 463/1560/1520 1553/1558/1518
f 1549/1553/1513 2632/1564/1524 1553/1558/1518 460/1544/1504
f 454/1524/1484 1538/1523/1483 2633/1566/1526 1541/1567/1527
f 1538/1523/1483 453/1522/1482 1539/1568/1528 2633/1566/1526
f 2633/1566/1526 1539/1568/1528 465/1531/1491 1562/1555/1515
f 1541/1567/1527 2633/1566/1526 1562/1555/1515 466/1554/1514
f 453/1522/1482 1537/1530/1490 2634/1569/1529 1539/1568/1528
f 1537/1530/1490 455/1529/1489 1561/1570/1530 2634/1569/1529
f 2634/1569/1529 1561/1570/1530 467/1535/1495 1563/1532/1492
f 1539/1568/1528 2634/1569/1529 1563/1532/1492 465/1531/1491
f 476/1571/1531 1575/1572/1532 2635/1573/1533 1577/1574/1534
f 1575/1572/1532 474/1575/1535 1578/1576/1536 2635/1573/1533
f 2635/1573/1533 1578/1576/1536 468/1577/1537 1565/1578/1538
f 1577/1574/1534 2635/1573/1533 1565/1578/1538 469/1579/1539
f 474/1575/1535 1574/1580/1540 2636/1581/1541 1578/1576/1536
f 1574/1580/1540 479/1582/1542 1585/1583/1543 2636/1581/1541
f 2636/1581/1541 1585/1583/1543 470/1584/1544 1564/1585/1545
f 1578/1576/1536 2636/1581/1541 1564/1585/1545 468/1577/1537
f 480/1586/1546 1590/1587/1547 2637/1588/1548 1586/1589/1549
f 1590/1587/1547 482/1590/1550 1569/1591/1551 2637/1588/1548
f 2637/1588/1548 1569/1591/1551 473/1592/1552 1570/1593/1553
f 1586/1589/1549 2637/1588/1548 1570/1593/1553 471/1594/1554
f 477/1595/1555 1584/1596/1556 2638/1597/1557 1582/1598/1558
f 1584/1596/1556 475/1599/1559 1573/1600/1560 2638/1597/1557
f 2638/1597/1557 1573/1600/1560 645/1601/1561 1581/1602/1562
f 1582/1598/1558 2638/1597/1557 1581/1602/1562 647/1603/1563
f 472/1604/1564 1567/1605/1565 2639/1606/1566 1571/1607/1567
f 1567/1605/1565 471/1594/1554 1576/1608/1568 2639/1606/1566
f 2639/1606/1566 1576/1608/1568 475/1599/1559 1584/1596/1556
f 1571/1607/1567 2639/1606/1566 1584/1596/1556 477/1595/1555
f 481/1609/1569 1589/1610/1570 2640/1611/1571 1587/1612/1572
f 1589/1610/1570 480/1586/1546 1586/1589/1549 2640/1611/1571
f 2640/1611/1571 1586/1589/1549 471/1594/1554 1567/1605/1565
f 1587/1612/1572 2640/1611/1571 1567/1605/1565 472/1604/1564
f 475/1599/1559 1580/1613/1573 2641/1614/1574 1573/1600/1560
f 1580/1613/1573 478/1615/1575 1579/1616/1576 2641/1614/1574
f 2641/1614/1574 1579/1616/1576 648/1617/1577 1583/1618/1578
f 1573/1600/1560 2641/1614/1574 1583/1618/1578 645/1601/1561
f 471/1594/1554 1570/1593/1553 2642/1619/1579 1576/1608/1568
f 1570/1593/1553 473/1592/1552 1572/1620/1580 2642/1619/1579
f 2642/1619/1579 1572/1620/1580 478/1615/1575 1580/1613/1573
f 1576/1608/1568 2642/1619/1579 1580/1613/1573 475/1599/1559
f 469/1579/1539 1565/1578/1538 2643/1621/1581 1568/1622/1582
f 1565/1578/1538 468/1577/1537 1566/1623/1583 2643/1621/1581
f 2643/1621/1581 1566/1623/1583 480/1586/1546 1589/1610/1570
f 1568/1622/1582 2643/1621/1581 1589/1610/1570 481/1609/1569
f 468/1577/1537 1564/1585/1545 2644/1624/1584 1566/1623/1583
f 1564/1585/1545 470/1584/1544 1588/1625/1585 2644/1624/1584
f 2644/1624/1584 1588/1625/1585 482/1590/1550 1590/1587/1547
f 1566/1623/1583 2644/1624/1584 1590/1587/1547 480/1586/1546
f 488/1626/1586 1598/1627/1587 2645/1628/1588 1599/1629/1589
f 1598/1627/1587 486/1630/1590 1600/1631/1591 2645/1628/1588
f 2645/1628/1588 1600/1631/1591 483/1632/1592 1592/1633/1593
f 1599/1629/1589 2645/1628/1588 1592/1633/1593 484/1634/1594
f 486/1630/1590 1597/1635/1595 2646/1636/1596 1600/1631/1591
f 1597/1635/1595 491/1637/1597 1607/1638/1598 2646/1636/1596
f 2646/1636/1596 1607/1638/1598 485/1639/1599 1591/1640/1600
f 1600/1631/1591 2646/1636/1596 1591/1640/1600 483/1632/1592
f 489/1641/1601 1606/1642/1602 2647/1643/1603 1604/1644/1604
f 1606/1642/1602 487/1645/1605 1596/1646/1606 2647/1643/1603
f 2647/1643/1603 1596/1646/1606 660/1647/1607 1603/1648/1608
f 1604/1644/1604 2647/1643/1603 1603/1648/1608 662/1649/1609
f 487/1645/1605 1608/1650/1610 2648/1651/1611 1602/1652/1612
f 1608/1650/1610 492/1653/1613 1612/1654/1614 2648/1651/1611
f 2648/1651/1611 1612/1654/1614 494/1655/1615 1595/1656/1616
f 1602/1652/1612 2648/1651/1611 1595/1656/1616 490/1657/1617
f 487/1645/1605 1602/1652/1612 2649/1658/1618 1596/1646/1606
f 1602/1652/1612 490/1657/1617 1601/1659/1619 2649/1658/1618
f 2649/1658/1618 1601/1659/1619 663/1660/1620 1605/1661/1621
f 1596/1646/1606 2649/1658/1618 1605/1661/1621 660/1647/1607
f 484/1634/1594 1592/1633/1593 2650/1662/1622 1594/1663/1623
f 1592/1633/1593 483/1632/1592 1593/1664/1624 2650/1662/1622
f 2650/1662/1622 1593/1664/1624 492/1653/1613 1611/1665/1625
f 1594/1663/1623 2650/1662/1622 1611/1665/1625 493/1666/1626
f 483/1632/1592 1591/1640/1600 2651/1667/1627 1593/1664/1624
f 1591/1640/1600 485/1639/1599 1610/1668/1628 2651/1667/1627
f 2651/1667/1627 1610/1668/1628 494/1655/1615 1612/1654/1614
f 1593/1664/1624 2651/1667/1627 1612/1654/1614 492/1653/1613
f 493/1666/1626 1611/1665/1625 2652/1669/1629 1609/1670/1630
f 1611/1665/1625 492/1653/1613 1608/1650/1610 2652/1669/1629
f 2652/1669/1629 1608/1650/1610 487/1645/1605 1606/1642/1602
f 1609/1670/1630 2652/1669/1629 1606/1642/1602 489/1641/1601
f 518/1671/1631 1642/1672/1632 2653/1673/1633 1639/1674/1634
f 1642/1672/1632 519/1119/1079 1358/1675/1078 2653/1673/1633
f 2653/1673/1633 1358/1675/1078 499/1676/1077 1613/1677/1635
f 1639/1674/1634 2653/1673/1633 1613/1677/1635 496/1678/1636
f 723/1679/1637 2179/1680/1638 2654/1681/1639 2188/1682/1640
f 2179/1680/1638 518/1671/1631 1639/1674/1634 2654/1681/1639
f 2654/1681/1639 1639/1674/1634 496/1678/1636 2175/1683/1641
f 2188/1682/1640 2654/1681/1639 2175/1683/1641 719/1684/1642
f 514/1685/1643 1632/1686/1644 2655/1687/1645 1630/1688/1646
f 1632/1686/1644 504/1689/1647 1620/1690/1648 2655/1687/1645
f 2655/1687/1645 1620/1690/1648 503/1691/1649 1633/1692/1650
f 1630/1688/1646 2655/1687/1645 1633/1692/1650 509/1693/1651
f 509/1693/1651 1633/1692/1650 2656/1694/1652 1629/1695/1653
f 1633/1692/1650 503/1691/1649 1619/1696/1654 2656/1694/1652
f 2656/1694/1652 1619/1696/1654 505/1697/1655 1638/1698/1656
f 1629/1695/1653 2656/1694/1652 1638/1698/1656 517/1699/1657
f 527/1700/1658 1653/1701/1659 2657/1702/1660 1657/1703/1661
f 1653/1701/1659 506/1704/1662 1625/1705/1663 2657/1702/1660
f 2657/1702/1660 1625/1705/1663 508/1706/1664 1624/1707/1665
f 1657/1703/1661 2657/1702/1660 1624/1707/1665 529/1708/1666
f 515/1709/1667 1636/1710/1668 2658/1711/1669 1637/1712/1670
f 1636/1710/1668 512/1713/1118 1377/1714/1117 2658/1711/1669
f 2658/1711/1669 1377/1714/1117 510/1156/1116 1628/1715/1671
f 1637/1712/1670 2658/1711/1669 1628/1715/1671 511/1716/1672
f 710/1717/1673 2160/1718/1674 2659/1719/1675 2166/1720/1676
f 2160/1718/1674 515/1709/1667 1637/1712/1670 2659/1719/1675
f 2659/1719/1675 1637/1712/1670 511/1716/1672 2162/1721/1677
f 2166/1720/1676 2659/1719/1675 2162/1721/1677 712/1722/1678
f 528/1723/1679 1654/1724/1680 2660/1725/1681 1656/1726/1682
f 1654/1724/1680 507/1727/1683 1622/1728/1684 2660/1725/1681
f 2660/1725/1681 1622/1728/1684 506/1704/1662 1653/1701/1659
f 1656/1726/1682 2660/1725/1681 1653/1701/1659 527/1700/1658
f 511/1716/1672 1628/1715/1671 2661/1729/1685 1635/1730/1686
f 1628/1715/1671 510/1156/1116 1379/1731/1136 2661/1729/1685
f 2661/1729/1685 1379/1731/1136 513/1732/1135 1634/1733/1687
f 1635/1730/1686 2661/1729/1685 1634/1733/1687 516/1734/1688
f 712/1722/1678 2162/1721/1677 2662/1735/1689 2165/1736/1690
f 2162/1721/1677 511/1716/1672 1635/1730/1686 2662/1735/1689
f 2662/1735/1689 1635/1730/1686 516/1734/1688 1627/1737/1691
f 2165/1736/1690 2662/1735/1689 1627/1737/1691 711/1738/1692
f 721/1739/1693 2177/1740/1694 2663/1741/1695 2186/1742/1696
f 2177/1740/1694 497/1743/1697 1617/1744/1698 2663/1741/1695
f 2663/1741/1695 1617/1744/1698 518/1671/1631 2179/1680/1638
f 2186/1742/1696 2663/1741/1695 2179/1680/1638 723/1679/1637
f 497/1743/1697 1615/1745/1699 2664/1746/1700 1617/1744/1698
f 1615/1745/1699 501/1747/1150 1383/1748/1149 2664/1746/1700
f 2664/1746/1700 1383/1748/1149 519/1119/1079 1642/1672/1632
f 1617/1744/1698 2664/1746/1700 1642/1672/1632 518/1671/1631
f 525/1749/1701 1649/1750/1702 2665/1751/1703 1652/1752/1704
f 1649/1750/1702 522/1753/1705 1646/1754/1706 2665/1751/1703
f 2665/1751/1703 1646/1754/1706 523/1755/1707 1650/1756/1708
f 1652/1752/1704 2665/1751/1703 1650/1756/1708 526/1757/1709
f 526/1757/1709 1650/1756/1708 2666/1758/1710 1651/1759/1711
f 1650/1756/1708 523/1755/1707 1647/1760/1712 2666/1758/1710
f 2666/1758/1710 1647/1760/1712 521/1761/1713 1648/1762/1714
f 1651/1759/1711 2666/1758/1710 1648/1762/1714 524/1763/1715
f 520/1764/1716 1641/1765/1717 2667/1766/1718 1640/1767/1719
f 1641/1765/1717 526/1757/1709 1651/1759/1711 2667/1766/1718
f 2667/1766/1718 1651/1759/1711 524/1763/1715 1614/1768/1720
f 1640/1767/1719 2667/1766/1718 1614/1768/1720 495/1769/1721
f 498/1770/1722 1616/1771/1723 2668/1772/1724 1618/1773/1725
f 1616/1771/1723 525/1749/1701 1652/1752/1704 2668/1772/1724
f 2668/1772/1724 1652/1752/1704 526/1757/1709 1641/1765/1717
f 1618/1773/1725 2668/1772/1724 1641/1765/1717 520/1764/1716
f 504/1689/1647 1623/1774/1726 2669/1775/1727 1620/1690/1648
f 1623/1774/1726 528/1723/1679 1656/1726/1682 2669/1775/1727
f 2669/1775/1727 1656/1726/1682 527/1700/1658 1621/1776/1728
f 1620/1690/1648 2669/1775/1727 1621/1776/1728 503/1691/1649
f 503/1691/1649 1621/1776/1728 2670/1777/1729 1619/1696/1654
f 1621/1776/1728 527/1700/1658 1657/1703/1661 2670/1777/1729
f 2670/1777/1729 1657/1703/1661 529/1708/1666 1655/1778/1730
f 1619/1696/1654 2670/1777/1729 1655/1778/1730 505/1697/1655
f 541/1779/1731 1671/1780/1732 2671/1781/1733 1669/1782/1734
f 1671/1780/1732 531/1783/1735 1659/1784/1736 2671/1781/1733
f 2671/1781/1733 1659/1784/1736 530/1785/1737 1672/1786/1738
f 1669/1782/1734 2671/1781/1733 1672/1786/1738 536/1787/1739
f 536/1787/1739 1672/1786/1738 2672/1788/1740 1668/1789/1741
f 1672/1786/1738 530/1785/1737 1658/1790/1742 2672/1788/1740
f 2672/1788/1740 1658/1790/1742 532/1791/1743 1677/1792/1744
f 1668/1789/1741 2672/1788/1740 1677/1792/1744 544/1793/1745
f 545/1794/1746 1678/1795/1747 2673/1796/1748 1682/1797/1749
f 1678/1795/1747 533/1798/1750 1664/1799/1751 2673/1796/1748
f 2673/1796/1748 1664/1799/1751 535/1800/1752 1663/1801/1753
f 1682/1797/1749 2673/1796/1748 1663/1801/1753 547/1802/1754
f 542/1803/1755 1675/1804/1756 2674/1805/1757 1676/1806/1758
f 1675/1804/1756 539/1807/1213 1419/1808/1212 2674/1805/1757
f 2674/1805/1757 1419/1808/1212 537/1251/1211 1667/1809/1759
f 1676/1806/1758 2674/1805/1757 1667/1809/1759 538/1810/1760
f 728/1811/1761 2196/1812/1762 2675/1813/1763 2202/1814/1764
f 2196/1812/1762 542/1803/1755 1676/1806/1758 2675/1813/1763
f 2675/1813/1763 1676/1806/1758 538/1810/1760 2198/1815/1765
f 2202/1814/1764 2675/1813/1763 2198/1815/1765 730/1816/1766
f 546/1817/1767 1679/1818/1768 2676/1819/1769 1681/1820/1770
f 1679/1818/1768 534/1821/1771 1661/1822/1772 2676/1819/1769
f 2676/1819/1769 1661/1822/1772 533/1798/1750 1678/1795/1747
f 1681/1820/1770 2676/1819/1769 1678/1795/1747 545/1794/1746
f 538/1810/1760 1667/1809/1759 2677/1823/1773 1674/1824/1774
f 1667/1809/1759 537/1251/1211 1421/1825/1231 2677/1823/1773
f 2677/1823/1773 1421/1825/1231 540/1826/1230 1673/1827/1775
f 1674/1824/1774 2677/1823/1773 1673/1827/1775 543/1828/1776
f 730/1816/1766 2198/1815/1765 2678/1829/1777 2201/1830/1778
f 2198/1815/1765 538/1810/1760 1674/1824/1774 2678/1829/1777
f 2678/1829/1777 1674/1824/1774 543/1828/1776 1666/1831/1779
f 2201/1830/1778 2678/1829/1777 1666/1831/1779 729/1832/1780
f 531/1783/1735 1662/1833/1781 2679/1834/1782 1659/1784/1736
f 1662/1833/1781 546/1817/1767 1681/1820/1770 2679/1834/1782
f 2679/1834/1782 1681/1820/1770 545/1794/1746 1660/1835/1783
f 1659/1784/1736 2679/1834/1782 1660/1835/1783 530/1785/1737
f 530/1785/1737 1660/1835/1783 2680/1836/1784 1658/1790/1742
f 1660/1835/1783 545/1794/1746 1682/1797/1749 2680/1836/1784
f 2680/1836/1784 1682/1797/1749 547/1802/1754 1680/1837/1785
f 1658/1790/1742 2680/1836/1784 1680/1837/1785 532/1791/1743
f 559/1838/1786 1696/1839/1787 2681/1840/1788 1694/1841/1789
f 1696/1839/1787 549/1842/1790 1684/1843/1791 2681/1840/1788
f 2681/1840/1788 1684/1843/1791 548/1844/1792 1697/1845/1793
f 1694/1841/1789 2681/1840/1788 1697/1845/1793 554/1846/1794
f 554/1846/1794 1697/1845/1793 2682/1847/1795 1693/1848/1796
f 1697/1845/1793 548/1844/1792 1683/1849/1797 2682/1847/1795
f 2682/1847/1795 1683/1849/1797 550/1850/1798 1702/1851/1799
f 1693/1848/1796 2682/1847/1795 1702/1851/1799 562/1852/1800
f 563/1853/1801 1703/1854/1802 2683/1855/1803 1707/1856/1804
f 1703/1854/1802 551/1857/1805 1689/1858/1806 2683/1855/1803
f 2683/1855/1803 1689/1858/1806 553/1859/1807 1688/1860/1808
f 1707/1856/1804 2683/1855/1803 1688/1860/1808 565/1861/1809
f 560/1862/1810 1700/1863/1811 2684/1864/1812 1701/1865/1813
f 1700/1863/1811 557/1866/1273 1446/1867/1272 2684/1864/1812
f 2684/1864/1812 1446/1867/1272 555/1311/1271 1692/1868/1814
f 1701/1865/1813 2684/1864/1812 1692/1868/1814 556/1869/1815
f 734/1870/1816 2208/1871/1817 2685/1872/1818 2214/1873/1819
f 2208/1871/1817 560/1862/1810 1701/1865/1813 2685/1872/1818
f 2685/1872/1818 1701/1865/1813 556/1869/1815 2210/1874/1820
f 2214/1873/1819 2685/1872/1818 2210/1874/1820 736/1875/1821
f 564/1876/1822 1704/1877/1823 2686/1878/1824 1706/1879/1825
f 1704/1877/1823 552/1880/1826 1686/1881/1827 2686/1878/1824
f 2686/1878/1824 1686/1881/1827 551/1857/1805 1703/1854/1802
f 1706/1879/1825 2686/1878/1824 1703/1854/1802 563/1853/1801
f 556/1869/1815 1692/1868/1814 2687/1882/1828 1699/1883/1829
f 1692/1868/1814 555/1311/1271 1448/1884/1291 2687/1882/1828
f 2687/1882/1828 1448/1884/1291 558/1885/1290 1698/1886/1830
f 1699/1883/1829 2687/1882/1828 1698/1886/1830 561/1887/1831
f 736/1875/1821 2210/1874/1820 2688/1888/1832 2213/1889/1833
f 2210/1874/1820 556/1869/1815 1699/1883/1829 2688/1888/1832
f 2688/1888/1832 1699/1883/1829 561/1887/1831 1691/1890/1834
f 2213/1889/1833 2688/1888/1832 1691/1890/1834 735/1891/1835
f 549/1842/1790 1687/1892/1836 2689/1893/1837 1684/1843/1791
f 1687/1892/1836 564/1876/1822 1706/1879/1825 2689/1893/1837
f 2689/1893/1837 1706/1879/1825 563/1853/1801 1685/1894/1838
f 1684/1843/1791 2689/1893/1837 1685/1894/1838 548/1844/1792
f 548/1844/1792 1685/1894/1838 2690/1895/1839 1683/1849/1797
f 1685/1894/1838 563/1853/1801 1707/1856/1804 2690/1895/1839
f 2690/1895/1839 1707/1856/1804 565/1861/1809 1705/1896/1840
f 1683/1849/1797 2690/1895/1839 1705/1896/1840 550/1850/1798
f 577/1897/1841 1721/1898/1842 2691/1899/1843 1719/1900/1844
f 1721/1898/1842 567/1901/1845 1709/1902/1846 2691/1899/1843
f 2691/1899/1843 1709/1902/1846 566/1903/1847 1722/1904/1848
f 1719/1900/1844 2691/1899/1843 1722/1904/1848 572/1905/1849
f 572/1905/1849 1722/1904/1848 2692/1906/1850 1718/1907/1851
f 1722/1904/1848 566/1903/1847 1708/1908/1852 2692/1906/1850
f 2692/1906/1850 1708/1908/1852 568/1909/1853 1727/1910/1854
f 1718/1907/1851 2692/1906/1850 1727/1910/1854 580/1911/1855
f 581/1912/1856 1728/1913/1857 2693/1914/1858 1732/1915/1859
f 1728/1913/1857 569/1916/1860 1714/1917/1861 2693/1914/1858
f 2693/1914/1858 1714/1917/1861 571/1918/1862 1713/1919/1863
f 1732/1915/1859 2693/1914/1858 1713/1919/1863 583/1920/1864
f 578/1921/1865 1725/1922/1866 2694/1923/1867 1726/1924/1868
f 1725/1922/1866 575/1925/1333 1473/1926/1332 2694/1923/1867
f 2694/1923/1867 1473/1926/1332 573/1371/1331 1717/1927/1869
f 1726/1924/1868 2694/1923/1867 1717/1927/1869 574/1928/1870
f 740/1929/1871 2220/1930/1872 2695/1931/1873 2226/1932/1874
f 2220/1930/1872 578/1921/1865 1726/1924/1868 2695/1931/1873
f 2695/1931/1873 1726/1924/1868 574/1928/1870 2222/1933/1875
f 2226/1932/1874 2695/1931/1873 2222/1933/1875 742/1934/1876
f 582/1935/1877 1729/1936/1878 2696/1937/1879 1731/1938/1880
f 1729/1936/1878 570/1939/1881 1711/1940/1882 2696/1937/1879
f 2696/1937/1879 1711/1940/1882 569/1916/1860 1728/1913/1857
f 1731/1938/1880 2696/1937/1879 1728/1913/1857 581/1912/1856
f 574/1928/1870 1717/1927/1869 2697/1941/1883 1724/1942/1884
f 1717/1927/1869 573/1371/1331 1475/1943/1351 2697/1941/1883
f 2697/1941/1883 1475/1943/1351 576/1944/1350 1723/1945/1885
f 1724/1942/1884 2697/1941/1883 1723/1945/1885 579/1946/1886
f 742/1934/1876 2222/1933/1875 2698/1947/1887 2225/1948/1888
f 2222/1933/1875 574/1928/1870 1724/1942/1884 2698/1947/1887
f 2698/1947/1887 1724/1942/1884 579/1946/1886 1716/1949/1889
f 2225/1948/1888 2698/1947/1887 1716/1949/1889 741/1950/1890
f 567/1901/1845 1712/1951/1891 2699/1952/1892 1709/1902/1846
f 1712/1951/1891 582/1935/1877 1731/1938/1880 2699/1952/1892
f 2699/1952/1892 1731/1938/1880 581/1912/1856 1710/1953/1893
f 1709/1902/1846 2699/1952/1892 1710/1953/1893 566/1903/1847
f 566/1903/1847 1710/1953/1893 2700/1954/1894 1708/1908/1852
f 1710/1953/1893 581/1912/1856 1732/1915/1859 2700/1954/1894
f 2700/1954/1894 1732/1915/1859 583/1920/1864 1730/1955/1895
f 1708/1908/1852 2700/1954/1894 1730/1955/1895 568/1909/1853
f 595/1956/1896 1746/1957/1897 2701/1958/1898 1744/1959/1899
f 1746/1957/1897 585/1960/1900 1734/1961/1901 2701/1958/1898
f 2701/1958/1898 1734/1961/1901 584/1962/1902 1747/1963/1903
f 1744/1959/1899 2701/1958/1898 1747/1963/1903 590/1964/1904
f 590/1964/1904 1747/1963/1903 2702/1965/1905 1743/1966/1906
f 1747/1963/1903 584/1962/1902 1733/1967/1907 2702/1965/1905
f 2702/1965/1905 1733/1967/1907 586/1968/1908 1752/1969/1909
f 1743/1966/1906 2702/1965/1905 1752/1969/1909 598/1970/1910
f 599/1971/1911 1753/1972/1912 2703/1973/1913 1757/1974/1914
f 1753/1972/1912 587/1975/1915 1739/1976/1916 2703/1973/1913
f 2703/1973/1913 1739/1976/1916 589/1977/1917 1738/1978/1918
f 1757/1974/1914 2703/1973/1913 1738/1978/1918 601/1979/1919
f 596/1980/1920 1750/1981/1921 2704/1982/1922 1751/1983/1923
f 1750/1981/1921 593/1984/1393 1500/1985/1392 2704/1982/1922
f 2704/1982/1922 1500/1985/1392 591/1431/1391 1742/1986/1924
f 1751/1983/1923 2704/1982/1922 1742/1986/1924 592/1987/1925
f 588/1988/1926 1740/1989/1927 2705/1990/1928 1736/1991/1929
f 1740/1989/1927 596/1980/1920 1751/1983/1923 2705/1990/1928
f 2705/1990/1928 1751/1983/1923 592/1987/1925 1745/1992/1930
f 1736/1991/1929 2705/1990/1928 1745/1992/1930 587/1975/1915
f 600/1993/1931 1754/1994/1932 2706/1995/1933 1756/1996/1934
f 1754/1994/1932 588/1988/1926 1736/1991/1929 2706/1995/1933
f 2706/1995/1933 1736/1991/1929 587/1975/1915 1753/1972/1912
f 1756/1996/1934 2706/1995/1933 1753/1972/1912 599/1971/1911
f 592/1987/1925 1742/1986/1924 2707/1997/1935 1749/1998/1936
f 1742/1986/1924 591/1431/1391 1502/1999/1408 2707/1997/1935
f 2707/1997/1935 1502/1999/1408 594/2000/1407 1748/2001/1937
f 1749/1998/1936 2707/1997/1935 1748/2001/1937 597/2002/1938
f 587/1975/1915 1745/1992/1930 2708/2003/1939 1739/1976/1916
f 1745/1992/1930 592/1987/1925 1749/1998/1936 2708/2003/1939
f 2708/2003/1939 1749/1998/1936 597/2002/1938 1741/2004/1940
f 1739/1976/1916 2708/2003/1939 1741/2004/1940 589/1977/1917
f 585/1960/1900 1737/2005/1941 2709/2006/1942 1734/1961/1901
f 1737/2005/1941 600/1993/1931 1756/1996/1934 2709/2006/1942
f 2709/2006/1942 1756/1996/1934 599/1971/1911 1735/2007/1943
f 1734/1961/1901 2709/2006/1942 1735/2007/1943 584/1962/1902
f 584/1962/1902 1735/2007/1943 2710/2008/1944 1733/1967/1907
f 1735/2007/1943 599/1971/1911 1757/1974/1914 2710/2008/1944
f 2710/2008/1944 1757/1974/1914 601/1979/1919 1755/2009/1945
f 1733/1967/1907 2710/2008/1944 1755/2009/1945 586/1968/1908
f 613/2010/1946 1771/2011/1947 2711/2012/1948 1769/2013/1949
f 1771/2011/1947 603/2014/1950 1759/2015/1951 2711/2012/1948
f 2711/2012/1948 1759/2015/1951 602/2016/1952 1772/2017/1953
f 1769/2013/1949 2711/2012/1948 1772/2017/1953 608/2018/1954
f 608/2018/1954 1772/2017/1953 2712/2019/1955 1768/2020/1956
f 1772/2017/1953 602/2016/1952 1758/2021/1957 2712/2019/1955
f 2712/2019/1955 1758/2021/1957 604/2022/1958 1777/2023/1959
f 1768/2020/1956 2712/2019/1955 1777/2023/1959 616/2024/1960
f 753/2025/1961 2245/2026/1962 2713/2027/1963 2250/2028/1964
f 2245/2026/1962 605/2029/1965 1764/2030/1966 2713/2027/1963
f 2713/2027/1963 1764/2030/1966 607/2031/1967 1763/2032/1968
f 2250/2028/1964 2713/2027/1963 1763/2032/1968 752/2033/1969
f 614/2034/1970 1775/2035/1971 2714/2036/1972 1776/2037/1973
f 1775/2035/1971 611/2038/1448 1527/2039/1447 2714/2036/1972
f 2714/2036/1972 1527/2039/1447 609/1486/1446 1767/2040/1974
f 1776/2037/1973 2714/2036/1972 1767/2040/1974 610/2041/1975
f 606/2042/1976 1765/2043/1977 2715/2044/1978 1761/2045/1979
f 1765/2043/1977 614/2034/1970 1776/2037/1973 2715/2044/1978
f 2715/2044/1978 1776/2037/1973 610/2041/1975 1770/2046/1980
f 1761/2045/1979 2715/2044/1978 1770/2046/1980 605/2029/1965
f 754/2047/1981 2246/2048/1982 2716/2049/1983 2249/2050/1984
f 2246/2048/1982 606/2042/1976 1761/2045/1979 2716/2049/1983
f 2716/2049/1983 1761/2045/1979 605/2029/1965 2245/2026/1962
f 2249/2050/1984 2716/2049/1983 2245/2026/1962 753/2025/1961
f 610/2041/1975 1767/2040/1974 2717/2051/1985 1774/2052/1986
f 1767/2040/1974 609/1486/1446 1529/2053/1463 2717/2051/1985
f 2717/2051/1985 1529/2053/1463 612/2054/1462 1773/2055/1987
f 1774/2052/1986 2717/2051/1985 1773/2055/1987 615/2056/1988
f 605/2029/1965 1770/2046/1980 2718/2057/1989 1764/2030/1966
f 1770/2046/1980 610/2041/1975 1774/2052/1986 2718/2057/1989
f 2718/2057/1989 1774/2052/1986 615/2056/1988 1766/2058/1990
f 1764/2030/1966 2718/2057/1989 1766/2058/1990 607/2031/1967
f 603/2014/1950 1762/2059/1991 2719/2060/1992 1759/2015/1951
f 1762/2059/1991 618/2061/1993 1781/2062/1994 2719/2060/1992
f 2719/2060/1992 1781/2062/1994 617/2063/1995 1760/2064/1996
f 1759/2015/1951 2719/2060/1992 1760/2064/1996 602/2016/1952
f 602/2016/1952 1760/2064/1996 2720/2065/1997 1758/2021/1957
f 1760/2064/1996 617/2063/1995 1782/2066/1998 2720/2065/1997
f 2720/2065/1997 1782/2066/1998 619/2067/1999 1780/2068/2000
f 1758/2021/1957 2720/2065/1997 1780/2068/2000 604/2022/1958
f 631/2069/2001 1796/2070/2002 2721/2071/2003 1794/2072/2004
f 1796/2070/2002 621/2073/2005 1784/2074/2006 2721/2071/2003
f 2721/2071/2003 1784/2074/2006 620/2075/2007 1797/2076/2008
f 1794/2072/2004 2721/2071/2003 1797/2076/2008 626/2077/2009
f 626/2077/2009 1797/2076/2008 2722/2078/2010 1793/2079/2011
f 1797/2076/2008 620/2075/2007 1783/2080/2012 2722/2078/2010
f 2722/2078/2010 1783/2080/2012 622/2081/2013 1802/2082/2014
f 1793/2079/2011 2722/2078/2010 1802/2082/2014 634/2083/2015
f 635/2084/2016 1803/2085/2017 2723/2086/2018 1807/2087/2019
f 1803/2085/2017 623/2088/2020 1789/2089/2021 2723/2086/2018
f 2723/2086/2018 1789/2089/2021 625/2090/2022 1788/2091/2023
f 1807/2087/2019 2723/2086/2018 1788/2091/2023 637/2092/2024
f 632/2093/2025 1800/2094/2026 2724/2095/2027 1801/2096/2028
f 1800/2094/2026 629/2097/1508 1554/2098/1507 2724/2095/2027
f 2724/2095/2027 1554/2098/1507 627/1546/1506 1792/2099/2029
f 1801/2096/2028 2724/2095/2027 1792/2099/2029 628/2100/2030
f 624/2101/2031 1790/2102/2032 2725/2103/2033 1786/2104/2034
f 1790/2102/2032 632/2093/2025 1801/2096/2028 2725/2103/2033
f 2725/2103/2033 1801/2096/2028 628/2100/2030 1795/2105/2035
f 1786/2104/2034 2725/2103/2033 1795/2105/2035 623/2088/2020
f 636/2106/2036 1804/2107/2037 2726/2108/2038 1806/2109/2039
f 1804/2107/2037 624/2101/2031 1786/2104/2034 2726/2108/2038
f 2726/2108/2038 1786/2104/2034 623/2088/2020 1803/2085/2017
f 1806/2109/2039 2726/2108/2038 1803/2085/2017 635/2084/2016
f 628/2100/2030 1792/2099/2029 2727/2110/2040 1799/2111/2041
f 1792/2099/2029 627/1546/1506 1556/2112/1523 2727/2110/2040
f 2727/2110/2040 1556/2112/1523 630/2113/1522 1798/2114/2042
f 1799/2111/2041 2727/2110/2040 1798/2114/2042 633/2115/2043
f 623/2088/2020 1795/2105/2035 2728/2116/2044 1789/2089/2021
f 1795/2105/2035 628/2100/2030 1799/2111/2041 2728/2116/2044
f 2728/2116/2044 1799/2111/2041 633/2115/2043 1791/2117/2045
f 1789/2089/2021 2728/2116/2044 1791/2117/2045 625/2090/2022
f 621/2073/2005 1787/2118/2046 2729/2119/2047 1784/2074/2006
f 1787/2118/2046 636/2106/2036 1806/2109/2039 2729/2119/2047
f 2729/2119/2047 1806/2109/2039 635/2084/2016 1785/2120/2048
f 1784/2074/2006 2729/2119/2047 1785/2120/2048 620/2075/2007
f 620/2075/2007 1785/2120/2048 2730/2121/2049 1783/2080/2012
f 1785/2120/2048 635/2084/2016 1807/2087/2019 2730/2121/2049
f 2730/2121/2049 1807/2087/2019 637/2092/2024 1805/2122/2050
f 1783/2080/2012 2730/2121/2049 1805/2122/2050 622/2081/2013
f 649/2123/2051 1821/2124/2052 2731/2125/2053 1819/2126/2054
f 1821/2124/2052 639/2127/2055 1809/2128/2056 2731/2125/2053
f 2731/2125/2053 1809/2128/2056 638/2129/2057 1822/2130/2058
f 1819/2126/2054 2731/2125/2053 1822/2130/2058 644/2131/2059
f 644/2131/2059 1822/2130/2058 2732/2132/2060 1818/2133/2061
f 1822/2130/2058 638/2129/2057 1808/2134/2062 2732/2132/2060
f 2732/2132/2060 1808/2134/2062 640/2135/2063 1827/2136/2064
f 1818/2133/2061 2732/2132/2060 1827/2136/2064 652/2137/2065
f 653/2138/2066 1828/2139/2067 2733/2140/2068 1832/2141/2069
f 1828/2139/2067 641/2142/2070 1814/2143/2071 2733/2140/2068
f 2733/2140/2068 1814/2143/2071 643/2144/2072 1813/2145/2073
f 1832/2141/2069 2733/2140/2068 1813/2145/2073 655/2146/2074
f 650/2147/2075 1825/2148/2076 2734/2149/2077 1826/2150/2078
f 1825/2148/2076 647/2151/1563 1581/2152/1562 2734/2149/2077
f 2734/2149/2077 1581/2152/1562 645/1601/1561 1817/2153/2079
f 1826/2150/2078 2734/2149/2077 1817/2153/2079 646/2154/2080
f 642/2155/2081 1815/2156/2082 2735/2157/2083 1811/2158/2084
f 1815/2156/2082 650/2147/2075 1826/2150/2078 2735/2157/2083
f 2735/2157/2083 1826/2150/2078 646/2154/2080 1820/2159/2085
f 1811/2158/2084 2735/2157/2083 1820/2159/2085 641/2142/2070
f 654/2160/2086 1829/2161/2087 2736/2162/2088 1831/2163/2089
f 1829/2161/2087 642/2155/2081 1811/2158/2084 2736/2162/2088
f 2736/2162/2088 1811/2158/2084 641/2142/2070 1828/2139/2067
f 1831/2163/2089 2736/2162/2088 1828/2139/2067 653/2138/2066
f 646/2154/2080 1817/2153/2079 2737/2164/2090 1824/2165/2091
f 1817/2153/2079 645/1601/1561 1583/2166/1578 2737/2164/2090
f 2737/2164/2090 1583/2166/1578 648/2167/1577 1823/2168/2092
f 1824/2165/2091 2737/2164/2090 1823/2168/2092 651/2169/2093
f 641/2142/2070 1820/2159/2085 2738/2170/2094 1814/2143/2071
f 1820/2159/2085 646/2154/2080 1824/2165/2091 2738/2170/2094
f 2738/2170/2094 1824/2165/2091 651/2169/2093 1816/2171/2095
f 1814/2143/2071 2738/2170/2094 1816/2171/2095 643/2144/2072
f 639/2127/2055 1812/2172/2096 2739/2173/2097 1809/2128/2056
f 1812/2172/2096 654/2160/2086 1831/2163/2089 2739/2173/2097
f 2739/2173/2097 1831/2163/2089 653/2138/2066 1810/2174/2098
f 1809/2128/2056 2739/2173/2097 1810/2174/2098 638/2129/2057
f 638/2129/2057 1810/2174/2098 2740/2175/2099 1808/2134/2062
f 1810/2174/2098 653/2138/2066 1832/2141/2069 2740/2175/2099
f 2740/2175/2099 1832/2141/2069 655/2146/2074 1830/2176/2100
f 1808/2134/2062 2740/2175/2099 1830/2176/2100 640/2135/2063
f 664/2177/2101 1841/2178/2102 2741/2179/2103 1840/2180/2104
f 1841/2178/2102 657/2181/2105 1834/2182/2106 2741/2179/2103
f 2741/2179/2103 1834/2182/2106 656/2183/2107 1842/2184/2108
f 1840/2180/2104 2741/2179/2103 1842/2184/2108 659/2185/2109
f 659/2185/2109 1842/2184/2108 2742/2186/2110 1839/2187/2111
f 1842/2184/2108 656/2183/2107 1833/2188/2112 2742/2186/2110
f 2742/2186/2110 1833/2188/2112 658/2189/2113 1847/2190/2114
f 1839/2187/2111 2742/2186/2110 1847/2190/2114 667/2191/2115
f 665/2192/2116 1845/2193/2117 2743/2194/2118 1846/2195/2119
f 1845/2193/2117 662/2196/1609 1603/2197/1608 2743/2194/2118
f 2743/2194/2118 1603/2197/1608 660/1647/1607 1838/2198/2120
f 1846/2195/2119 2743/2194/2118 1838/2198/2120 661/2199/2121
f 661/2199/2121 1844/2200/2122 2744/2201/2123 1848/2202/2124
f 1844/2200/2122 666/2203/2125 1837/2204/2126 2744/2201/2123
f 2744/2201/2123 1837/2204/2126 670/2205/2127 1852/2206/2128
f 1848/2202/2124 2744/2201/2123 1852/2206/2128 668/2207/2129
f 661/2199/2121 1838/2198/2120 2745/2208/2130 1844/2200/2122
f 1838/2198/2120 660/1647/1607 1605/2209/1621 2745/2208/2130
f 2745/2208/2130 1605/2209/1621 663/2210/1620 1843/2211/2131
f 1844/2200/2122 2745/2208/2130 1843/2211/2131 666/2203/2125
f 657/2181/2105 1836/2212/2132 2746/2213/2133 1834/2182/2106
f 1836/2212/2132 669/2214/2134 1851/2215/2135 2746/2213/2133
f 2746/2213/2133 1851/2215/2135 668/2207/2129 1835/2216/2136
f 1834/2182/2106 2746/2213/2133 1835/2216/2136 656/2183/2107
f 656/2183/2107 1835/2216/2136 2747/2217/2137 1833/2188/2112
f 1835/2216/2136 668/2207/2129 1852/2206/2128 2747/2217/2137
f 2747/2217/2137 1852/2206/2128 670/2205/2127 1850/2218/2138
f 1833/2188/2112 2747/2217/2137 1850/2218/2138 658/2189/2113
f 669/2214/2134 1849/2219/2139 2748/2220/2140 1851/2215/2135
f 1849/2219/2139 665/2192/2116 1846/2195/2119 2748/2220/2140
f 2748/2220/2140 1846/2195/2119 661/2199/2121 1848/2202/2124
f 1851/2215/2135 2748/2220/2140 1848/2202/2124 668/2207/2129
f 32/9/9 853/8/8 2749/2221/2141 1854/2222/2142
f 853/8/8 179/7/7 1963/2223/2143 2749/2221/2141
f 2749/2221/2141 1963/2223/2143 499/1676/1077 1353/2224/1076
f 1854/2222/2142 2749/2221/2141 1353/2224/1076 352/1115/1075
f 31/101/101 854/100/100 2750/2225/2144 1853/2226/2145
f 854/100/100 52/95/95 1869/2227/2146 2750/2225/2144
f 2750/2225/2144 1869/2227/2146 372/1202/1162 1354/2228/1171
f 1853/2226/2145 2750/2225/2144 1354/2228/1171 351/2229/1170
f 181/79/79 855/77/77 2751/2230/2147 1964/2231/2148
f 855/77/77 33/75/75 1855/2232/2149 2751/2230/2147
f 2751/2230/2147 1855/2232/2149 353/1186/1146 1355/2233/1148
f 1964/2231/2148 2751/2230/2147 1355/2233/1148 501/1747/1150
f 53/81/81 856/103/103 2752/2234/2150 1870/2235/2151
f 856/103/103 34/102/102 1856/2236/2152 2752/2234/2150
f 2752/2234/2150 1856/2236/2152 354/2237/1172 1356/2238/1175
f 1870/2235/2151 2752/2234/2150 1356/2238/1175 373/1191/1151
f 34/102/102 859/105/105 2753/2239/2153 1856/2236/2152
f 859/105/105 48/96/96 1866/2240/2154 2753/2239/2153
f 2753/2239/2153 1866/2240/2154 368/1206/1166 1359/2241/1173
f 1856/2236/2152 2753/2239/2153 1359/2241/1173 354/2237/1172
f 56/55/55 864/106/106 2754/2242/2155 1871/2243/2156
f 864/106/106 36/20/20 1857/2244/2157 2754/2242/2155
f 2754/2242/2155 1857/2244/2157 356/1134/1094 1364/1217/1177
f 1871/2243/2156 2754/2242/2155 1364/1217/1177 376/1165/1125
f 57/39/39 865/38/38 2755/2245/2158 1872/2246/2159
f 865/38/38 40/37/37 1860/2247/2160 2755/2245/2158
f 2755/2245/2158 1860/2247/2160 360/1147/1107 1365/1146/1106
f 1872/2246/2159 2755/2245/2158 1365/1146/1106 377/1145/1105
f 689/49/49 867/2248/2161 2756/2249/2162 2128/2250/2163
f 867/2248/2161 39/59/59 1859/2251/2164 2756/2249/2162
f 2756/2249/2162 1859/2251/2164 359/1170/1130 1367/2252/2165
f 2128/2250/2163 2756/2249/2162 1367/2252/2165 692/1159/1119
f 690/70/70 868/69/69 2757/2253/2166 2127/2254/2167
f 868/69/69 45/66/66 1864/2255/2168 2757/2253/2166
f 2757/2253/2166 1864/2255/2168 365/1173/1133 1368/1180/1140
f 2127/2254/2167 2757/2253/2166 1368/1180/1140 693/1179/1139
f 41/24/24 870/26/26 2758/2256/2169 1861/2257/2170
f 870/26/26 46/30/30 1865/2258/2171 2758/2256/2169
f 2758/2256/2169 1865/2258/2171 366/2259/1097 1370/2260/1095
f 1861/2257/2170 2758/2256/2169 1370/2260/1095 361/1130/1090
f 43/16/16 871/19/19 2759/2261/2172 1862/2262/2173
f 871/19/19 41/24/24 1861/2257/2170 2759/2261/2172
f 2759/2261/2172 1861/2257/2170 361/1130/1090 1371/2263/1087
f 1862/2262/2173 2759/2261/2172 1371/2263/1087 363/2264/1086
f 36/20/20 873/17/17 2760/2265/2174 1857/2244/2157
f 873/17/17 43/16/16 1862/2262/2173 2760/2265/2174
f 2760/2265/2174 1862/2262/2173 363/2264/1086 1373/2266/1089
f 1857/2244/2157 2760/2265/2174 1373/2266/1089 356/1134/1094
f 45/66/66 875/65/65 2761/2267/2175 1864/2255/2168
f 875/65/65 193/64/64 1971/2268/2176 2761/2267/2175
f 2761/2267/2175 1971/2268/2176 513/1732/1135 1375/2269/1134
f 1864/2255/2168 2761/2267/2175 1375/2269/1134 365/1173/1133
f 192/44/44 878/41/41 2762/2270/2177 1970/2271/2178
f 878/41/41 44/40/40 1863/2272/2179 2762/2270/2177
f 2762/2270/2177 1863/2272/2179 364/1150/1110 1378/2273/1113
f 1970/2271/2178 2762/2270/2177 1378/2273/1113 512/1713/1118
f 46/30/30 881/29/29 2763/2274/2180 1865/2258/2171
f 881/29/29 37/28/28 1858/2275/2181 2763/2274/2180
f 2763/2274/2180 1858/2275/2181 357/1139/1099 1381/2276/1098
f 1865/2258/2171 2763/2274/2180 1381/2276/1098 366/2259/1097
f 48/96/96 884/99/99 2764/2277/2182 1866/2240/2154
f 884/99/99 31/101/101 1853/2226/2145 2764/2277/2182
f 2764/2277/2182 1853/2226/2145 351/2229/1170 1384/2278/1167
f 1866/2240/2154 2764/2277/2182 1384/2278/1167 368/1206/1166
f 695/15/15 2133/14/14 2765/2279/2183 2148/2280/2184
f 2133/14/14 32/9/9 1854/2222/2142 2765/2279/2183
f 2765/2279/2183 1854/2222/2142 352/1115/1075 2139/1125/1085
f 2148/2280/2184 2765/2279/2183 2139/1125/1085 701/1124/1084
f 698/2281/2185 888/2282/2186 2766/2283/2187 2146/2284/2188
f 888/2282/2186 50/85/85 1868/2285/2189 2766/2283/2187
f 2766/2283/2187 1868/2285/2189 370/1199/1159 1388/2286/2190
f 2146/2284/2188 2766/2283/2187 1388/2286/2190 704/2287/2191
f 52/95/95 892/94/94 2767/2288/2192 1869/2227/2146
f 892/94/94 49/93/93 1867/2289/2193 2767/2288/2192
f 2767/2288/2192 1867/2289/2193 369/1204/1164 1392/1203/1163
f 1869/2227/2146 2767/2288/2192 1392/1203/1163 372/1202/1162
f 50/85/85 893/82/82 2768/2290/2194 1868/2285/2189
f 893/82/82 53/81/81 1870/2235/2151 2768/2290/2194
f 2768/2290/2194 1870/2235/2151 373/1191/1151 1393/1194/1154
f 1868/2285/2189 2768/2290/2194 1393/1194/1154 370/1199/1159
f 39/59/59 898/56/56 2769/2291/2195 1859/2251/2164
f 898/56/56 56/55/55 1871/2243/2156 2769/2291/2195
f 2769/2291/2195 1871/2243/2156 376/1165/1125 1398/1168/1128
f 1859/2251/2164 2769/2291/2195 1398/1168/1128 359/1170/1130
f 37/28/28 899/110/110 2770/2292/2196 1858/2275/2181
f 899/110/110 57/39/39 1872/2246/2159 2770/2292/2196
f 2770/2292/2196 1872/2246/2159 377/1145/1105 1399/1220/1180
f 1858/2275/2181 2770/2292/2196 1399/1220/1180 357/1139/1099
f 71/150/150 906/166/166 2771/2293/2197 1882/2294/2198
f 906/166/166 59/115/115 1873/2295/2199 2771/2293/2197
f 2771/2293/2197 1873/2295/2199 379/1229/1189 1406/1277/1237
f 1882/2294/2198 2771/2293/2197 1406/1277/1237 391/1260/1220
f 72/134/134 907/133/133 2772/2296/2200 1883/2297/2201
f 907/133/133 63/132/132 1876/2298/2202 2772/2296/2200
f 2772/2296/2200 1876/2298/2202 383/1242/1202 1407/1241/1201
f 1883/2297/2201 2772/2296/2200 1407/1241/1201 392/1240/1200
f 677/144/144 909/2299/2203 2773/2300/2204 2104/2301/2205
f 909/2299/2203 62/154/154 1875/2302/2206 2773/2300/2204
f 2773/2300/2204 1875/2302/2206 382/1265/1225 1409/2303/2207
f 2104/2301/2205 2773/2300/2204 1409/2303/2207 680/1254/1214
f 678/165/165 910/164/164 2774/2304/2208 2103/2305/2209
f 910/164/164 68/161/161 1880/2306/2210 2774/2304/2208
f 2774/2304/2208 1880/2306/2210 388/1268/1228 1410/1275/1235
f 2103/2305/2209 2774/2304/2208 1410/1275/1235 681/1274/1234
f 64/119/119 912/121/121 2775/2307/2211 1877/2308/2212
f 912/121/121 69/125/125 1881/2309/2213 2775/2307/2211
f 2775/2307/2211 1881/2309/2213 389/2310/1192 1412/2311/1190
f 1877/2308/2212 2775/2307/2211 1412/2311/1190 384/1225/1185
f 66/111/111 913/114/114 2776/2312/2214 1878/2313/2215
f 913/114/114 64/119/119 1877/2308/2212 2776/2312/2214
f 2776/2312/2214 1877/2308/2212 384/1225/1185 1413/2314/1182
f 1878/2313/2215 2776/2312/2214 1413/2314/1182 386/2315/1181
f 59/115/115 915/112/112 2777/2316/2216 1873/2295/2199
f 915/112/112 66/111/111 1878/2313/2215 2777/2316/2216
f 2777/2316/2216 1878/2313/2215 386/2315/1181 1415/2317/1184
f 1873/2295/2199 2777/2316/2216 1415/2317/1184 379/1229/1189
f 68/161/161 917/160/160 2778/2318/2217 1880/2306/2210
f 917/160/160 220/159/159 1989/2319/2218 2778/2318/2217
f 2778/2318/2217 1989/2319/2218 540/1826/1230 1417/2320/1229
f 1880/2306/2210 2778/2318/2217 1417/2320/1229 388/1268/1228
f 219/139/139 920/136/136 2779/2321/2219 1988/2322/2220
f 920/136/136 67/135/135 1879/2323/2221 2779/2321/2219
f 2779/2321/2219 1879/2323/2221 387/1245/1205 1420/2324/1208
f 1988/2322/2220 2779/2321/2219 1420/2324/1208 539/1807/1213
f 69/125/125 923/124/124 2780/2325/2222 1881/2309/2213
f 923/124/124 60/123/123 1874/2326/2223 2780/2325/2222
f 2780/2325/2222 1874/2326/2223 380/1234/1194 1423/2327/1193
f 1881/2309/2213 2780/2325/2222 1423/2327/1193 389/2310/1192
f 62/154/154 925/151/151 2781/2328/2224 1875/2302/2206
f 925/151/151 71/150/150 1882/2294/2198 2781/2328/2224
f 2781/2328/2224 1882/2294/2198 391/1260/1220 1425/1263/1223
f 1875/2302/2206 2781/2328/2224 1425/1263/1223 382/1265/1225
f 60/123/123 926/170/170 2782/2329/2225 1874/2326/2223
f 926/170/170 72/134/134 1883/2297/2201 2782/2329/2225
f 2782/2329/2225 1883/2297/2201 392/1240/1200 1426/1280/1240
f 1874/2326/2223 2782/2329/2225 1426/1280/1240 380/1234/1194
f 86/210/210 933/226/226 2783/2330/2226 1893/2331/2227
f 933/226/226 74/175/175 1884/2332/2228 2783/2330/2226
f 2783/2330/2226 1884/2332/2228 394/1289/1249 1433/1337/1297
f 1893/2331/2227 2783/2330/2226 1433/1337/1297 406/1320/1280
f 87/194/194 934/193/193 2784/2333/2229 1894/2334/2230
f 934/193/193 78/192/192 1887/2335/2231 2784/2333/2229
f 2784/2333/2229 1887/2335/2231 398/1302/1262 1434/1301/1261
f 1894/2334/2230 2784/2333/2229 1434/1301/1261 407/1300/1260
f 671/204/204 936/2336/2232 2785/2337/2233 2092/2338/2234
f 936/2336/2232 77/214/214 1886/2339/2235 2785/2337/2233
f 2785/2337/2233 1886/2339/2235 397/1325/1285 1436/2340/2236
f 2092/2338/2234 2785/2337/2233 1436/2340/2236 674/1314/1274
f 672/225/225 937/224/224 2786/2341/2237 2091/2342/2238
f 937/224/224 83/221/221 1891/2343/2239 2786/2341/2237
f 2786/2341/2237 1891/2343/2239 403/1328/1288 1437/1335/1295
f 2091/2342/2238 2786/2341/2237 1437/1335/1295 675/1334/1294
f 79/179/179 939/181/181 2787/2344/2240 1888/2345/2241
f 939/181/181 84/185/185 1892/2346/2242 2787/2344/2240
f 2787/2344/2240 1892/2346/2242 404/2347/1252 1439/2348/1250
f 1888/2345/2241 2787/2344/2240 1439/2348/1250 399/1285/1245
f 81/171/171 940/174/174 2788/2349/2243 1889/2350/2244
f 940/174/174 79/179/179 1888/2345/2241 2788/2349/2243
f 2788/2349/2243 1888/2345/2241 399/1285/1245 1440/2351/1242
f 1889/2350/2244 2788/2349/2243 1440/2351/1242 401/2352/1241
f 74/175/175 942/172/172 2789/2353/2245 1884/2332/2228
f 942/172/172 81/171/171 1889/2350/2244 2789/2353/2245
f 2789/2353/2245 1889/2350/2244 401/2352/1241 1442/2354/1244
f 1884/2332/2228 2789/2353/2245 1442/2354/1244 394/1289/1249
f 83/221/221 944/220/220 2790/2355/2246 1891/2343/2239
f 944/220/220 238/219/219 2002/2356/2247 2790/2355/2246
f 2790/2355/2246 2002/2356/2247 558/1885/1290 1444/2357/1289
f 1891/2343/2239 2790/2355/2246 1444/2357/1289 403/1328/1288
f 237/199/199 947/196/196 2791/2358/2248 2001/2359/2249
f 947/196/196 82/195/195 1890/2360/2250 2791/2358/2248
f 2791/2358/2248 1890/2360/2250 402/1305/1265 1447/2361/1268
f 2001/2359/2249 2791/2358/2248 1447/2361/1268 557/1866/1273
f 84/185/185 950/184/184 2792/2362/2251 1892/2346/2242
f 950/184/184 75/183/183 1885/2363/2252 2792/2362/2251
f 2792/2362/2251 1885/2363/2252 395/1294/1254 1450/2364/1253
f 1892/2346/2242 2792/2362/2251 1450/2364/1253 404/2347/1252
f 77/214/214 952/211/211 2793/2365/2253 1886/2339/2235
f 952/211/211 86/210/210 1893/2331/2227 2793/2365/2253
f 2793/2365/2253 1893/2331/2227 406/1320/1280 1452/1323/1283
f 1886/2339/2235 2793/2365/2253 1452/1323/1283 397/1325/1285
f 75/183/183 953/230/230 2794/2366/2254 1885/2363/2252
f 953/230/230 87/194/194 1894/2334/2230 2794/2366/2254
f 2794/2366/2254 1894/2334/2230 407/1300/1260 1453/1340/1300
f 1885/2363/2252 2794/2366/2254 1453/1340/1300 395/1294/1254
f 101/270/270 960/286/286 2795/2367/2255 1904/2368/2256
f 960/286/286 89/235/235 1895/2369/2257 2795/2367/2255
f 2795/2367/2255 1895/2369/2257 409/1349/1309 1460/1397/1357
f 1904/2368/2256 2795/2367/2255 1460/1397/1357 421/1380/1340
f 102/254/254 961/253/253 2796/2370/2258 1905/2371/2259
f 961/253/253 93/252/252 1898/2372/2260 2796/2370/2258
f 2796/2370/2258 1898/2372/2260 413/1362/1322 1461/1361/1321
f 1905/2371/2259 2796/2370/2258 1461/1361/1321 422/1360/1320
f 683/2373/264 963/2374/2261 2797/2375/2262 2116/2376/2263
f 963/2374/2261 92/2377/274 1897/2378/2264 2797/2375/2262
f 2797/2375/2262 1897/2378/2264 412/1385/1345 1463/2379/2265
f 2116/2376/2263 2797/2375/2262 1463/2379/2265 686/1374/1334
f 684/285/285 964/284/284 2798/2380/2266 2115/2381/2267
f 964/284/284 98/281/281 1902/2382/2268 2798/2380/2266
f 2798/2380/2266 1902/2382/2268 418/1388/1348 1464/1395/1355
f 2115/2381/2267 2798/2380/2266 1464/1395/1355 687/1394/1354
f 94/239/239 966/241/241 2799/2383/2269 1899/2384/2270
f 966/241/241 99/245/245 1903/2385/2271 2799/2383/2269
f 2799/2383/2269 1903/2385/2271 419/2386/1312 1466/2387/1310
f 1899/2384/2270 2799/2383/2269 1466/2387/1310 414/1345/1305
f 96/231/231 967/234/234 2800/2388/2272 1900/2389/2273
f 967/234/234 94/239/239 1899/2384/2270 2800/2388/2272
f 2800/2388/2272 1899/2384/2270 414/1345/1305 1467/2390/1302
f 1900/2389/2273 2800/2388/2272 1467/2390/1302 416/2391/1301
f 89/235/235 969/232/232 2801/2392/2274 1895/2369/2257
f 969/232/232 96/231/231 1900/2389/2273 2801/2392/2274
f 2801/2392/2274 1900/2389/2273 416/2391/1301 1469/2393/1304
f 1895/2369/2257 2801/2392/2274 1469/2393/1304 409/1349/1309
f 98/281/281 971/280/280 2802/2394/2275 1902/2382/2268
f 971/280/280 256/279/279 2015/2395/2276 2802/2394/2275
f 2802/2394/2275 2015/2395/2276 576/1944/1350 1471/2396/1349
f 1902/2382/2268 2802/2394/2275 1471/2396/1349 418/1388/1348
f 255/259/259 974/256/256 2803/2397/2277 2014/2398/2278
f 974/256/256 97/255/255 1901/2399/2279 2803/2397/2277
f 2803/2397/2277 1901/2399/2279 417/1365/1325 1474/2400/1328
f 2014/2398/2278 2803/2397/2277 1474/2400/1328 575/1925/1333
f 99/245/245 977/244/244 2804/2401/2280 1903/2385/2271
f 977/244/244 90/243/243 1896/2402/2281 2804/2401/2280
f 2804/2401/2280 1896/2402/2281 410/1354/1314 1477/2403/1313
f 1903/2385/2271 2804/2401/2280 1477/2403/1313 419/2386/1312
f 92/274/274 979/271/271 2805/2404/2282 1897/2405/2264
f 979/271/271 101/270/270 1904/2368/2256 2805/2404/2282
f 2805/2404/2282 1904/2368/2256 421/1380/1340 1479/2406/1343
f 1897/2405/2264 2805/2404/2282 1479/2406/1343 412/2407/1345
f 90/243/243 980/290/290 2806/2408/2283 1896/2402/2281
f 980/290/290 102/254/254 1905/2371/2259 2806/2408/2283
f 2806/2408/2283 1905/2371/2259 422/1360/1320 1480/1400/1360
f 1896/2402/2281 2806/2408/2283 1480/1400/1360 410/1354/1314
f 116/329/329 987/341/341 2807/2409/2284 1915/2410/2285
f 987/341/341 104/295/295 1906/2411/2286 2807/2409/2284
f 2807/2409/2284 1906/2411/2286 424/1409/1369 1487/1452/1412
f 1915/2410/2285 2807/2409/2284 1487/1452/1412 436/1439/1399
f 117/314/314 988/313/313 2808/2412/2287 1916/2413/2288
f 988/313/313 108/312/312 1909/2414/2289 2808/2412/2287
f 2808/2412/2287 1909/2414/2289 428/1422/1382 1488/1421/1381
f 1916/2413/2288 2808/2412/2287 1488/1421/1381 437/1420/1380
f 112/315/315 990/325/325 2809/2415/2290 1912/2416/2291
f 990/325/325 107/324/324 1908/2417/2292 2809/2415/2290
f 2809/2415/2290 1908/2417/2292 427/1434/1394 1490/1437/1397
f 1912/2416/2291 2809/2415/2290 1490/1437/1397 432/1425/1385
f 108/312/312 991/340/340 2810/2418/2293 1909/2414/2289
f 991/340/340 113/338/338 1913/2419/2294 2810/2418/2293
f 2810/2418/2293 1913/2419/2294 433/1445/1405 1491/1450/1410
f 1909/2414/2289 2810/2418/2293 1491/1450/1410 428/1422/1382
f 109/299/299 993/301/301 2811/2420/2295 1910/2421/2296
f 993/301/301 114/305/305 1914/2422/2297 2811/2420/2295
f 2811/2420/2295 1914/2422/2297 434/2423/1372 1493/2424/1370
f 1910/2421/2296 2811/2420/2295 1493/2424/1370 429/1405/1365
f 111/291/291 994/294/294 2812/2425/2298 1911/2426/2299
f 994/294/294 109/299/299 1910/2421/2296 2812/2425/2298
f 2812/2425/2298 1910/2421/2296 429/1405/1365 1494/2427/1362
f 1911/2426/2299 2812/2425/2298 1494/2427/1362 431/2428/1361
f 104/295/295 996/292/292 2813/2429/2300 1906/2411/2286
f 996/292/292 111/291/291 1911/2426/2299 2813/2429/2300
f 2813/2429/2300 1911/2426/2299 431/2428/1361 1496/2430/1364
f 1906/2411/2286 2813/2429/2300 1496/2430/1364 424/1409/1369
f 113/338/338 998/337/337 2814/2431/2301 1913/2419/2294
f 998/337/337 274/336/336 2028/2432/2302 2814/2431/2301
f 2814/2431/2301 2028/2432/2302 594/2000/1407 1498/2433/1406
f 1913/2419/2294 2814/2431/2301 1498/2433/1406 433/1445/1405
f 273/319/319 1001/316/316 2815/2434/2303 2027/2435/2304
f 1001/316/316 112/315/315 1912/2416/2291 2815/2434/2303
f 2815/2434/2303 1912/2416/2291 432/1425/1385 1501/2436/1388
f 2027/2435/2304 2815/2434/2303 1501/2436/1388 593/1984/1393
f 114/305/305 1004/304/304 2816/2437/2305 1914/2422/2297
f 1004/304/304 105/303/303 1907/2438/2306 2816/2437/2305
f 2816/2437/2305 1907/2438/2306 425/1414/1374 1504/2439/1373
f 1914/2422/2297 2816/2437/2305 1504/2439/1373 434/2423/1372
f 107/324/324 1006/330/330 2817/2440/2307 1908/2417/2292
f 1006/330/330 116/329/329 1915/2410/2285 2817/2440/2307
f 2817/2440/2307 1915/2410/2285 436/1439/1399 1506/1442/1402
f 1908/2417/2292 2817/2440/2307 1506/1442/1402 427/1434/1394
f 105/303/303 1007/345/345 2818/2441/2308 1907/2438/2306
f 1007/345/345 117/314/314 1916/2413/2288 2818/2441/2308
f 2818/2441/2308 1916/2413/2288 437/1420/1380 1507/1455/1415
f 1907/2438/2306 2818/2441/2308 1507/1455/1415 425/1414/1374
f 131/398/398 1014/396/396 2819/2442/2309 1926/2443/2310
f 1014/396/396 119/350/350 1917/2444/2311 2819/2442/2309
f 2819/2442/2309 1917/2444/2311 439/1464/1424 1514/1507/1467
f 1926/2443/2310 2819/2442/2309 1514/1507/1467 451/1511/1471
f 743/369/369 1015/368/368 2820/2445/2312 2236/2446/2313
f 1015/368/368 123/367/367 1920/2447/2314 2820/2445/2312
f 2820/2445/2312 1920/2447/2314 443/1477/1437 1515/1476/1436
f 2236/2446/2313 2820/2445/2312 1515/1476/1436 746/1475/1435
f 127/370/370 1017/380/380 2821/2448/2315 1923/2449/2316
f 1017/380/380 122/379/379 1919/2450/2317 2821/2448/2315
f 2821/2448/2315 1919/2450/2317 442/1489/1449 1517/1492/1452
f 1923/2449/2316 2821/2448/2315 1517/1492/1452 447/1480/1440
f 123/367/367 1018/395/395 2822/2451/2318 1920/2447/2314
f 1018/395/395 128/393/393 1924/2452/2319 2822/2451/2318
f 2822/2451/2318 1924/2452/2319 448/1500/1460 1518/1505/1465
f 1920/2447/2314 2822/2451/2318 1518/1505/1465 443/1477/1437
f 124/354/354 1020/356/356 2823/2453/2320 1921/2454/2321
f 1020/356/356 129/360/360 1925/2455/2322 2823/2453/2320
f 2823/2453/2320 1925/2455/2322 449/2456/1427 1520/2457/1425
f 1921/2454/2321 2823/2453/2320 1520/2457/1425 444/1460/1420
f 126/346/346 1021/349/349 2824/2458/2323 1922/2459/2324
f 1021/349/349 124/354/354 1921/2454/2321 2824/2458/2323
f 2824/2458/2323 1921/2454/2321 444/1460/1420 1521/2460/1417
f 1922/2459/2324 2824/2458/2323 1521/2460/1417 446/2461/1416
f 119/350/350 1023/347/347 2825/2462/2325 1917/2444/2311
f 1023/347/347 126/346/346 1922/2459/2324 2825/2462/2325
f 2825/2462/2325 1922/2459/2324 446/2461/1416 1523/2463/1419
f 1917/2444/2311 2825/2462/2325 1523/2463/1419 439/1464/1424
f 128/393/393 1025/392/392 2826/2464/2326 1924/2452/2319
f 1025/392/392 292/391/391 2041/2465/2327 2826/2464/2326
f 2826/2464/2326 2041/2465/2327 612/2054/1462 1525/2466/1461
f 1924/2452/2319 2826/2464/2326 1525/2466/1461 448/1500/1460
f 291/374/374 1028/371/371 2827/2467/2328 2040/2468/2329
f 1028/371/371 127/370/370 1923/2449/2316 2827/2467/2328
f 2827/2467/2328 1923/2449/2316 447/1480/1440 1528/2469/1443
f 2040/2468/2329 2827/2467/2328 1528/2469/1443 611/2038/1448
f 129/360/360 1031/359/359 2828/2470/2330 1925/2455/2322
f 1031/359/359 120/358/358 1918/2471/2331 2828/2470/2330
f 2828/2470/2330 1918/2471/2331 440/1469/1429 1531/2472/1428
f 1925/2455/2322 2828/2470/2330 1531/2472/1428 449/2456/1427
f 745/384/384 1033/2473/2332 2829/2474/2333 2235/2475/2334
f 1033/2473/2332 131/398/398 1926/2443/2310 2829/2474/2333
f 2829/2474/2333 1926/2443/2310 451/1511/1471 1533/2476/2335
f 2235/2475/2334 2829/2474/2333 1533/2476/2335 748/1494/1454
f 120/358/358 1034/405/405 2830/2477/2336 1918/2471/2331
f 1034/405/405 132/404/404 1927/2478/2337 2830/2477/2336
f 2830/2477/2336 1927/2478/2337 452/1514/1474 1534/1513/1473
f 1918/2471/2331 2830/2477/2336 1534/1513/1473 440/1469/1429
f 146/444/444 1041/456/456 2831/2479/2338 1937/2480/2339
f 1041/456/456 134/410/410 1928/2481/2340 2831/2479/2338
f 2831/2479/2338 1928/2481/2340 454/1524/1484 1541/1567/1527
f 1937/2480/2339 2831/2479/2338 1541/1567/1527 466/1554/1514
f 147/429/429 1042/428/428 2832/2482/2341 1938/2483/2342
f 1042/428/428 138/427/427 1931/2484/2343 2832/2482/2341
f 2832/2482/2341 1931/2484/2343 458/1537/1497 1542/1536/1496
f 1938/2483/2342 2832/2482/2341 1542/1536/1496 467/1535/1495
f 142/430/430 1044/440/440 2833/2485/2344 1934/2486/2345
f 1044/440/440 137/439/439 1930/2487/2346 2833/2485/2344
f 2833/2485/2344 1930/2487/2346 457/1549/1509 1544/1552/1512
f 1934/2486/2345 2833/2485/2344 1544/1552/1512 462/1540/1500
f 138/427/427 1045/455/455 2834/2488/2347 1931/2484/2343
f 1045/455/455 143/453/453 1935/2489/2348 2834/2488/2347
f 2834/2488/2347 1935/2489/2348 463/1560/1520 1545/1565/1525
f 1931/2484/2343 2834/2488/2347 1545/1565/1525 458/1537/1497
f 139/414/414 1047/416/416 2835/2490/2349 1932/2491/2350
f 1047/416/416 144/420/420 1936/2492/2351 2835/2490/2349
f 2835/2490/2349 1936/2492/2351 464/2493/1487 1547/2494/1485
f 1932/2491/2350 2835/2490/2349 1547/2494/1485 459/1520/1480
f 141/406/406 1048/409/409 2836/2495/2352 1933/2496/2353
f 1048/409/409 139/414/414 1932/2491/2350 2836/2495/2352
f 2836/2495/2352 1932/2491/2350 459/1520/1480 1548/2497/1477
f 1933/2496/2353 2836/2495/2352 1548/2497/1477 461/2498/1476
f 134/410/410 1050/407/407 2837/2499/2354 1928/2481/2340
f 1050/407/407 141/406/406 1933/2496/2353 2837/2499/2354
f 2837/2499/2354 1933/2496/2353 461/2498/1476 1550/2500/1479
f 1928/2481/2340 2837/2499/2354 1550/2500/1479 454/1524/1484
f 143/453/453 1052/452/452 2838/2501/2355 1935/2489/2348
f 1052/452/452 310/451/451 2054/2502/2356 2838/2501/2355
f 2838/2501/2355 2054/2502/2356 630/2113/1522 1552/2503/1521
f 1935/2489/2348 2838/2501/2355 1552/2503/1521 463/1560/1520
f 309/434/434 1055/431/431 2839/2504/2357 2053/2505/2358
f 1055/431/431 142/430/430 1934/2486/2345 2839/2504/2357
f 2839/2504/2357 1934/2486/2345 462/1540/1500 1555/2506/1503
f 2053/2505/2358 2839/2504/2357 1555/2506/1503 629/2097/1508
f 144/420/420 1058/419/419 2840/2507/2359 1936/2492/2351
f 1058/419/419 135/418/418 1929/2508/2360 2840/2507/2359
f 2840/2507/2359 1929/2508/2360 455/1529/1489 1558/2509/1488
f 1936/2492/2351 2840/2507/2359 1558/2509/1488 464/2493/1487
f 137/439/439 1060/445/445 2841/2510/2361 1930/2487/2346
f 1060/445/445 146/444/444 1937/2480/2339 2841/2510/2361
f 2841/2510/2361 1937/2480/2339 466/1554/1514 1560/1557/1517
f 1930/2487/2346 2841/2510/2361 1560/1557/1517 457/1549/1509
f 135/418/418 1061/460/460 2842/2511/2362 1929/2508/2360
f 1061/460/460 147/429/429 1938/2483/2342 2842/2511/2362
f 2842/2511/2362 1938/2483/2342 467/1535/1495 1561/1570/1530
f 1929/2508/2360 2842/2511/2362 1561/1570/1530 455/1529/1489
f 161/499/499 1068/511/511 2843/2512/2363 1948/2513/2364
f 1068/511/511 149/465/465 1939/2514/2365 2843/2512/2363
f 2843/2512/2363 1939/2514/2365 469/1579/1539 1568/1622/1582
f 1948/2513/2364 2843/2512/2363 1568/1622/1582 481/1609/1569
f 162/484/484 1069/483/483 2844/2515/2366 1949/2516/2367
f 1069/483/483 153/482/482 1942/2517/2368 2844/2515/2366
f 2844/2515/2366 1942/2517/2368 473/1592/1552 1569/1591/1551
f 1949/2516/2367 2844/2515/2366 1569/1591/1551 482/1590/1550
f 157/485/485 1071/495/495 2845/2518/2369 1945/2519/2370
f 1071/495/495 152/494/494 1941/2520/2371 2845/2518/2369
f 2845/2518/2369 1941/2520/2371 472/1604/1564 1571/1607/1567
f 1945/2519/2370 2845/2518/2369 1571/1607/1567 477/1595/1555
f 153/482/482 1072/510/510 2846/2521/2372 1942/2517/2368
f 1072/510/510 158/508/508 1946/2522/2373 2846/2521/2372
f 2846/2521/2372 1946/2522/2373 478/1615/1575 1572/1620/1580
f 1942/2517/2368 2846/2521/2372 1572/1620/1580 473/1592/1552
f 154/469/469 1074/471/471 2847/2523/2374 1943/2524/2375
f 1074/471/471 159/475/475 1947/2525/2376 2847/2523/2374
f 2847/2523/2374 1947/2525/2376 479/2526/1542 1574/2527/1540
f 1943/2524/2375 2847/2523/2374 1574/2527/1540 474/1575/1535
f 156/461/461 1075/464/464 2848/2528/2377 1944/2529/2378
f 1075/464/464 154/469/469 1943/2524/2375 2848/2528/2377
f 2848/2528/2377 1943/2524/2375 474/1575/1535 1575/2530/1532
f 1944/2529/2378 2848/2528/2377 1575/2530/1532 476/2531/1531
f 149/465/465 1077/462/462 2849/2532/2379 1939/2514/2365
f 1077/462/462 156/461/461 1944/2529/2378 2849/2532/2379
f 2849/2532/2379 1944/2529/2378 476/2531/1531 1577/2533/1534
f 1939/2514/2365 2849/2532/2379 1577/2533/1534 469/1579/1539
f 158/508/508 1079/507/507 2850/2534/2380 1946/2522/2373
f 1079/507/507 328/506/506 2067/2535/2381 2850/2534/2380
f 2850/2534/2380 2067/2535/2381 648/2167/1577 1579/2536/1576
f 1946/2522/2373 2850/2534/2380 1579/2536/1576 478/1615/1575
f 327/489/489 1082/486/486 2851/2537/2382 2066/2538/2383
f 1082/486/486 157/485/485 1945/2519/2370 2851/2537/2382
f 2851/2537/2382 1945/2519/2370 477/1595/1555 1582/2539/1558
f 2066/2538/2383 2851/2537/2382 1582/2539/1558 647/2151/1563
f 159/475/475 1085/474/474 2852/2540/2384 1947/2525/2376
f 1085/474/474 150/473/473 1940/2541/2385 2852/2540/2384
f 2852/2540/2384 1940/2541/2385 470/1584/1544 1585/2542/1543
f 1947/2525/2376 2852/2540/2384 1585/2542/1543 479/2526/1542
f 152/494/494 1087/500/500 2853/2543/2386 1941/2520/2371
f 1087/500/500 161/499/499 1948/2513/2364 2853/2543/2386
f 2853/2543/2386 1948/2513/2364 481/1609/1569 1587/1612/1572
f 1941/2520/2371 2853/2543/2386 1587/1612/1572 472/1604/1564
f 150/473/473 1088/515/515 2854/2544/2387 1940/2541/2385
f 1088/515/515 162/484/484 1949/2516/2367 2854/2544/2387
f 2854/2544/2387 1949/2516/2367 482/1590/1550 1588/1625/1585
f 1940/2541/2385 2854/2544/2387 1588/1625/1585 470/1584/1544
f 173/554/554 1094/552/552 2855/2545/2388 1957/2546/2389
f 1094/552/552 164/520/520 1950/2547/2390 2855/2545/2388
f 2855/2545/2388 1950/2547/2390 484/1634/1594 1594/1663/1623
f 1957/2546/2389 2855/2545/2388 1594/1663/1623 493/1666/1626
f 174/545/545 1095/544/544 2856/2548/2391 1958/2549/2392
f 1095/544/544 170/543/543 1955/2550/2393 2856/2548/2391
f 2856/2548/2391 1955/2550/2393 490/1657/1617 1595/1656/1616
f 1958/2549/2392 2856/2548/2391 1595/1656/1616 494/1655/1615
f 166/524/524 1097/526/526 2857/2551/2394 1952/2552/2395
f 1097/526/526 171/530/530 1956/2553/2396 2857/2551/2394
f 2857/2551/2394 1956/2553/2396 491/2554/1597 1597/2555/1595
f 1952/2552/2395 2857/2551/2394 1597/2555/1595 486/1630/1590
f 168/516/516 1098/519/519 2858/2556/2397 1953/2557/2398
f 1098/519/519 166/524/524 1952/2552/2395 2858/2556/2397
f 2858/2556/2397 1952/2552/2395 486/1630/1590 1598/2558/1587
f 1953/2557/2398 2858/2556/2397 1598/2558/1587 488/2559/1586
f 164/520/520 1099/517/517 2859/2560/2399 1950/2547/2390
f 1099/517/517 168/516/516 1953/2557/2398 2859/2560/2399
f 2859/2560/2399 1953/2557/2398 488/2559/1586 1599/2561/1589
f 1950/2547/2390 2859/2560/2399 1599/2561/1589 484/1634/1594
f 170/543/543 1101/551/551 2860/2562/2400 1955/2550/2393
f 1101/551/551 343/550/550 2078/2563/2401 2860/2562/2400
f 2860/2562/2400 2078/2563/2401 663/2210/1620 1601/2564/1619
f 1955/2550/2393 2860/2562/2400 1601/2564/1619 490/1657/1617
f 342/535/535 1104/532/532 2861/2565/2402 2077/2566/2403
f 1104/532/532 169/531/531 1954/2567/2404 2861/2565/2402
f 2861/2565/2402 1954/2567/2404 489/1641/1601 1604/2568/1604
f 2077/2566/2403 2861/2565/2402 1604/2568/1604 662/2196/1609
f 171/530/530 1107/529/529 2862/2569/2405 1956/2553/2396
f 1107/529/529 165/528/528 1951/2570/2406 2862/2569/2405
f 2862/2569/2405 1951/2570/2406 485/1639/1599 1607/2571/1598
f 1956/2553/2396 2862/2569/2405 1607/2571/1598 491/2554/1597
f 169/531/531 1109/559/559 2863/2572/2407 1954/2567/2404
f 1109/559/559 173/554/554 1957/2546/2389 2863/2572/2407
f 2863/2572/2407 1957/2546/2389 493/1666/1626 1609/1670/1630
f 1954/2567/2404 2863/2572/2407 1609/1670/1630 489/1641/1601
f 165/528/528 1110/558/558 2864/2573/2408 1951/2570/2406
f 1110/558/558 174/545/545 1958/2549/2392 2864/2573/2408
f 2864/2573/2408 1958/2549/2392 494/1655/1615 1610/1668/1628
f 1951/2570/2406 2864/2573/2408 1610/1668/1628 485/1639/1599
f 179/7/7 1113/2574/566 2865/2575/2409 1963/2223/2143
f 1113/2574/566 176/565/565 1960/2576/2410 2865/2575/2409
f 2865/2575/2409 1960/2576/2410 496/1678/1636 1613/1677/1635
f 1963/2223/2143 2865/2575/2409 1613/1677/1635 499/1676/1077
f 204/650/642 1114/2577/651 2866/2578/2411 1979/2579/2412
f 1114/2577/651 175/2580/650 1959/2581/2413 2866/2578/2411
f 2866/2578/2411 1959/2581/2413 495/1769/1721 1614/1768/1720
f 1979/2579/2412 2866/2578/2411 1614/1768/1720 524/1763/1715
f 177/634/628 1115/2582/630 2867/2583/2414 1961/2584/2415
f 1115/2582/630 181/79/79 1964/2231/2148 2867/2583/2414
f 2867/2583/2414 1964/2231/2148 501/1747/1150 1615/1745/1699
f 1961/2584/2415 2867/2583/2414 1615/1745/1699 497/1743/1697
f 178/2585/652 1116/2586/655 2868/2587/2416 1962/2588/2417
f 1116/2586/655 205/639/631 1980/2589/2418 2868/2587/2416
f 2868/2587/2416 1980/2589/2418 525/1749/1701 1616/1771/1723
f 1962/2588/2417 2868/2587/2416 1616/1771/1723 498/1770/1722
f 200/654/646 1118/2590/653 2869/2591/2419 1976/2592/2420
f 1118/2590/653 178/2585/652 1962/2588/2417 2869/2591/2419
f 2869/2591/2419 1962/2588/2417 498/1770/1722 1618/1773/1725
f 1976/2592/2420 2869/2591/2419 1618/1773/1725 520/1764/1716
f 184/583/581 1123/665/657 2870/2593/2421 1965/2594/2422
f 1123/665/657 208/613/609 1981/2595/2423 2870/2593/2421
f 2870/2593/2421 1981/2595/2423 528/1723/1679 1623/1774/1726
f 1965/2594/2422 2870/2593/2421 1623/1774/1726 504/1689/1647
f 188/596/594 1124/595/593 2871/2596/2424 1968/2597/2425
f 1124/595/593 209/594/592 1982/2598/2426 2871/2596/2424
f 2871/2596/2424 1982/2598/2426 529/1708/1666 1624/1707/1665
f 1968/2597/2425 2871/2596/2424 1624/1707/1665 508/1706/1664
f 707/607/603 2157/610/606 2872/2599/2427 2164/2600/2428
f 2157/610/606 195/599/597 1973/2601/2429 2872/2599/2427
f 2872/2599/2427 1973/2601/2429 515/1709/1667 2160/1718/1674
f 2164/2600/2428 2872/2599/2427 2160/1718/1674 710/1717/1673
f 708/627/621 2158/2602/2430 2873/2603/2431 2163/2604/2432
f 2158/2602/2430 188/596/594 1968/2597/2425 2873/2603/2431
f 2873/2603/2431 1968/2597/2425 508/1706/1664 2161/2605/2433
f 2163/2604/2432 2873/2603/2431 2161/2605/2433 711/1738/1692
f 197/2606/584 1129/2607/582 2874/2608/2434 1975/2609/2435
f 1129/2607/582 189/579/577 1969/2610/2436 2874/2608/2434
f 2874/2608/2434 1969/2610/2436 509/1693/1651 1629/1695/1653
f 1975/2609/2435 2874/2608/2434 1629/1695/1653 517/1699/1657
f 189/579/577 1130/2611/574 2875/2612/2437 1969/2610/2436
f 1130/2611/574 194/2613/573 1972/2614/2438 2875/2612/2437
f 2875/2612/2437 1972/2614/2438 514/1685/1643 1630/1688/1646
f 1969/2610/2436 2875/2612/2437 1630/1688/1646 509/1693/1651
f 194/2613/573 1132/2615/576 2876/2616/2439 1972/2614/2438
f 1132/2615/576 184/583/581 1965/2594/2422 2876/2616/2439
f 2876/2616/2439 1965/2594/2422 504/1689/1647 1632/1686/1644
f 1972/2614/2438 2876/2616/2439 1632/1686/1644 514/1685/1643
f 193/64/64 1134/2617/618 2877/2618/2440 1971/2268/2176
f 1134/2617/618 196/621/617 1974/2619/2441 2877/2618/2440
f 2877/2618/2440 1974/2619/2441 516/1734/1688 1634/1733/1687
f 1971/2268/2176 2877/2618/2440 1634/1733/1687 513/1732/1135
f 195/599/597 1136/2620/600 2878/2621/2442 1973/2601/2429
f 1136/2620/600 192/44/44 1970/2271/2178 2878/2621/2442
f 2878/2621/2442 1970/2271/2178 512/1713/1118 1636/1710/1668
f 1973/2601/2429 2878/2621/2442 1636/1710/1668 515/1709/1667
f 185/588/586 1138/2622/585 2879/2623/2443 1966/2624/2444
f 1138/2622/585 197/2606/584 1975/2609/2435 2879/2623/2443
f 2879/2623/2443 1975/2609/2435 517/1699/1657 1638/1698/1656
f 1966/2624/2444 2879/2623/2443 1638/1698/1656 505/1697/1655
f 175/2580/650 1140/2625/647 2880/2626/2445 1959/2581/2413
f 1140/2625/647 200/654/646 1976/2592/2420 2880/2626/2445
f 2880/2626/2445 1976/2592/2420 520/1764/1716 1640/1767/1719
f 1959/2581/2413 2880/2626/2445 1640/1767/1719 495/1769/1721
f 714/2627/2446 1143/2628/2447 2881/2629/2448 2184/2630/2449
f 1143/2628/2447 201/652/644 1977/2631/2450 2881/2629/2448
f 2881/2629/2448 1977/2631/2450 521/1761/1713 1643/2632/2451
f 2184/2630/2449 2881/2629/2448 1643/2632/2451 720/2633/2452
f 715/629/623 2171/632/626 2882/2634/2453 2182/2635/2454
f 2171/632/626 177/634/628 1961/2584/2415 2882/2634/2453
f 2882/2634/2453 1961/2584/2415 497/1743/1697 2177/1740/1694
f 2182/2635/2454 2882/2634/2453 2177/1740/1694 721/1739/1693
f 201/652/644 1148/651/643 2883/2636/2455 1977/2631/2450
f 1148/651/643 204/650/642 1979/2579/2412 2883/2636/2455
f 2883/2636/2455 1979/2579/2412 524/1763/1715 1648/1762/1714
f 1977/2631/2450 2883/2636/2455 1648/1762/1714 521/1761/1713
f 205/639/631 1149/642/634 2884/2637/2456 1980/2589/2418
f 1149/642/634 202/647/639 1978/2638/2457 2884/2637/2456
f 2884/2637/2456 1978/2638/2457 522/1753/1705 1649/1750/1702
f 1980/2589/2418 2884/2637/2456 1649/1750/1702 525/1749/1701
f 208/613/609 1154/616/612 2885/2639/2458 1981/2595/2423
f 1154/616/612 187/618/614 1967/2640/2459 2885/2639/2458
f 2885/2639/2458 1967/2640/2459 507/1727/1683 1654/1724/1680
f 1981/2595/2423 2885/2639/2458 1654/1724/1680 528/1723/1679
f 209/594/592 1155/668/660 2886/2641/2460 1982/2598/2426
f 1155/668/660 185/588/586 1966/2624/2444 2886/2641/2460
f 2886/2641/2460 1966/2624/2444 505/1697/1655 1655/1778/1730
f 1982/2598/2426 2886/2641/2460 1655/1778/1730 529/1708/1666
f 211/677/669 1162/724/712 2887/2642/2461 1983/2643/2462
f 1162/724/712 226/707/697 1994/2644/2463 2887/2642/2461
f 2887/2642/2461 1994/2644/2463 546/1817/1767 1662/1833/1781
f 1983/2643/2462 2887/2642/2461 1662/1833/1781 531/1783/1735
f 215/690/682 1163/689/681 2888/2645/2464 1986/2646/2465
f 1163/689/681 227/688/680 1995/2647/2466 2888/2645/2464
f 2888/2645/2464 1995/2647/2466 547/1802/1754 1663/1801/1753
f 1986/2646/2465 2888/2645/2464 1663/1801/1753 535/1800/1752
f 725/701/691 2193/704/694 2889/2648/2467 2200/2649/2468
f 2193/704/694 222/693/685 1991/2650/2469 2889/2648/2467
f 2889/2648/2467 1991/2650/2469 542/1803/1755 2196/1812/1762
f 2200/2649/2468 2889/2648/2467 2196/1812/1762 728/1811/1761
f 726/721/709 2194/2651/2470 2890/2652/2471 2199/2653/2472
f 2194/2651/2470 215/690/682 1986/2646/2465 2890/2652/2471
f 2890/2652/2471 1986/2646/2465 535/1800/1752 2197/2654/2473
f 2199/2653/2472 2890/2652/2471 2197/2654/2473 729/1832/1780
f 224/2655/672 1168/2656/670 2891/2657/2474 1993/2658/2475
f 1168/2656/670 216/673/665 1987/2659/2476 2891/2657/2474
f 2891/2657/2474 1987/2659/2476 536/1787/1739 1668/1789/1741
f 1993/2658/2475 2891/2657/2474 1668/1789/1741 544/1793/1745
f 216/673/665 1169/2660/662 2892/2661/2477 1987/2659/2476
f 1169/2660/662 221/2662/661 1990/2663/2478 2892/2661/2477
f 2892/2661/2477 1990/2663/2478 541/1779/1731 1669/1782/1734
f 1987/2659/2476 2892/2661/2477 1669/1782/1734 536/1787/1739
f 221/2662/661 1171/2664/664 2893/2665/2479 1990/2663/2478
f 1171/2664/664 211/677/669 1983/2643/2462 2893/2665/2479
f 2893/2665/2479 1983/2643/2462 531/1783/1735 1671/1780/1732
f 1990/2663/2478 2893/2665/2479 1671/1780/1732 541/1779/1731
f 220/159/159 1173/2666/706 2894/2667/2480 1989/2319/2218
f 1173/2666/706 223/715/705 1992/2668/2481 2894/2667/2480
f 2894/2667/2480 1992/2668/2481 543/1828/1776 1673/1827/1775
f 1989/2319/2218 2894/2667/2480 1673/1827/1775 540/1826/1230
f 222/693/685 1175/2669/688 2895/2670/2482 1991/2650/2469
f 1175/2669/688 219/139/139 1988/2322/2220 2895/2670/2482
f 2895/2670/2482 1988/2322/2220 539/1807/1213 1675/1804/1756
f 1991/2650/2469 2895/2670/2482 1675/1804/1756 542/1803/1755
f 212/682/674 1177/2671/673 2896/2672/2483 1984/2673/2484
f 1177/2671/673 224/2655/672 1993/2658/2475 2896/2672/2483
f 2896/2672/2483 1993/2658/2475 544/1793/1745 1677/1792/1744
f 1984/2673/2484 2896/2672/2483 1677/1792/1744 532/1791/1743
f 226/707/697 1179/710/700 2897/2674/2485 1994/2644/2463
f 1179/710/700 214/712/702 1985/2675/2486 2897/2674/2485
f 2897/2674/2485 1985/2675/2486 534/1821/1771 1679/1818/1768
f 1994/2644/2463 2897/2674/2485 1679/1818/1768 546/1817/1767
f 227/688/680 1180/727/715 2898/2676/2487 1995/2647/2466
f 1180/727/715 212/682/674 1984/2673/2484 2898/2676/2487
f 2898/2676/2487 1984/2673/2484 532/1791/1743 1680/1837/1785
f 1995/2647/2466 2898/2676/2487 1680/1837/1785 547/1802/1754
f 229/736/724 1187/783/767 2899/2677/2488 1996/2678/2489
f 1187/783/767 244/766/752 2007/2679/2490 2899/2677/2488
f 2899/2677/2488 2007/2679/2490 564/1876/1822 1687/1892/1836
f 1996/2678/2489 2899/2677/2488 1687/1892/1836 549/1842/1790
f 233/749/737 1188/748/736 2900/2680/2491 1999/2681/2492
f 1188/748/736 245/747/735 2008/2682/2493 2900/2680/2491
f 2900/2680/2491 2008/2682/2493 565/1861/1809 1688/1860/1808
f 1999/2681/2492 2900/2680/2491 1688/1860/1808 553/1859/1807
f 731/760/746 2205/763/749 2901/2683/2494 2212/2684/2495
f 2205/763/749 240/752/740 2004/2685/2496 2901/2683/2494
f 2901/2683/2494 2004/2685/2496 560/1862/1810 2208/1871/1817
f 2212/2684/2495 2901/2683/2494 2208/1871/1817 734/1870/1816
f 732/780/764 2206/2686/2497 2902/2687/2498 2211/2688/2499
f 2206/2686/2497 233/749/737 1999/2681/2492 2902/2687/2498
f 2902/2687/2498 1999/2681/2492 553/1859/1807 2209/2689/2500
f 2211/2688/2499 2902/2687/2498 2209/2689/2500 735/1891/1835
f 242/2690/727 1193/2691/725 2903/2692/2501 2006/2693/2502
f 1193/2691/725 234/732/720 2000/2694/2503 2903/2692/2501
f 2903/2692/2501 2000/2694/2503 554/1846/1794 1693/1848/1796
f 2006/2693/2502 2903/2692/2501 1693/1848/1796 562/1852/1800
f 234/732/720 1194/2695/717 2904/2696/2504 2000/2694/2503
f 1194/2695/717 239/2697/716 2003/2698/2505 2904/2696/2504
f 2904/2696/2504 2003/2698/2505 559/1838/1786 1694/1841/1789
f 2000/2694/2503 2904/2696/2504 1694/1841/1789 554/1846/1794
f 239/2697/716 1196/2699/719 2905/2700/2506 2003/2698/2505
f 1196/2699/719 229/736/724 1996/2678/2489 2905/2700/2506
f 2905/2700/2506 1996/2678/2489 549/1842/1790 1696/1839/1787
f 2003/2698/2505 2905/2700/2506 1696/1839/1787 559/1838/1786
f 238/219/219 1198/2701/761 2906/2702/2507 2002/2356/2247
f 1198/2701/761 241/774/760 2005/2703/2508 2906/2702/2507
f 2906/2702/2507 2005/2703/2508 561/1887/1831 1698/1886/1830
f 2002/2356/2247 2906/2702/2507 1698/1886/1830 558/1885/1290
f 240/752/740 1200/2704/743 2907/2705/2509 2004/2685/2496
f 1200/2704/743 237/199/199 2001/2359/2249 2907/2705/2509
f 2907/2705/2509 2001/2359/2249 557/1866/1273 1700/1863/1811
f 2004/2685/2496 2907/2705/2509 1700/1863/1811 560/1862/1810
f 230/741/729 1202/2706/728 2908/2707/2510 1997/2708/2511
f 1202/2706/728 242/2690/727 2006/2693/2502 2908/2707/2510
f 2908/2707/2510 2006/2693/2502 562/1852/1800 1702/1851/1799
f 1997/2708/2511 2908/2707/2510 1702/1851/1799 550/1850/1798
f 244/766/752 1204/769/755 2909/2709/2512 2007/2679/2490
f 1204/769/755 232/771/757 1998/2710/2513 2909/2709/2512
f 2909/2709/2512 1998/2710/2513 552/1880/1826 1704/1877/1823
f 2007/2679/2490 2909/2709/2512 1704/1877/1823 564/1876/1822
f 245/747/735 1205/786/770 2910/2711/2514 2008/2682/2493
f 1205/786/770 230/741/729 1997/2708/2511 2910/2711/2514
f 2910/2711/2514 1997/2708/2511 550/1850/1798 1705/1896/1840
f 2008/2682/2493 2910/2711/2514 1705/1896/1840 565/1861/1809
f 247/795/779 1212/842/822 2911/2712/2515 2009/2713/2516
f 1212/842/822 262/825/807 2020/2714/2517 2911/2712/2515
f 2911/2712/2515 2020/2714/2517 582/1935/1877 1712/1951/1891
f 2009/2713/2516 2911/2712/2515 1712/1951/1891 567/1901/1845
f 251/808/792 1213/807/791 2912/2715/2518 2012/2716/2519
f 1213/807/791 263/806/790 2021/2717/2520 2912/2715/2518
f 2912/2715/2518 2021/2717/2520 583/1920/1864 1713/1919/1863
f 2012/2716/2519 2912/2715/2518 1713/1919/1863 571/1918/1862
f 737/819/801 2217/822/804 2913/2718/2521 2224/2719/2522
f 2217/822/804 258/811/795 2017/2720/2523 2913/2718/2521
f 2913/2718/2521 2017/2720/2523 578/1921/1865 2220/1930/1872
f 2224/2719/2522 2913/2718/2521 2220/1930/1872 740/1929/1871
f 738/839/819 2218/2721/2524 2914/2722/2525 2223/2723/2526
f 2218/2721/2524 251/808/792 2012/2716/2519 2914/2722/2525
f 2914/2722/2525 2012/2716/2519 571/1918/1862 2221/2724/2527
f 2223/2723/2526 2914/2722/2525 2221/2724/2527 741/1950/1890
f 260/2725/782 1218/2726/780 2915/2727/2528 2019/2728/2529
f 1218/2726/780 252/791/775 2013/2729/2530 2915/2727/2528
f 2915/2727/2528 2013/2729/2530 572/1905/1849 1718/1907/1851
f 2019/2728/2529 2915/2727/2528 1718/1907/1851 580/1911/1855
f 252/791/775 1219/2730/772 2916/2731/2531 2013/2729/2530
f 1219/2730/772 257/2732/771 2016/2733/2532 2916/2731/2531
f 2916/2731/2531 2016/2733/2532 577/1897/1841 1719/1900/1844
f 2013/2729/2530 2916/2731/2531 1719/1900/1844 572/1905/1849
f 257/2732/771 1221/2734/774 2917/2735/2533 2016/2733/2532
f 1221/2734/774 247/795/779 2009/2713/2516 2917/2735/2533
f 2917/2735/2533 2009/2713/2516 567/1901/1845 1721/1898/1842
f 2016/2733/2532 2917/2735/2533 1721/1898/1842 577/1897/1841
f 256/279/279 1223/2736/816 2918/2737/2534 2015/2395/2276
f 1223/2736/816 259/833/815 2018/2738/2535 2918/2737/2534
f 2918/2737/2534 2018/2738/2535 579/1946/1886 1723/1945/1885
f 2015/2395/2276 2918/2737/2534 1723/1945/1885 576/1944/1350
f 258/811/795 1225/2739/798 2919/2740/2536 2017/2720/2523
f 1225/2739/798 255/259/259 2014/2398/2278 2919/2740/2536
f 2919/2740/2536 2014/2398/2278 575/1925/1333 1725/1922/1866
f 2017/2720/2523 2919/2740/2536 1725/1922/1866 578/1921/1865
f 248/800/784 1227/2741/783 2920/2742/2537 2010/2743/2538
f 1227/2741/783 260/2725/782 2019/2728/2529 2920/2742/2537
f 2920/2742/2537 2019/2728/2529 580/1911/1855 1727/1910/1854
f 2010/2743/2538 2920/2742/2537 1727/1910/1854 568/1909/1853
f 262/825/807 1229/828/810 2921/2744/2539 2020/2714/2517
f 1229/828/810 250/830/812 2011/2745/2540 2921/2744/2539
f 2921/2744/2539 2011/2745/2540 570/1939/1881 1729/1936/1878
f 2020/2714/2517 2921/2744/2539 1729/1936/1878 582/1935/1877
f 263/806/790 1230/845/825 2922/2746/2541 2021/2717/2520
f 1230/845/825 248/800/784 2010/2743/2538 2922/2746/2541
f 2922/2746/2541 2010/2743/2538 568/1909/1853 1730/1955/1895
f 2021/2717/2520 2922/2746/2541 1730/1955/1895 583/1920/1864
f 265/854/834 1237/896/872 2923/2747/2542 2022/2748/2543
f 1237/896/872 280/883/861 2033/2749/2544 2923/2747/2542
f 2923/2747/2542 2033/2749/2544 600/1993/1931 1737/2005/1941
f 2022/2748/2543 2923/2747/2542 1737/2005/1941 585/1960/1900
f 269/867/847 1238/866/846 2924/2750/2545 2025/2751/2546
f 1238/866/846 281/865/845 2034/2752/2547 2924/2750/2545
f 2924/2750/2545 2034/2752/2547 601/1979/1919 1738/1978/1918
f 2025/2751/2546 2924/2750/2545 1738/1978/1918 589/1977/1917
f 268/878/856 1240/881/859 2925/2753/2548 2024/2754/2549
f 1240/881/859 276/870/850 2030/2755/2550 2925/2753/2548
f 2925/2753/2548 2030/2755/2550 596/1980/1920 1740/1989/1927
f 2024/2754/2549 2925/2753/2548 1740/1989/1927 588/1988/1926
f 277/889/867 1241/894/870 2926/2756/2551 2031/2757/2552
f 1241/894/870 269/867/847 2025/2751/2546 2926/2756/2551
f 2926/2756/2551 2025/2751/2546 589/1977/1917 1741/2004/1940
f 2031/2757/2552 2926/2756/2551 1741/2004/1940 597/2002/1938
f 278/2758/837 1243/2759/835 2927/2760/2553 2032/2761/2554
f 1243/2759/835 270/850/830 2026/2762/2555 2927/2760/2553
f 2927/2760/2553 2026/2762/2555 590/1964/1904 1743/1966/1906
f 2032/2761/2554 2927/2760/2553 1743/1966/1906 598/1970/1910
f 270/850/830 1244/2763/827 2928/2764/2556 2026/2762/2555
f 1244/2763/827 275/2765/826 2029/2766/2557 2928/2764/2556
f 2928/2764/2556 2029/2766/2557 595/1956/1896 1744/1959/1899
f 2026/2762/2555 2928/2764/2556 1744/1959/1899 590/1964/1904
f 275/2765/826 1246/2767/829 2929/2768/2558 2029/2766/2557
f 1246/2767/829 265/854/834 2022/2748/2543 2929/2768/2558
f 2929/2768/2558 2022/2748/2543 585/1960/1900 1746/1957/1897
f 2029/2766/2557 2929/2768/2558 1746/1957/1897 595/1956/1896
f 274/336/336 1248/2769/868 2930/2770/2559 2028/2432/2302
f 1248/2769/868 277/889/867 2031/2757/2552 2930/2770/2559
f 2930/2770/2559 2031/2757/2552 597/2002/1938 1748/2001/1937
f 2028/2432/2302 2930/2770/2559 1748/2001/1937 594/2000/1407
f 276/870/850 1250/2771/853 2931/2772/2560 2030/2755/2550
f 1250/2771/853 273/319/319 2027/2435/2304 2931/2772/2560
f 2931/2772/2560 2027/2435/2304 593/1984/1393 1750/1981/1921
f 2030/2755/2550 2931/2772/2560 1750/1981/1921 596/1980/1920
f 266/859/839 1252/2773/838 2932/2774/2561 2023/2775/2562
f 1252/2773/838 278/2758/837 2032/2761/2554 2932/2774/2561
f 2932/2774/2561 2032/2761/2554 598/1970/1910 1752/1969/1909
f 2023/2775/2562 2932/2774/2561 1752/1969/1909 586/1968/1908
f 280/883/861 1254/886/864 2933/2776/2563 2033/2749/2544
f 1254/886/864 268/878/856 2024/2754/2549 2933/2776/2563
f 2933/2776/2563 2024/2754/2549 588/1988/1926 1754/1994/1932
f 2033/2749/2544 2933/2776/2563 1754/1994/1932 600/1993/1931
f 281/865/845 1255/899/875 2934/2777/2564 2034/2752/2547
f 1255/899/875 266/859/839 2023/2775/2562 2934/2777/2564
f 2934/2777/2564 2023/2775/2562 586/1968/1908 1755/2009/1945
f 2034/2752/2547 2934/2777/2564 1755/2009/1945 601/1979/1919
f 283/908/884 1262/950/922 2935/2778/2565 2035/2779/2566
f 1262/950/922 298/954/926 2046/2780/2567 2935/2778/2565
f 2935/2778/2565 2046/2780/2567 618/2061/1993 1762/2059/1991
f 2035/2779/2566 2935/2778/2565 1762/2059/1991 603/2014/1950
f 749/919/895 2241/2781/2568 2936/2782/2569 2248/2783/2570
f 2241/2781/2568 299/957/929 2047/2784/2571 2936/2782/2569
f 2936/2782/2569 2047/2784/2571 619/2067/1999 2244/2785/2572
f 2248/2783/2570 2936/2782/2569 2244/2785/2572 752/2033/1969
f 286/932/906 1265/935/909 2937/2786/2573 2037/2787/2574
f 1265/935/909 294/924/900 2043/2788/2575 2937/2786/2573
f 2937/2786/2573 2043/2788/2575 614/2034/1970 1765/2043/1977
f 2037/2787/2574 2937/2786/2573 1765/2043/1977 606/2042/1976
f 295/943/917 1266/948/920 2938/2789/2576 2044/2790/2577
f 1266/948/920 287/921/897 2038/2791/2578 2938/2789/2576
f 2938/2789/2576 2038/2791/2578 607/2031/1967 1766/2058/1990
f 2044/2790/2577 2938/2789/2576 1766/2058/1990 615/2056/1988
f 296/2792/887 1268/2793/885 2939/2794/2579 2045/2795/2580
f 1268/2793/885 288/904/880 2039/2796/2581 2939/2794/2579
f 2939/2794/2579 2039/2796/2581 608/2018/1954 1768/2020/1956
f 2045/2795/2580 2939/2794/2579 1768/2020/1956 616/2024/1960
f 288/904/880 1269/2797/877 2940/2798/2582 2039/2796/2581
f 1269/2797/877 293/2799/876 2042/2800/2583 2940/2798/2582
f 2940/2798/2582 2042/2800/2583 613/2010/1946 1769/2013/1949
f 2039/2796/2581 2940/2798/2582 1769/2013/1949 608/2018/1954
f 293/2799/876 1271/2801/879 2941/2802/2584 2042/2800/2583
f 1271/2801/879 283/908/884 2035/2779/2566 2941/2802/2584
f 2941/2802/2584 2035/2779/2566 603/2014/1950 1771/2011/1947
f 2042/2800/2583 2941/2802/2584 1771/2011/1947 613/2010/1946
f 292/391/391 1273/2803/918 2942/2804/2585 2041/2465/2327
f 1273/2803/918 295/943/917 2044/2790/2577 2942/2804/2585
f 2942/2804/2585 2044/2790/2577 615/2056/1988 1773/2055/1987
f 2041/2465/2327 2942/2804/2585 1773/2055/1987 612/2054/1462
f 294/924/900 1275/2805/903 2943/2806/2586 2043/2788/2575
f 1275/2805/903 291/374/374 2040/2468/2329 2943/2806/2586
f 2943/2806/2586 2040/2468/2329 611/2038/1448 1775/2035/1971
f 2043/2788/2575 2943/2806/2586 1775/2035/1971 614/2034/1970
f 284/913/889 1277/2807/888 2944/2808/2587 2036/2809/2588
f 1277/2807/888 296/2792/887 2045/2795/2580 2944/2808/2587
f 2944/2808/2587 2045/2795/2580 616/2024/1960 1777/2023/1959
f 2036/2809/2588 2944/2808/2587 1777/2023/1959 604/2022/1958
f 751/937/911 2243/940/914 2945/2810/2589 2247/2811/2590
f 2243/940/914 286/932/906 2037/2787/2574 2945/2810/2589
f 2945/2810/2589 2037/2787/2574 606/2042/1976 2246/2048/1982
f 2247/2811/2590 2945/2810/2589 2246/2048/1982 754/2047/1981
f 299/957/929 1280/956/928 2946/2812/2591 2047/2784/2571
f 1280/956/928 284/913/889 2036/2809/2588 2946/2812/2591
f 2946/2812/2591 2036/2809/2588 604/2022/1958 1780/2068/2000
f 2047/2784/2571 2946/2812/2591 1780/2068/2000 619/2067/1999
f 301/967/939 1287/1009/977 2947/2813/2592 2048/2814/2593
f 1287/1009/977 316/996/966 2059/2815/2594 2947/2813/2592
f 2947/2813/2592 2059/2815/2594 636/2106/2036 1787/2118/2046
f 2048/2814/2593 2947/2813/2592 1787/2118/2046 621/2073/2005
f 305/980/952 1288/979/951 2948/2816/2595 2051/2817/2596
f 1288/979/951 317/978/950 2060/2818/2597 2948/2816/2595
f 2948/2816/2595 2060/2818/2597 637/2092/2024 1788/2091/2023
f 2051/2817/2596 2948/2816/2595 1788/2091/2023 625/2090/2022
f 304/991/961 1290/994/964 2949/2819/2598 2050/2820/2599
f 1290/994/964 312/983/955 2056/2821/2600 2949/2819/2598
f 2949/2819/2598 2056/2821/2600 632/2093/2025 1790/2102/2032
f 2050/2820/2599 2949/2819/2598 1790/2102/2032 624/2101/2031
f 313/1002/972 1291/1007/975 2950/2822/2601 2057/2823/2602
f 1291/1007/975 305/980/952 2051/2817/2596 2950/2822/2601
f 2950/2822/2601 2051/2817/2596 625/2090/2022 1791/2117/2045
f 2057/2823/2602 2950/2822/2601 1791/2117/2045 633/2115/2043
f 314/2824/942 1293/2825/940 2951/2826/2603 2058/2827/2604
f 1293/2825/940 306/963/935 2052/2828/2605 2951/2826/2603
f 2951/2826/2603 2052/2828/2605 626/2077/2009 1793/2079/2011
f 2058/2827/2604 2951/2826/2603 1793/2079/2011 634/2083/2015
f 306/963/935 1294/2829/932 2952/2830/2606 2052/2828/2605
f 1294/2829/932 311/2831/931 2055/2832/2607 2952/2830/2606
f 2952/2830/2606 2055/2832/2607 631/2069/2001 1794/2072/2004
f 2052/2828/2605 2952/2830/2606 1794/2072/2004 626/2077/2009
f 311/2831/931 1296/2833/934 2953/2834/2608 2055/2832/2607
f 1296/2833/934 301/967/939 2048/2814/2593 2953/2834/2608
f 2953/2834/2608 2048/2814/2593 621/2073/2005 1796/2070/2002
f 2055/2832/2607 2953/2834/2608 1796/2070/2002 631/2069/2001
f 310/451/451 1298/2835/973 2954/2836/2609 2054/2502/2356
f 1298/2835/973 313/1002/972 2057/2823/2602 2954/2836/2609
f 2954/2836/2609 2057/2823/2602 633/2115/2043 1798/2114/2042
f 2054/2502/2356 2954/2836/2609 1798/2114/2042 630/2113/1522
f 312/983/955 1300/2837/958 2955/2838/2610 2056/2821/2600
f 1300/2837/958 309/434/434 2053/2505/2358 2955/2838/2610
f 2955/2838/2610 2053/2505/2358 629/2097/1508 1800/2094/2026
f 2056/2821/2600 2955/2838/2610 1800/2094/2026 632/2093/2025
f 302/972/944 1302/2839/943 2956/2840/2611 2049/2841/2612
f 1302/2839/943 314/2824/942 2058/2827/2604 2956/2840/2611
f 2956/2840/2611 2058/2827/2604 634/2083/2015 1802/2082/2014
f 2049/2841/2612 2956/2840/2611 1802/2082/2014 622/2081/2013
f 316/996/966 1304/999/969 2957/2842/2613 2059/2815/2594
f 1304/999/969 304/991/961 2050/2820/2599 2957/2842/2613
f 2957/2842/2613 2050/2820/2599 624/2101/2031 1804/2107/2037
f 2059/2815/2594 2957/2842/2613 1804/2107/2037 636/2106/2036
f 317/978/950 1305/1012/980 2958/2843/2614 2060/2818/2597
f 1305/1012/980 302/972/944 2049/2841/2612 2958/2843/2614
f 2958/2843/2614 2049/2841/2612 622/2081/2013 1805/2122/2050
f 2060/2818/2597 2958/2843/2614 1805/2122/2050 637/2092/2024
f 319/1021/989 1312/1063/1027 2959/2844/2615 2061/2845/2616
f 1312/1063/1027 334/1050/1016 2072/2846/2617 2959/2844/2615
f 2959/2844/2615 2072/2846/2617 654/2160/2086 1812/2172/2096
f 2061/2845/2616 2959/2844/2615 1812/2172/2096 639/2127/2055
f 323/1034/1002 1313/1033/1001 2960/2847/2618 2064/2848/2619
f 1313/1033/1001 335/1032/1000 2073/2849/2620 2960/2847/2618
f 2960/2847/2618 2073/2849/2620 655/2146/2074 1813/2145/2073
f 2064/2848/2619 2960/2847/2618 1813/2145/2073 643/2144/2072
f 322/1045/1011 1315/1048/1014 2961/2850/2621 2063/2851/2622
f 1315/1048/1014 330/1037/1005 2069/2852/2623 2961/2850/2621
f 2961/2850/2621 2069/2852/2623 650/2147/2075 1815/2156/2082
f 2063/2851/2622 2961/2850/2621 1815/2156/2082 642/2155/2081
f 331/1056/1022 1316/1061/1025 2962/2853/2624 2070/2854/2625
f 1316/1061/1025 323/1034/1002 2064/2848/2619 2962/2853/2624
f 2962/2853/2624 2064/2848/2619 643/2144/2072 1816/2171/2095
f 2070/2854/2625 2962/2853/2624 1816/2171/2095 651/2169/2093
f 332/2855/992 1318/2856/990 2963/2857/2626 2071/2858/2627
f 1318/2856/990 324/1017/985 2065/2859/2628 2963/2857/2626
f 2963/2857/2626 2065/2859/2628 644/2131/2059 1818/2133/2061
f 2071/2858/2627 2963/2857/2626 1818/2133/2061 652/2137/2065
f 324/1017/985 1319/2860/982 2964/2861/2629 2065/2859/2628
f 1319/2860/982 329/2862/981 2068/2863/2630 2964/2861/2629
f 2964/2861/2629 2068/2863/2630 649/2123/2051 1819/2126/2054
f 2065/2859/2628 2964/2861/2629 1819/2126/2054 644/2131/2059
f 329/2862/981 1321/2864/984 2965/2865/2631 2068/2863/2630
f 1321/2864/984 319/1021/989 2061/2845/2616 2965/2865/2631
f 2965/2865/2631 2061/2845/2616 639/2127/2055 1821/2124/2052
f 2068/2863/2630 2965/2865/2631 1821/2124/2052 649/2123/2051
f 328/506/506 1323/2866/1023 2966/2867/2632 2067/2535/2381
f 1323/2866/1023 331/1056/1022 2070/2854/2625 2966/2867/2632
f 2966/2867/2632 2070/2854/2625 651/2169/2093 1823/2168/2092
f 2067/2535/2381 2966/2867/2632 1823/2168/2092 648/2167/1577
f 330/1037/1005 1325/2868/1008 2967/2869/2633 2069/2852/2623
f 1325/2868/1008 327/489/489 2066/2538/2383 2967/2869/2633
f 2967/2869/2633 2066/2538/2383 647/2151/1563 1825/2148/2076
f 2069/2852/2623 2967/2869/2633 1825/2148/2076 650/2147/2075
f 320/1026/994 1327/2870/993 2968/2871/2634 2062/2872/2635
f 1327/2870/993 332/2855/992 2071/2858/2627 2968/2871/2634
f 2968/2871/2634 2071/2858/2627 652/2137/2065 1827/2136/2064
f 2062/2872/2635 2968/2871/2634 1827/2136/2064 640/2135/2063
f 334/1050/1016 1329/1053/1019 2969/2873/2636 2072/2846/2617
f 1329/1053/1019 322/1045/1011 2063/2851/2622 2969/2873/2636
f 2969/2873/2636 2063/2851/2622 642/2155/2081 1829/2161/2087
f 2072/2846/2617 2969/2873/2636 1829/2161/2087 654/2160/2086
f 335/1032/1000 1330/1066/1030 2970/2874/2637 2073/2849/2620
f 1330/1066/1030 320/1026/994 2062/2872/2635 2970/2874/2637
f 2970/2874/2637 2062/2872/2635 640/2135/2063 1830/2176/2100
f 2073/2849/2620 2970/2874/2637 1830/2176/2100 655/2146/2074
f 337/1075/1039 1336/1103/1063 2971/2875/2638 2074/2876/2639
f 1336/1103/1063 349/1106/1066 2083/2877/2640 2971/2875/2638
f 2971/2875/2638 2083/2877/2640 669/2214/2134 1836/2212/2132
f 2074/2876/2639 2971/2875/2638 1836/2212/2132 657/2181/2105
f 346/1097/1059 1337/1096/1058 2972/2878/2641 2081/2879/2642
f 1337/1096/1058 350/1095/1057 2084/2880/2643 2972/2878/2641
f 2972/2878/2641 2084/2880/2643 670/2205/2127 1837/2204/2126
f 2081/2879/2642 2972/2878/2641 1837/2204/2126 666/2203/2125
f 347/2881/1042 1339/2882/1040 2973/2883/2644 2082/2884/2645
f 1339/2882/1040 339/1071/1035 2076/2885/2646 2973/2883/2644
f 2973/2883/2644 2076/2885/2646 659/2185/2109 1839/2187/2111
f 2082/2884/2645 2973/2883/2644 1839/2187/2111 667/2191/2115
f 339/1071/1035 1340/2886/1032 2974/2887/2647 2076/2885/2646
f 1340/2886/1032 344/2888/1031 2079/2889/2648 2974/2887/2647
f 2974/2887/2647 2079/2889/2648 664/2177/2101 1840/2180/2104
f 2076/2885/2646 2974/2887/2647 1840/2180/2104 659/2185/2109
f 344/2888/1031 1341/2890/1034 2975/2891/2649 2079/2889/2648
f 1341/2890/1034 337/1075/1039 2074/2876/2639 2975/2891/2649
f 2975/2891/2649 2074/2876/2639 657/2181/2105 1841/2178/2102
f 2079/2889/2648 2975/2891/2649 1841/2178/2102 664/2177/2101
f 343/550/550 1343/2892/1061 2976/2893/2650 2078/2563/2401
f 1343/2892/1061 346/1097/1059 2081/2879/2642 2976/2893/2650
f 2976/2893/2650 2081/2879/2642 666/2203/2125 1843/2211/2131
f 2078/2563/2401 2976/2893/2650 1843/2211/2131 663/2210/1620
f 345/1082/1046 1345/2894/1049 2977/2895/2651 2080/2896/2652
f 1345/2894/1049 342/535/535 2077/2566/2403 2977/2895/2651
f 2977/2895/2651 2077/2566/2403 662/2196/1609 1845/2193/2117
f 2080/2896/2652 2977/2895/2651 1845/2193/2117 665/2192/2116
f 338/1080/1044 1347/2897/1043 2978/2898/2653 2075/2899/2654
f 1347/2897/1043 347/2881/1042 2082/2884/2645 2978/2898/2653
f 2978/2898/2653 2082/2884/2645 667/2191/2115 1847/2190/2114
f 2075/2899/2654 2978/2898/2653 1847/2190/2114 658/2189/2113
f 349/1106/1066 1349/1110/1070 2979/2900/2655 2083/2877/2640
f 1349/1110/1070 345/1082/1046 2080/2896/2652 2979/2900/2655
f 2979/2900/2655 2080/2896/2652 665/2192/2116 1849/2219/2139
f 2083/2877/2640 2979/2900/2655 1849/2219/2139 669/2214/2134
f 350/1095/1057 1350/1108/1068 2980/2901/2656 2084/2880/2643
f 1350/1108/1068 338/1080/1044 2075/2899/2654 2980/2901/2656
f 2980/2901/2656 2075/2899/2654 658/2189/2113 1850/2218/2138
f 2084/2880/2643 2980/2901/2656 1850/2218/2138 670/2205/2127
f 78/192/192 2086/2902/2657 2981/2903/2658 1887/2335/2231
f 2086/2902/2657 672/225/225 2091/2342/2238 2981/2903/2658
f 2981/2903/2658 2091/2342/2238 675/1334/1294 2089/2904/2659
f 1887/2335/2231 2981/2903/2658 2089/2904/2659 398/1302/1262
f 82/195/195 2085/205/205 2982/2905/2660 1890/2360/2250
f 2085/205/205 671/204/204 2092/2338/2234 2982/2905/2660
f 2982/2905/2660 2092/2338/2234 674/1314/1274 2088/1317/1277
f 1890/2360/2250 2982/2905/2660 2088/1317/1277 402/1305/1265
f 396/1304/1264 1435/1303/1263 2983/2906/2661 1441/2907/2662
f 1435/1303/1263 398/1302/1262 2089/2904/2659 2983/2906/2661
f 2983/2906/2661 2089/2904/2659 675/1334/1294 2093/1332/1292
f 1441/2907/2662 2983/2906/2661 2093/1332/1292 676/1318/1278
f 397/1325/1285 1432/1324/1284 2984/2908/2663 1436/2340/2236
f 1432/1324/1284 396/1304/1264 1441/2907/2662 2984/2908/2663
f 2984/2908/2663 1441/2907/2662 676/1318/1278 2094/1315/1275
f 1436/2340/2236 2984/2908/2663 2094/1315/1275 674/1314/1274
f 76/190/190 941/2909/2664 2985/2910/2665 935/191/191
f 941/2909/2664 673/209/209 2095/223/223 2985/2910/2665
f 2985/2910/2665 2095/223/223 672/225/225 2086/2902/2657
f 935/191/191 2985/2910/2665 2086/2902/2657 78/192/192
f 77/214/214 936/2336/2232 2986/2911/2666 932/215/215
f 936/2336/2232 671/204/204 2096/207/207 2986/2911/2666
f 2986/2911/2666 2096/207/207 673/209/209 941/2909/2664
f 932/215/215 2986/2911/2666 941/2909/2664 76/190/190
f 63/132/132 2098/2912/2667 2987/2913/2668 1876/2298/2202
f 2098/2912/2667 678/165/165 2103/2305/2209 2987/2913/2668
f 2987/2913/2668 2103/2305/2209 681/1274/1234 2101/2914/2669
f 1876/2298/2202 2987/2913/2668 2101/2914/2669 383/1242/1202
f 67/135/135 2097/145/145 2988/2915/2670 1879/2323/2221
f 2097/145/145 677/144/144 2104/2301/2205 2988/2915/2670
f 2988/2915/2670 2104/2301/2205 680/1254/1214 2100/1257/1217
f 1879/2323/2221 2988/2915/2670 2100/1257/1217 387/1245/1205
f 381/1244/1204 1408/1243/1203 2989/2916/2671 1414/2917/2672
f 1408/1243/1203 383/1242/1202 2101/2914/2669 2989/2916/2671
f 2989/2916/2671 2101/2914/2669 681/1274/1234 2105/1272/1232
f 1414/2917/2672 2989/2916/2671 2105/1272/1232 682/1258/1218
f 382/1265/1225 1405/1264/1224 2990/2918/2673 1409/2303/2207
f 1405/1264/1224 381/1244/1204 1414/2917/2672 2990/2918/2673
f 2990/2918/2673 1414/2917/2672 682/1258/1218 2106/1255/1215
f 1409/2303/2207 2990/2918/2673 2106/1255/1215 680/1254/1214
f 61/130/130 914/2919/2674 2991/2920/2675 908/131/131
f 914/2919/2674 679/149/149 2107/163/163 2991/2920/2675
f 2991/2920/2675 2107/163/163 678/165/165 2098/2912/2667
f 908/131/131 2991/2920/2675 2098/2912/2667 63/132/132
f 62/154/154 909/2299/2203 2992/2921/2676 905/155/155
f 909/2299/2203 677/144/144 2108/147/147 2992/2921/2676
f 2992/2921/2676 2108/147/147 679/149/149 914/2919/2674
f 905/155/155 2992/2921/2676 914/2919/2674 61/130/130
f 93/252/252 2110/2922/2677 2993/2923/2678 1898/2372/2260
f 2110/2922/2677 684/285/285 2115/2381/2267 2993/2923/2678
f 2993/2923/2678 2115/2381/2267 687/1394/1354 2113/2924/2679
f 1898/2372/2260 2993/2923/2678 2113/2924/2679 413/1362/1322
f 97/255/255 2109/265/265 2994/2925/2680 1901/2399/2279
f 2109/265/265 683/264/264 2116/2926/2263 2994/2925/2680
f 2994/2925/2680 2116/2926/2263 686/2927/1334 2112/2928/1337
f 1901/2399/2279 2994/2925/2680 2112/2928/1337 417/1365/1325
f 411/1364/1324 1462/1363/1323 2995/2929/2681 1468/2930/2682
f 1462/1363/1323 413/1362/1322 2113/2924/2679 2995/2929/2681
f 2995/2929/2681 2113/2924/2679 687/1394/1354 2117/1392/1352
f 1468/2930/2682 2995/2929/2681 2117/1392/1352 688/1378/1338
f 412/1385/1345 1459/1384/1344 2996/2931/2683 1463/2379/2265
f 1459/1384/1344 411/1364/1324 1468/2930/2682 2996/2931/2683
f 2996/2931/2683 1468/2930/2682 688/1378/1338 2118/1375/1335
f 1463/2379/2265 2996/2931/2683 2118/1375/1335 686/1374/1334
f 91/250/250 968/2932/2684 2997/2933/2685 962/251/251
f 968/2932/2684 685/269/269 2119/283/283 2997/2933/2685
f 2997/2933/2685 2119/283/283 684/285/285 2110/2922/2677
f 962/251/251 2997/2933/2685 2110/2922/2677 93/252/252
f 92/274/274 963/2374/2261 2998/2934/2686 959/275/275
f 963/2374/2261 683/264/264 2120/267/267 2998/2934/2686
f 2998/2934/2686 2120/267/267 685/269/269 968/2932/2684
f 959/275/275 2998/2934/2686 968/2932/2684 91/250/250
f 40/37/37 2122/2935/2687 2999/2936/2688 1860/2247/2160
f 2122/2935/2687 690/70/70 2127/2254/2167 2999/2936/2688
f 2999/2936/2688 2127/2254/2167 693/1179/1139 2125/2937/2689
f 1860/2247/2160 2999/2936/2688 2125/2937/2689 360/1147/1107
f 44/40/40 2121/50/50 3000/2938/2690 1863/2272/2179
f 2121/50/50 689/49/49 2128/2250/2163 3000/2938/2690
f 3000/2938/2690 2128/2250/2163 692/1159/1119 2124/1162/1122
f 1863/2272/2179 3000/2938/2690 2124/1162/1122 364/1150/1110
f 358/1149/1109 1366/1148/1108 3001/2939/2691 1372/2940/2692
f 1366/1148/1108 360/1147/1107 2125/2937/2689 3001/2939/2691
f 3001/2939/2691 2125/2937/2689 693/1179/1139 2129/1177/1137
f 1372/2940/2692 3001/2939/2691 2129/1177/1137 694/1163/1123
f 359/1170/1130 1363/1169/1129 3002/2941/2693 1367/2252/2165
f 1363/1169/1129 358/1149/1109 1372/2940/2692 3002/2941/2693
f 3002/2941/2693 1372/2940/2692 694/1163/1123 2130/1160/1120
f 1367/2252/2165 3002/2941/2693 2130/1160/1120 692/1159/1119
f 38/35/35 872/2942/2694 3003/2943/2695 866/36/36
f 872/2942/2694 691/54/54 2131/68/68 3003/2943/2695
f 3003/2943/2695 2131/68/68 690/70/70 2122/2935/2687
f 866/36/36 3003/2943/2695 2122/2935/2687 40/37/37
f 39/59/59 867/2248/2161 3004/2944/2696 863/60/60
f 867/2248/2161 689/49/49 2132/52/52 3004/2944/2696
f 3004/2944/2696 2132/52/52 691/54/54 872/2942/2694
f 863/60/60 3004/2944/2696 872/2942/2694 38/35/35
f 33/75/75 2135/72/72 3005/2945/2697 1855/2232/2149
f 2135/72/72 697/71/71 2145/2946/2698 3005/2945/2697
f 3005/2945/2697 2145/2946/2698 703/1181/1141 2141/1184/1144
f 1855/2232/2149 3005/2945/2697 2141/1184/1144 353/1186/1146
f 697/71/71 2136/2947/2699 3006/2948/2700 2145/2946/2698
f 2136/2947/2699 698/2281/2185 2146/2284/2188 3006/2948/2700
f 3006/2948/2700 2146/2284/2188 704/2287/2191 2142/2949/2701
f 2145/2946/2698 3006/2948/2700 2142/2949/2701 703/1181/1141
f 49/93/93 887/2950/2702 3007/2951/2703 1867/2289/2193
f 887/2950/2702 696/2952/2704 2147/2953/2705 3007/2951/2703
f 3007/2951/2703 2147/2953/2705 702/2954/2706 1387/2955/2707
f 1867/2289/2193 3007/2951/2703 1387/2955/2707 369/1204/1164
f 696/2952/2704 2134/2956/2708 3008/2957/2709 2147/2953/2705
f 2134/2956/2708 695/15/15 2148/2280/2184 3008/2957/2709
f 3008/2957/2709 2148/2280/2184 701/1124/1084 2140/2958/2710
f 2147/2953/2705 3008/2957/2709 2140/2958/2710 702/2954/2706
f 370/1199/1159 1390/1198/1158 3009/2959/2711 1388/2286/2190
f 1390/1198/1158 371/1197/1157 1389/2960/2712 3009/2959/2711
f 3009/2959/2711 1389/2960/2712 706/2961/2713 2149/2962/2714
f 1388/2286/2190 3009/2959/2711 2149/2962/2714 704/2287/2191
f 704/2287/2191 2149/2962/2714 3010/2963/2715 2142/2949/2701
f 2149/2962/2714 706/2961/2713 2144/2964/2716 3010/2963/2715
f 3010/2963/2715 2144/2964/2716 705/1120/1080 2150/1182/1142
f 2142/2949/2701 3010/2963/2715 2150/1182/1142 703/1181/1141
f 371/1197/1157 1391/1205/1165 3011/2965/2717 1389/2960/2712
f 1391/1205/1165 369/1204/1164 1387/2955/2707 3011/2965/2717
f 3011/2965/2717 1387/2955/2707 702/2954/2706 2151/2966/2718
f 1389/2960/2712 3011/2965/2717 2151/2966/2718 706/2961/2713
f 706/2961/2713 2151/2966/2718 3012/2967/2719 2144/2964/2716
f 2151/2966/2718 702/2954/2706 2140/2958/2710 3012/2967/2719
f 3012/2967/2719 2140/2958/2710 701/1124/1084 2152/1121/1081
f 2144/2964/2716 3012/2967/2719 2152/1121/1081 705/1120/1080
f 50/85/85 888/2282/2186 3013/2968/2720 890/86/86
f 888/2282/2186 698/2281/2185 2153/2969/2721 3013/2968/2720
f 3013/2968/2720 2153/2969/2721 700/2970/2722 889/2971/2723
f 890/86/86 3013/2968/2720 889/2971/2723 51/87/87
f 698/2281/2185 2136/2947/2699 3014/2972/2724 2153/2969/2721
f 2136/2947/2699 697/71/71 2154/74/74 3014/2972/2724
f 3014/2972/2724 2154/74/74 699/10/10 2138/2973/2725
f 2153/2969/2721 3014/2972/2724 2138/2973/2725 700/2970/2722
f 51/87/87 889/2971/2723 3015/2974/2726 891/92/92
f 889/2971/2723 700/2970/2722 2155/2975/2727 3015/2974/2726
f 3015/2974/2726 2155/2975/2727 696/2952/2704 887/2950/2702
f 891/92/92 3015/2974/2726 887/2950/2702 49/93/93
f 700/2970/2722 2138/2973/2725 3016/2976/2728 2155/2975/2727
f 2138/2973/2725 699/10/10 2156/13/13 3016/2976/2728
f 3016/2976/2728 2156/13/13 695/15/15 2134/2956/2708
f 2155/2975/2727 3016/2976/2728 2134/2956/2708 696/2952/2704
f 196/621/617 1127/628/622 3017/2977/2729 1974/2619/2441
f 1127/628/622 708/627/621 2163/2604/2432 3017/2977/2729
f 3017/2977/2729 2163/2604/2432 711/1738/1692 1627/1737/1691
f 1974/2619/2441 3017/2977/2729 1627/1737/1691 516/1734/1688
f 187/618/614 1126/2978/2730 3018/2979/2731 1967/2640/2459
f 1126/2978/2730 707/607/603 2164/2600/2428 3018/2979/2731
f 3018/2979/2731 2164/2600/2428 710/1717/1673 1626/2980/2732
f 1967/2640/2459 3018/2979/2731 1626/2980/2732 507/1727/1683
f 506/1704/1662 1631/2981/2733 3019/2982/2734 1625/1705/1663
f 1631/2981/2733 712/1722/1678 2165/1736/1690 3019/2982/2734
f 3019/2982/2734 2165/1736/1690 711/1738/1692 2161/2605/2433
f 1625/1705/1663 3019/2982/2734 2161/2605/2433 508/1706/1664
f 507/1727/1683 1626/2980/2732 3020/2983/2735 1622/1728/1684
f 1626/2980/2732 710/1717/1673 2166/1720/1676 3020/2983/2735
f 3020/2983/2735 2166/1720/1676 712/1722/1678 1631/2981/2733
f 1622/1728/1684 3020/2983/2735 1631/2981/2733 506/1704/1662
f 186/598/596 1125/597/595 3021/2984/2736 1131/2985/2737
f 1125/597/595 188/596/594 2158/2602/2430 3021/2984/2736
f 3021/2984/2736 2158/2602/2430 708/627/621 2167/625/619
f 1131/2985/2737 3021/2984/2736 2167/625/619 709/611/607
f 187/618/614 1122/617/613 3022/2986/2738 1126/2978/2730
f 1122/617/613 186/598/596 1131/2985/2737 3022/2986/2738
f 3022/2986/2738 1131/2985/2737 709/611/607 2168/608/604
f 1126/2978/2730 3022/2986/2738 2168/608/604 707/607/603
f 202/647/639 1144/2987/2739 3023/2988/2740 1978/2638/2457
f 1144/2987/2739 716/2989/2741 2181/2990/2742 3023/2988/2740
f 3023/2988/2740 2181/2990/2742 722/2991/2743 1644/2992/2744
f 1978/2638/2457 3023/2988/2740 1644/2992/2744 522/1753/1705
f 716/2989/2741 2172/2993/2745 3024/2994/2746 2181/2990/2742
f 2172/2993/2745 715/629/623 2182/2635/2454 3024/2994/2746
f 3024/2994/2746 2182/2635/2454 721/1739/1693 2178/2995/2747
f 2181/2990/2742 3024/2994/2746 2178/2995/2747 722/2991/2743
f 176/565/565 2169/574/572 3025/2996/2748 1960/2576/2410
f 2169/574/572 713/573/571 2183/2997/2749 3025/2996/2748
f 3025/2996/2748 2183/2997/2749 719/1684/1642 2175/1683/1641
f 1960/2576/2410 3025/2996/2748 2175/1683/1641 496/1678/1636
f 713/573/571 2170/2998/2750 3026/2999/2751 2183/2997/2749
f 2170/2998/2750 714/2627/2446 2184/2630/2449 3026/2999/2751
f 3026/2999/2751 2184/2630/2449 720/2633/2452 2176/3000/2752
f 2183/2997/2749 3026/2999/2751 2176/3000/2752 719/1684/1642
f 522/1753/1705 1644/2992/2744 3027/3001/2753 1646/1754/1706
f 1644/2992/2744 722/2991/2743 2185/3002/2754 3027/3001/2753
f 3027/3001/2753 2185/3002/2754 724/3003/2755 1645/3004/2756
f 1646/1754/1706 3027/3001/2753 1645/3004/2756 523/1755/1707
f 722/2991/2743 2178/2995/2747 3028/3005/2757 2185/3002/2754
f 2178/2995/2747 721/1739/1693 2186/1742/1696 3028/3005/2757
f 3028/3005/2757 2186/1742/1696 723/1679/1637 2180/3006/2758
f 2185/3002/2754 3028/3005/2757 2180/3006/2758 724/3003/2755
f 523/1755/1707 1645/3004/2756 3029/3007/2759 1647/1760/1712
f 1645/3004/2756 724/3003/2755 2187/3008/2760 3029/3007/2759
f 3029/3007/2759 2187/3008/2760 720/2633/2452 1643/2632/2451
f 1647/1760/1712 3029/3007/2759 1643/2632/2451 521/1761/1713
f 724/3003/2755 2180/3006/2758 3030/3009/2761 2187/3008/2760
f 2180/3006/2758 723/1679/1637 2188/1682/1640 3030/3009/2761
f 3030/3009/2761 2188/1682/1640 719/1684/1642 2176/3000/2752
f 2187/3008/2760 3030/3009/2761 2176/3000/2752 720/2633/2452
f 202/647/639 1146/646/638 3031/3010/2762 1144/2987/2739
f 1146/646/638 203/645/637 1145/3011/2763 3031/3010/2762
f 3031/3010/2762 1145/3011/2763 718/3012/2764 2189/3013/2765
f 1144/2987/2739 3031/3010/2762 2189/3013/2765 716/2989/2741
f 716/2989/2741 2189/3013/2765 3032/3014/2766 2172/2993/2745
f 2189/3013/2765 718/3012/2764 2174/3015/2767 3032/3014/2766
f 3032/3014/2766 2174/3015/2767 717/569/567 2190/630/624
f 2172/2993/2745 3032/3014/2766 2190/630/624 715/629/623
f 203/645/637 1147/653/645 3033/3016/2768 1145/3011/2763
f 1147/653/645 201/652/644 1143/2628/2447 3033/3016/2768
f 3033/3016/2768 1143/2628/2447 714/2627/2446 2191/3017/2769
f 1145/3011/2763 3033/3016/2768 2191/3017/2769 718/3012/2764
f 718/3012/2764 2191/3017/2769 3034/3018/2770 2174/3015/2767
f 2191/3017/2769 714/2627/2446 2170/2998/2750 3034/3018/2770
f 3034/3018/2770 2170/2998/2750 713/573/571 2192/570/568
f 2174/3015/2767 3034/3018/2770 2192/570/568 717/569/567
f 223/715/705 1166/722/710 3035/3019/2771 1992/2668/2481
f 1166/722/710 726/721/709 2199/2653/2472 3035/3019/2771
f 3035/3019/2771 2199/2653/2472 729/1832/1780 1666/1831/1779
f 1992/2668/2481 3035/3019/2771 1666/1831/1779 543/1828/1776
f 214/712/702 1165/3020/2772 3036/3021/2773 1985/2675/2486
f 1165/3020/2772 725/701/691 2200/2649/2468 3036/3021/2773
f 3036/3021/2773 2200/2649/2468 728/1811/1761 1665/3022/2774
f 1985/2675/2486 3036/3021/2773 1665/3022/2774 534/1821/1771
f 533/1798/1750 1670/3023/2775 3037/3024/2776 1664/1799/1751
f 1670/3023/2775 730/1816/1766 2201/1830/1778 3037/3024/2776
f 3037/3024/2776 2201/1830/1778 729/1832/1780 2197/2654/2473
f 1664/1799/1751 3037/3024/2776 2197/2654/2473 535/1800/1752
f 534/1821/1771 1665/3022/2774 3038/3025/2777 1661/1822/1772
f 1665/3022/2774 728/1811/1761 2202/1814/1764 3038/3025/2777
f 3038/3025/2777 2202/1814/1764 730/1816/1766 1670/3023/2775
f 1661/1822/1772 3038/3025/2777 1670/3023/2775 533/1798/1750
f 213/692/684 1164/691/683 3039/3026/2778 1170/3027/2779
f 1164/691/683 215/690/682 2194/2651/2470 3039/3026/2778
f 3039/3026/2778 2194/2651/2470 726/721/709 2203/719/707
f 1170/3027/2779 3039/3026/2778 2203/719/707 727/705/695
f 214/712/702 1161/711/701 3040/3028/2780 1165/3020/2772
f 1161/711/701 213/692/684 1170/3027/2779 3040/3028/2780
f 3040/3028/2780 1170/3027/2779 727/705/695 2204/702/692
f 1165/3020/2772 3040/3028/2780 2204/702/692 725/701/691
f 241/774/760 1191/781/765 3041/3029/2781 2005/2703/2508
f 1191/781/765 732/780/764 2211/2688/2499 3041/3029/2781
f 3041/3029/2781 2211/2688/2499 735/1891/1835 1691/1890/1834
f 2005/2703/2508 3041/3029/2781 1691/1890/1834 561/1887/1831
f 232/771/757 1190/3030/2782 3042/3031/2783 1998/2710/2513
f 1190/3030/2782 731/760/746 2212/2684/2495 3042/3031/2783
f 3042/3031/2783 2212/2684/2495 734/1870/1816 1690/3032/2784
f 1998/2710/2513 3042/3031/2783 1690/3032/2784 552/1880/1826
f 551/1857/1805 1695/3033/2785 3043/3034/2786 1689/1858/1806
f 1695/3033/2785 736/1875/1821 2213/1889/1833 3043/3034/2786
f 3043/3034/2786 2213/1889/1833 735/1891/1835 2209/2689/2500
f 1689/1858/1806 3043/3034/2786 2209/2689/2500 553/1859/1807
f 552/1880/1826 1690/3032/2784 3044/3035/2787 1686/1881/1827
f 1690/3032/2784 734/1870/1816 2214/1873/1819 3044/3035/2787
f 3044/3035/2787 2214/1873/1819 736/1875/1821 1695/3033/2785
f 1686/1881/1827 3044/3035/2787 1695/3033/2785 551/1857/1805
f 231/751/739 1189/750/738 3045/3036/2788 1195/3037/2789
f 1189/750/738 233/749/737 2206/2686/2497 3045/3036/2788
f 3045/3036/2788 2206/2686/2497 732/780/764 2215/778/762
f 1195/3037/2789 3045/3036/2788 2215/778/762 733/764/750
f 232/771/757 1186/770/756 3046/3038/2790 1190/3030/2782
f 1186/770/756 231/751/739 1195/3037/2789 3046/3038/2790
f 3046/3038/2790 1195/3037/2789 733/764/750 2216/761/747
f 1190/3030/2782 3046/3038/2790 2216/761/747 731/760/746
f 259/833/815 1216/840/820 3047/3039/2791 2018/2738/2535
f 1216/840/820 738/839/819 2223/2723/2526 3047/3039/2791
f 3047/3039/2791 2223/2723/2526 741/1950/1890 1716/1949/1889
f 2018/2738/2535 3047/3039/2791 1716/1949/1889 579/1946/1886
f 250/830/812 1215/3040/2792 3048/3041/2793 2011/2745/2540
f 1215/3040/2792 737/819/801 2224/2719/2522 3048/3041/2793
f 3048/3041/2793 2224/2719/2522 740/1929/1871 1715/3042/2794
f 2011/2745/2540 3048/3041/2793 1715/3042/2794 570/1939/1881
f 569/1916/1860 1720/3043/2795 3049/3044/2796 1714/1917/1861
f 1720/3043/2795 742/1934/1876 2225/1948/1888 3049/3044/2796
f 3049/3044/2796 2225/1948/1888 741/1950/1890 2221/2724/2527
f 1714/1917/1861 3049/3044/2796 2221/2724/2527 571/1918/1862
f 570/1939/1881 1715/3042/2794 3050/3045/2797 1711/1940/1882
f 1715/3042/2794 740/1929/1871 2226/1932/1874 3050/3045/2797
f 3050/3045/2797 2226/1932/1874 742/1934/1876 1720/3043/2795
f 1711/1940/1882 3050/3045/2797 1720/3043/2795 569/1916/1860
f 249/810/794 1214/809/793 3051/3046/2798 1220/3047/2799
f 1214/809/793 251/808/792 2218/2721/2524 3051/3046/2798
f 3051/3046/2798 2218/2721/2524 738/839/819 2227/837/817
f 1220/3047/2799 3051/3046/2798 2227/837/817 739/823/805
f 250/830/812 1211/829/811 3052/3048/2800 1215/3040/2792
f 1211/829/811 249/810/794 1220/3047/2799 3052/3048/2800
f 3052/3048/2800 1220/3047/2799 739/823/805 2228/820/802
f 1215/3040/2792 3052/3048/2800 2228/820/802 737/819/801
f 122/379/379 2231/385/385 3053/3049/2801 1919/2450/2317
f 2231/385/385 745/384/384 2235/2475/2334 3053/3049/2801
f 3053/3049/2801 2235/2475/2334 748/1494/1454 2234/1497/1457
f 1919/2450/2317 3053/3049/2801 2234/1497/1457 442/1489/1449
f 132/404/404 2229/3050/2802 3054/3051/2803 1927/2478/2337
f 2229/3050/2802 743/369/369 2236/2446/2313 3054/3051/2803
f 3054/3051/2803 2236/2446/2313 746/1475/1435 2232/3052/2804
f 1927/2478/2337 3054/3051/2803 2232/3052/2804 452/1514/1474
f 451/1511/1471 1535/1510/1470 3055/3053/2805 1533/2476/2335
f 1535/1510/1470 450/1509/1469 1532/3054/2806 3055/3053/2805
f 3055/3053/2805 1532/3054/2806 747/1471/1431 2237/1495/1455
f 1533/2476/2335 3055/3053/2805 2237/1495/1455 748/1494/1454
f 450/1509/1469 1536/1515/1475 3056/3055/2807 1532/3054/2806
f 1536/1515/1475 452/1514/1474 2232/3052/2804 3056/3055/2807
f 3056/3055/2807 2232/3052/2804 746/1475/1435 2238/1472/1432
f 1532/3054/2806 3056/3055/2807 2238/1472/1432 747/1471/1431
f 131/398/398 1033/2473/2332 3057/3056/2808 1035/399/399
f 1033/2473/2332 745/384/384 2239/387/387 3057/3056/2808
f 3057/3056/2808 2239/387/387 744/361/361 1032/3057/2809
f 1035/399/399 3057/3056/2808 1032/3057/2809 130/400/400
f 130/400/400 1032/3057/2809 3058/3058/2810 1036/403/403
f 1032/3057/2809 744/361/361 2240/364/364 3058/3058/2810
f 3058/3058/2810 2240/364/364 743/369/369 2229/3050/2802
f 1036/403/403 3058/3058/2810 2229/3050/2802 132/404/404
f 298/954/926 1279/3059/2811 3059/3060/2812 2046/2780/2567
f 1279/3059/2811 751/937/911 2247/2811/2590 3059/3060/2812
f 3059/3060/2812 2247/2811/2590 754/2047/1981 1779/3061/2813
f 2046/2780/2567 3059/3060/2812 1779/3061/2813 618/2061/1993
f 287/921/897 1263/920/896 3060/3062/2814 2038/2791/2578
f 1263/920/896 749/919/895 2248/2783/2570 3060/3062/2814
f 3060/3062/2814 2248/2783/2570 752/2033/1969 1763/2032/1968
f 2038/2791/2578 3060/3062/2814 1763/2032/1968 607/2031/1967
f 618/2061/1993 1779/3061/2813 3061/3063/2815 1781/2062/1994
f 1779/3061/2813 754/2047/1981 2249/2050/1984 3061/3063/2815
f 3061/3063/2815 2249/2050/1984 753/2025/1961 1778/3064/2816
f 1781/2062/1994 3061/3063/2815 1778/3064/2816 617/2063/1995
f 617/2063/1995 1778/3064/2816 3062/3065/2817 1782/2066/1998
f 1778/3064/2816 753/2025/1961 2250/2028/1964 3062/3065/2817
f 3062/3065/2817 2250/2028/1964 752/2033/1969 2244/2785/2572
f 1782/2066/1998 3062/3065/2817 2244/2785/2572 619/2067/1999
f 298/954/926 1281/953/925 3063/3066/2818 1279/3059/2811
f 1281/953/925 297/952/924 1278/3067/2819 3063/3066/2818
f 3063/3066/2818 1278/3067/2819 750/915/891 2251/938/912
f 1279/3059/2811 3063/3066/2818 2251/938/912 751/937/911
f 297/952/924 1282/958/930 3064/3068/2820 1278/3067/2819
f 1282/958/930 299/957/929 2241/2781/2568 3064/3068/2820
f 3064/3068/2820 2241/2781/2568 749/919/895 2252/916/892
f 1278/3067/2819 3064/3068/2820 2252/916/892 750/915/891
usemtl Purple
f 5/3069/2821 809/3070/2822 2337/3071/2823 803/3072/2824
f 809/3070/2822 1/3073/2825 804/3074/2826 2337/3071/2823
f 2337/3071/2823 804/3074/2826 7/3075/2827 808/3076/2828
f 803/3072/2824 2337/3071/2823 808/3076/2828 14/3077/2829
f 14/3077/2829 800/3078/2830 2338/3079/2831 803/3072/2824
f 800/3078/2830 12/3080/2832 802/3081/2833 2338/3079/2831
f 2338/3079/2831 802/3081/2833 4/3082/2834 797/3083/2835
f 803/3072/2824 2338/3079/2831 797/3083/2835 5/3069/2821
f 755/3084/2836 2253/3085/2837 2339/3086/2838 2336/3087/2839
f 2253/3085/2837 10/3088/2840 805/3089/2841 2339/3086/2838
f 2339/3086/2838 805/3089/2841 3/3090/2842 2260/3091/2843
f 2336/3087/2839 2339/3086/2838 2260/3091/2843 762/3092/2844
f 10/3088/2840 806/3093/2845 2340/3094/2846 805/3089/2841
f 806/3093/2845 9/3095/2847 801/3096/2848 2340/3094/2846
f 2340/3094/2846 801/3096/2848 2/3097/2849 807/3098/2850
f 805/3089/2841 2340/3094/2846 807/3098/2850 3/3090/2842
f 15/3099/2851 814/3100/2852 2341/3101/2853 818/3102/2854
f 814/3100/2852 14/3077/2829 808/3103/2828 2341/3101/2853
f 2341/3101/2853 808/3103/2828 7/3104/2827 815/3105/2855
f 818/3102/2854 2341/3101/2853 815/3105/2855 6/3106/2856
f 14/3077/2829 814/3100/2852 2342/3107/2857 800/3078/2830
f 814/3100/2852 15/3099/2851 810/3108/2858 2342/3107/2857
f 2342/3107/2857 810/3108/2858 13/3109/2859 813/3110/2860
f 800/3078/2830 2342/3107/2857 813/3110/2860 12/3080/2832
f 755/3084/2836 2329/3111/2861 2343/3112/2862 2253/3113/2837
f 2329/3111/2861 769/3114/2863 2267/3115/2864 2343/3112/2862
f 2343/3112/2862 2267/3115/2864 11/3116/2865 816/3117/2866
f 2253/3113/2837 2343/3112/2862 816/3117/2866 10/3118/2840
f 10/3088/2840 816/3119/2866 2344/3120/2867 806/3093/2845
f 816/3119/2866 11/3121/2865 817/3122/2868 2344/3120/2867
f 2344/3120/2867 817/3122/2868 8/3123/2869 812/3124/2870
f 806/3093/2845 2344/3120/2867 812/3124/2870 9/3095/2847
f 20/3125/2871 825/3126/2872 2345/3127/2873 831/3128/2874
f 825/3126/2872 29/3129/2875 830/3130/2876 2345/3127/2873
f 2345/3127/2873 830/3130/2876 22/3131/2877 826/3132/2878
f 831/3128/2874 2345/3127/2873 826/3132/2878 16/3133/2879
f 29/3129/2875 825/3126/2872 2346/3134/2880 822/3135/2881
f 825/3126/2872 20/3125/2871 819/3136/2882 2346/3134/2880
f 2346/3134/2880 819/3136/2882 19/3137/2883 824/3138/2884
f 822/3135/2881 2346/3134/2880 824/3138/2884 27/3139/2885
f 776/3140/2886 2322/3141/2887 2347/3142/2888 2274/3143/2889
f 2322/3141/2887 783/3144/2890 2281/3145/2891 2347/3142/2888
f 2347/3142/2888 2281/3145/2891 18/3146/2892 827/3147/2893
f 2274/3143/2889 2347/3142/2888 827/3147/2893 25/3148/2894
f 25/3149/2894 827/3150/2893 2348/3151/2895 828/3152/2896
f 827/3150/2893 18/3153/2892 829/3154/2897 2348/3151/2895
f 2348/3151/2895 829/3154/2897 17/3155/2898 823/3156/2899
f 828/3152/2896 2348/3151/2895 823/3156/2899 24/3157/2900
f 30/3158/2901 840/3159/2902 2349/3160/2903 836/3161/2904
f 840/3159/2902 21/3162/2905 837/3163/2906 2349/3160/2903
f 2349/3160/2903 837/3163/2906 22/3164/2877 830/3165/2876
f 836/3161/2904 2349/3160/2903 830/3165/2876 29/3129/2875
f 29/3129/2875 822/3135/2881 2350/3166/2907 836/3161/2904
f 822/3135/2881 27/3139/2885 835/3167/2908 2350/3166/2907
f 2350/3166/2907 835/3167/2908 28/3168/2909 832/3169/2910
f 836/3161/2904 2350/3166/2907 832/3169/2910 30/3158/2901
f 776/3140/2886 2274/3170/2889 2351/3171/2911 2315/3172/2912
f 2274/3170/2889 25/3149/2894 838/3173/2913 2351/3171/2911
f 2351/3171/2911 838/3173/2913 26/3174/2914 2288/3175/2915
f 2315/3172/2912 2351/3171/2911 2288/3175/2915 790/3176/2916
f 25/3149/2894 828/3152/2896 2352/3177/2917 838/3173/2913
f 828/3152/2896 24/3157/2900 834/3178/2918 2352/3177/2917
f 2352/3177/2917 834/3178/2918 23/3179/2919 839/3180/2920
f 838/3173/2913 2352/3177/2917 839/3180/2920 26/3174/2914
f 5/3069/2821 797/3083/2835 2353/3181/2921 845/3182/2922
f 797/3083/2835 4/3082/2834 844/3183/2923 2353/3181/2921
f 2353/3181/2921 844/3183/2923 19/3137/2883 819/3136/2882
f 845/3182/2922 2353/3181/2921 819/3136/2882 20/3125/2871
f 762/3092/2844 2260/3091/2843 2354/3184/2924 2308/3185/2925
f 2260/3091/2843 3/3090/2842 843/3186/2926 2354/3184/2924
f 2354/3184/2924 843/3186/2926 18/3153/2892 2281/3187/2891
f 2308/3185/2925 2354/3184/2924 2281/3187/2891 783/3144/2890
f 2/3097/2849 801/3096/2848 2355/3188/2927 842/3189/2928
f 801/3096/2848 9/3095/2847 849/3190/2929 2355/3188/2927
f 2355/3188/2927 849/3190/2929 24/3157/2900 823/3156/2899
f 842/3189/2928 2355/3188/2927 823/3156/2899 17/3155/2898
f 7/3075/2827 804/3074/2826 2356/3191/2930 847/3192/2931
f 804/3074/2826 1/3073/2825 841/3193/2932 2356/3191/2930
f 2356/3191/2930 841/3193/2932 16/3194/2879 826/3195/2878
f 847/3192/2931 2356/3191/2930 826/3195/2878 22/3164/2877
f 3/3090/2842 807/3098/2850 2357/3196/2933 843/3186/2926
f 807/3098/2850 2/3097/2849 842/3189/2928 2357/3196/2933
f 2357/3196/2933 842/3189/2928 17/3155/2898 829/3154/2897
f 843/3186/2926 2357/3196/2933 829/3154/2897 18/3153/2892
f 1/3073/2825 809/3070/2822 2358/3197/2934 841/3193/2932
f 809/3070/2822 5/3069/2821 845/3182/2922 2358/3197/2934
f 2358/3197/2934 845/3182/2922 20/3125/2871 831/3198/2874
f 841/3193/2932 2358/3197/2934 831/3198/2874 16/3194/2879
f 13/3109/2859 810/3108/2858 2359/3199/2935 851/3200/2936
f 810/3108/2858 15/3099/2851 852/3201/2937 2359/3199/2935
f 2359/3199/2935 852/3201/2937 30/3158/2901 832/3169/2910
f 851/3200/2936 2359/3199/2935 832/3169/2910 28/3168/2909
f 775/3202/2938 811/3203/2939 2360/3204/2940 2301/3205/2941
f 811/3203/2939 13/3109/2859 851/3200/2936 2360/3204/2940
f 2360/3204/2940 851/3200/2936 28/3168/2909 833/3206/2942
f 2301/3205/2941 2360/3204/2940 833/3206/2942 796/3207/2943
f 9/3095/2847 812/3124/2870 2361/3208/2944 849/3190/2929
f 812/3124/2870 8/3123/2869 848/3209/2945 2361/3208/2944
f 2361/3208/2944 848/3209/2945 23/3179/2919 834/3178/2918
f 849/3190/2929 2361/3208/2944 834/3178/2918 24/3157/2900
f 6/3210/2856 815/3211/2855 2362/3212/2946 846/3213/2947
f 815/3211/2855 7/3075/2827 847/3192/2931 2362/3212/2946
f 2362/3212/2946 847/3192/2931 22/3164/2877 837/3163/2906
f 846/3213/2947 2362/3212/2946 837/3163/2906 21/3162/2905
f 8/3123/2869 817/3122/2868 2363/3214/2948 848/3209/2945
f 817/3122/2868 11/3121/2865 850/3215/2949 2363/3214/2948
f 2363/3214/2948 850/3215/2949 26/3174/2914 839/3180/2920
f 848/3209/2945 2363/3214/2948 839/3180/2920 23/3179/2919
f 15/3099/2851 818/3216/2854 2364/3217/2950 852/3201/2937
f 818/3216/2854 6/3210/2856 846/3213/2947 2364/3217/2950
f 2364/3217/2950 846/3213/2947 21/3162/2905 840/3159/2902
f 852/3201/2937 2364/3217/2950 840/3159/2902 30/3158/2901
f 11/3121/2865 2267/3218/2864 3065/3219/2951 850/3215/2949
f 2267/3218/2864 769/3114/2863 2295/3220/2952 3065/3219/2951
f 3065/3219/2951 2295/3220/2952 790/3176/2916 2288/3175/2915
f 850/3215/2949 3065/3219/2951 2288/3175/2915 26/3174/2914
f 769/3114/2863 2268/3221/2953 3066/3222/2954 2295/3220/2952
f 2268/3221/2953 770/3223/2955 2296/3224/2956 3066/3222/2954
f 3066/3222/2954 2296/3224/2956 791/3225/2957 2289/3226/2958
f 2295/3220/2952 3066/3222/2954 2289/3226/2958 790/3176/2916
f 770/3223/2955 2269/3227/2959 3067/3228/2960 2296/3224/2956
f 2269/3227/2959 771/3229/2961 2297/3230/2962 3067/3228/2960
f 3067/3228/2960 2297/3230/2962 792/3231/2963 2290/3232/2964
f 2296/3224/2956 3067/3228/2960 2290/3232/2964 791/3225/2957
f 771/3229/2961 2270/3233/2965 3068/3234/2966 2297/3230/2962
f 2270/3233/2965 772/3235/2967 2298/3236/2968 3068/3234/2966
f 3068/3234/2966 2298/3236/2968 793/3237/2969 2291/3238/2970
f 2297/3230/2962 3068/3234/2966 2291/3238/2970 792/3231/2963
f 772/3235/2967 2271/3239/2971 3069/3240/2968 2298/3236/2968
f 2271/3239/2971 773/3241/2972 2299/3242/2973 3069/3240/2968
f 3069/3240/2968 2299/3242/2973 794/3243/2974 2292/3244/2975
f 2298/3236/2968 3069/3240/2968 2292/3244/2975 793/3237/2969
f 773/3241/2972 2272/3245/2976 3070/3246/2977 2299/3242/2973
f 2272/3245/2976 774/3247/2978 2300/3248/2979 3070/3246/2977
f 3070/3246/2977 2300/3248/2979 795/3249/2980 2293/3250/2981
f 2299/3242/2973 3070/3246/2977 2293/3250/2981 794/3243/2974
f 774/3251/2978 2273/3252/2982 3071/3253/2983 2300/3254/2979
f 2273/3252/2982 775/3255/2938 2301/3256/2941 3071/3253/2983
f 3071/3253/2983 2301/3256/2941 796/3257/2943 2294/3258/2984
f 2300/3254/2979 3071/3253/2983 2294/3258/2984 795/3259/2980
f 4/3082/2834 799/3260/2985 3072/3261/2986 844/3183/2923
f 799/3260/2985 768/3262/2987 2302/3263/2988 3072/3261/2986
f 3072/3261/2986 2302/3263/2988 789/3264/2989 821/3265/2990
f 844/3183/2923 3072/3261/2986 821/3265/2990 19/3137/2883
f 768/3266/2987 2266/3267/2991 3073/3268/2992 2302/3269/2988
f 2266/3267/2991 767/3270/2993 2303/3271/2994 3073/3268/2992
f 3073/3268/2992 2303/3271/2994 788/3272/2995 2287/3273/2996
f 2302/3269/2988 3073/3268/2992 2287/3273/2996 789/3274/2989
f 767/3275/2993 2265/3276/2997 3074/3277/2998 2303/3278/2994
f 2265/3276/2997 766/3279/2999 2304/3280/3000 3074/3277/2998
f 3074/3277/2998 2304/3280/3000 787/3281/3001 2286/3282/3002
f 2303/3278/2994 3074/3277/2998 2286/3282/3002 788/3283/2995
f 766/3279/2999 2264/3284/3003 3075/3285/3004 2304/3280/3000
f 2264/3284/3003 765/3286/3005 2305/3287/3004 3075/3285/3004
f 3075/3285/3004 2305/3287/3004 786/3288/3006 2285/3289/3007
f 2304/3280/3000 3075/3285/3004 2285/3289/3007 787/3281/3001
f 765/3286/3005 2263/3290/3008 3076/3291/3009 2305/3287/3004
f 2263/3290/3008 764/3292/3010 2306/3293/3011 3076/3291/3009
f 3076/3291/3009 2306/3293/3011 785/3294/3012 2284/3295/3013
f 2305/3287/3004 3076/3291/3009 2284/3295/3013 786/3288/3006
f 764/3292/3010 2262/3296/3014 3077/3297/3015 2306/3293/3011
f 2262/3296/3014 763/3298/3016 2307/3299/3017 3077/3297/3015
f 3077/3297/3015 2307/3299/3017 784/3300/3018 2283/3301/3019
f 2306/3293/3011 3077/3297/3015 2283/3301/3019 785/3294/3012
f 763/3298/3016 2261/3302/3020 3078/3303/3021 2307/3299/3017
f 2261/3302/3020 762/3092/2844 2308/3185/2925 3078/3303/3021
f 3078/3303/3021 2308/3185/2925 783/3144/2890 2282/3304/3022
f 2307/3299/3017 3078/3303/3021 2282/3304/3022 784/3300/3018
f 27/3139/2885 820/3305/3023 3079/3306/3024 835/3167/2908
f 820/3305/3023 782/3307/3025 2309/3308/3026 3079/3306/3024
f 3079/3306/3024 2309/3308/3026 796/3207/2943 833/3206/2942
f 835/3167/2908 3079/3306/3024 833/3206/2942 28/3168/2909
f 782/3307/3025 2280/3309/3027 3080/3310/3028 2309/3308/3026
f 2280/3309/3027 781/3311/3029 2310/3312/3030 3080/3310/3028
f 3080/3310/3028 2310/3312/3030 795/3249/2980 2294/3258/2984
f 2309/3308/3026 3080/3310/3028 2294/3258/2984 796/3207/2943
f 781/3311/3029 2279/3313/3031 3081/3314/3032 2310/3312/3030
f 2279/3313/3031 780/3315/3033 2311/3316/3034 3081/3314/3032
f 3081/3314/3032 2311/3316/3034 794/3243/2974 2293/3250/2981
f 2310/3312/3030 3081/3314/3032 2293/3250/2981 795/3249/2980
f 780/3315/3033 2278/3317/3035 3082/3318/3036 2311/3316/3034
f 2278/3317/3035 779/3319/3037 2312/3320/3038 3082/3318/3036
f 3082/3318/3036 2312/3320/3038 793/3237/2969 2292/3244/2975
f 2311/3316/3034 3082/3318/3036 2292/3244/2975 794/3243/2974
f 779/3319/3037 2277/3321/3039 3083/3322/3040 2312/3320/3038
f 2277/3321/3039 778/3323/3041 2313/3324/3042 3083/3322/3040
f 3083/3322/3040 2313/3324/3042 792/3231/2963 2291/3238/2970
f 2312/3320/3038 3083/3322/3040 2291/3238/2970 793/3237/2969
f 778/3323/3041 2276/3325/3043 3084/3326/3044 2313/3324/3042
f 2276/3325/3043 777/3327/3045 2314/3328/3046 3084/3326/3044
f 3084/3326/3044 2314/3328/3046 791/3225/2957 2290/3232/2964
f 2313/3324/3042 3084/3326/3044 2290/3232/2964 792/3231/2963
f 777/3327/3045 2275/3329/3047 3085/3330/3048 2314/3328/3046
f 2275/3329/3047 776/3140/2886 2315/3172/2912 3085/3330/3048
f 3085/3330/3048 2315/3172/2912 790/3176/2916 2289/3226/2958
f 2314/3328/3046 3085/3330/3048 2289/3226/2958 791/3225/2957
f 27/3139/2885 824/3138/2884 3086/3331/3049 820/3305/3023
f 824/3138/2884 19/3137/2883 821/3332/2990 3086/3331/3049
f 3086/3331/3049 821/3332/2990 789/3274/2989 2316/3333/3050
f 820/3305/3023 3086/3331/3049 2316/3333/3050 782/3307/3025
f 782/3307/3025 2316/3333/3050 3087/3334/3051 2280/3309/3027
f 2316/3333/3050 789/3274/2989 2287/3273/2996 3087/3334/3051
f 3087/3334/3051 2287/3273/2996 788/3272/2995 2317/3335/3052
f 2280/3309/3027 3087/3334/3051 2317/3335/3052 781/3311/3029
f 781/3311/3029 2317/3335/3052 3088/3336/3053 2279/3313/3031
f 2317/3335/3052 788/3272/2995 2286/3337/3002 3088/3336/3053
f 3088/3336/3053 2286/3337/3002 787/3281/3001 2318/3338/3054
f 2279/3313/3031 3088/3336/3053 2318/3338/3054 780/3315/3033
f 780/3315/3033 2318/3338/3054 3089/3339/3055 2278/3317/3035
f 2318/3338/3054 787/3281/3001 2285/3289/3007 3089/3339/3055
f 3089/3339/3055 2285/3289/3007 786/3288/3006 2319/3340/3056
f 2278/3317/3035 3089/3339/3055 2319/3340/3056 779/3319/3037
f 779/3319/3037 2319/3340/3056 3090/3341/3057 2277/3321/3039
f 2319/3340/3056 786/3288/3006 2284/3295/3013 3090/3341/3057
f 3090/3341/3057 2284/3295/3013 785/3294/3012 2320/3342/3058
f 2277/3321/3039 3090/3341/3057 2320/3342/3058 778/3323/3041
f 778/3323/3041 2320/3342/3058 3091/3343/3059 2276/3325/3043
f 2320/3342/3058 785/3294/3012 2283/3301/3019 3091/3343/3059
f 3091/3343/3059 2283/3301/3019 784/3300/3018 2321/3344/3060
f 2276/3325/3043 3091/3343/3059 2321/3344/3060 777/3327/3045
f 777/3327/3045 2321/3344/3060 3092/3345/3061 2275/3329/3047
f 2321/3344/3060 784/3300/3018 2282/3304/3022 3092/3345/3061
f 3092/3345/3061 2282/3304/3022 783/3144/2890 2322/3141/2887
f 2275/3329/3047 3092/3345/3061 2322/3141/2887 776/3140/2886
f 12/3080/2832 813/3110/2860 3093/3346/3062 798/3347/3063
f 813/3110/2860 13/3109/2859 811/3348/2939 3093/3346/3062
f 3093/3346/3062 811/3348/2939 775/3255/2938 2323/3349/3064
f 798/3347/3063 3093/3346/3062 2323/3349/3064 761/3350/3065
f 761/3350/3065 2323/3349/3064 3094/3351/3066 2259/3352/3067
f 2323/3349/3064 775/3255/2938 2273/3252/2982 3094/3351/3066
f 3094/3351/3066 2273/3252/2982 774/3251/2978 2324/3353/3068
f 2259/3352/3067 3094/3351/3066 2324/3353/3068 760/3354/3069
f 760/3354/3069 2324/3353/3068 3095/3355/3070 2258/3356/3071
f 2324/3353/3068 774/3251/2978 2272/3357/2976 3095/3355/3070
f 3095/3355/3070 2272/3357/2976 773/3241/2972 2325/3358/3072
f 2258/3356/3071 3095/3355/3070 2325/3358/3072 759/3359/3073
f 759/3359/3073 2325/3358/3072 3096/3360/3074 2257/3361/3075
f 2325/3358/3072 773/3241/2972 2271/3239/2971 3096/3360/3074
f 3096/3360/3074 2271/3239/2971 772/3235/2967 2326/3362/3076
f 2257/3361/3075 3096/3360/3074 2326/3362/3076 758/3363/3077
f 758/3363/3077 2326/3362/3076 3097/3364/3078 2256/3365/3079
f 2326/3362/3076 772/3235/2967 2270/3233/2965 3097/3364/3078
f 3097/3364/3078 2270/3233/2965 771/3229/2961 2327/3366/3080
f 2256/3365/3079 3097/3364/3078 2327/3366/3080 757/3367/3081
f 757/3367/3081 2327/3366/3080 3098/3368/3082 2255/3369/3083
f 2327/3366/3080 771/3229/2961 2269/3227/2959 3098/3368/3082
f 3098/3368/3082 2269/3227/2959 770/3223/2955 2328/3370/3084
f 2255/3369/3083 3098/3368/3082 2328/3370/3084 756/3371/3085
f 756/3371/3085 2328/3370/3084 3099/3372/3086 2254/3373/3087
f 2328/3370/3084 770/3223/2955 2268/3221/2953 3099/3372/3086
f 3099/3372/3086 2268/3221/2953 769/3114/2863 2329/3111/2861
f 2254/3373/3087 3099/3372/3086 2329/3111/2861 755/3084/2836
f 12/3080/2832 798/3347/3063 3100/3374/3088 802/3081/2833
f 798/3347/3063 761/3350/3065 2330/3375/3089 3100/3374/3088
f 3100/3374/3088 2330/3375/3089 768/3262/2987 799/3260/2985
f 802/3081/2833 3100/3374/3088 799/3260/2985 4/3082/2834
f 761/3350/3065 2259/3352/3067 3101/3376/3090 2330/3375/3089
f 2259/3352/3067 760/3354/3069 2331/3377/3091 3101/3376/3090
f 3101/3376/3090 2331/3377/3091 767/3275/2993 2266/3267/2991
f 2330/3375/3089 3101/3376/3090 2266/3267/2991 768/3262/2987
f 760/3354/3069 2258/3356/3071 3102/3378/3092 2331/3377/3091
f 2258/3356/3071 759/3359/3073 2332/3379/3093 3102/3378/3092
f 3102/3378/3092 2332/3379/3093 766/3279/2999 2265/3276/2997
f 2331/3377/3091 3102/3378/3092 2265/3276/2997 767/3275/2993
f 759/3359/3073 2257/3361/3075 3103/3380/3094 2332/3379/3093
f 2257/3361/3075 758/3363/3077 2333/3381/3095 3103/3380/3094
f 3103/3380/3094 2333/3381/3095 765/3286/3005 2264/3284/3003
f 2332/3379/3093 3103/3380/3094 2264/3284/3003 766/3279/2999
f 758/3363/3077 2256/3365/3079 3104/3382/3096 2333/3381/3095
f 2256/3365/3079 757/3367/3081 2334/3383/3097 3104/3382/3096
f 3104/3382/3096 2334/3383/3097 764/3292/3010 2263/3290/3008
f 2333/3381/3095 3104/3382/3096 2263/3290/3008 765/3286/3005
f 757/3367/3081 2255/3369/3083 3105/3384/3098 2334/3383/3097
f 2255/3369/3083 756/3371/3085 2335/3385/3099 3105/3384/3098
f 3105/3384/3098 2335/3385/3099 763/3298/3016 2262/3296/3014
f 2334/3383/3097 3105/3384/3098 2262/3296/3014 764/3292/3010
f 756/3371/3085 2254/3373/3087 3106/3386/3100 2335/3385/3099
f 2254/3373/3087 755/3084/2836 2336/3087/2839 3106/3386/3100
f 3106/3386/3100 2336/3087/2839 762/3092/2844 2261/3302/3020
f 2335/3385/3099 3106/3386/3100 2261/3302/3020 763/3298/3016
